,Unnamed: 0,Year,TA No,DMC,Project Name,Type of TA,Type of Cofg,Type of Agreement,Sector,Source Type,Donor Type,Coft Amt,Source,Cofr Approval,ADB Approval,with empty
0,908,2007,4381,INO,Integrated Citarum Water Resources Management Project (IWRMP),PPTA,J,C,Agriculture and Natural Resources,Bilateral,Single Donor,250.00,SPA,,17-Sep-2007,True
1,909,2007,4629,PRC,Integrated Ecosys Mgt & Environmental Protection of the Baiyangdian Lake,PPTA,E,PS,Agriculture and Natural Resources,Global Fund,Multidonor,207.00,GEF,,23-Mar-2007,True
2,910,2007,4721,PRC,Shaanxi-Qinling Mountain Integrated Ecosystem Mgt ,PPTA,E,PS,Agriculture and Natural Resources,Global Fund,Multidonor,280.00,GEF,,11-Jun-2007,True
3,911,2007,4798,PNG,Demographic & Health Surveys,ADTA,E,PS,Health and Social Protection,Multilateral,Multidonor,213.52,UNICEF,,30-Aug-2007,True
4,912,2007,4819,PRC,Preparing the Energy Conservation & Resource Mgt,PPTA,E,C,Energy,Bilateral,Single Donor,320.00,Canada-Climate,,28-Sep-2007,True
5,913,2007,4862,VIE,Ho Chi Minh City Metro Rail System Project,PPTA,E,PS,Transport and ICT,Multilateral,Multidonor,200.00,PPIAF,,12-Oct-2007,True
6,914,2007,4922,PAK,Support to Governance Reforms,ADTA,E,PS,Public Sector Management,Bilateral,Single Donor,"11,500.00",UKG,,07-Mar-2007,True
7,915,2007,4933,PRC,Facility for Policy Reform & Poverty Reduction,ADTA,J,C,Multisector,Multi-Donor Trust Fund,Multidonor,65.00,PRF,,28-May-2007,True
8,916,2007,4935,PRC,Gansu Rural Clean Energy Devt Project,ADTA,E,C,Energy,Bilateral,Single Donor,800.00,Denmark-Energy 2,,01-Jun-2007,True
10,918,2007,4942,TIM,Infrastructure Project Mgt,ADTA,J,C,Multisector,Bilateral,Single Donor,"12,000.00",AUS,,21-Jun-2007,True
11,919,2007,4943,PAK,Cap Bldg for Institutions Related to Earthquake Reconstruction & Rehab,ADTA,E,C,Multisector,Special Fund,ADB,"2,000.00",PEqF,,27-Jun-2007,True
12,920,2007,4964,AFG,Support for Economic Policy Mgt,ADTA,J,PS,Public Sector Management,Bilateral,Single Donor,800.00,AUS,,04-Sep-2007,True
13,921,2007,4964,AFG,Support for Economic Policy Mgt,ADTA,J,PS,Public Sector Management,Bilateral,Single Donor,900.00,DEN,,04-Sep-2007,True
14,922,2007,4966,VIE,Capacity Bldg on Environmental Mgt of the Power Sector,ADTA,E,C,Energy,Bilateral,Single Donor,600.00,FRA-AFD GMS Fund,,10-Sep-2007,True
15,923,2007,4971,PRC,Songhua River Basin Water Pollution Control & Mgt Project,PPTA,J,C,Water and Other Municipal Infrastructure and Services,Multi-Donor Trust Fund,Multidonor,196.00,CFWS,,28-Sep-2007,True
16,924,2007,4972,NEP,"Improved Water Quality, Sanitation & Service Delivery in Emerging Towns Sector Devt",PPTA,J,C,Water and Other Municipal Infrastructure and Services,Bilateral,Single Donor,120.00,NET-WFPF,,28-Sep-2007,True
17,925,2007,4976,VIE,Thanh Hoa City Comprehensive Socioeconomic Devt Project,PPTA,J,C,Water and Other Municipal Infrastructure and Services,Bilateral,Single Donor,200.00,SPA,,01-Oct-2007,True
19,927,2007,4983,BAN,Supporting Good Governance Program,ADTA,J,PS,Public Sector Management,Bilateral,Single Donor,"1,000.00",DEN,,30-Oct-2007,True
20,928,2007,4985,NEP,West Seti Hydroelectric Project,PPTA,E,C,Energy,Special Fund,ADB,300.00,RCIF,,05-Nov-2007,True
22,930,2007,4994,SAM,Implementing the Samoa National Energy Policy,ADTA,J,C,Energy,Bilateral,Single Donor,350.00,Second Finnish Technical Assistance Grant Fund,,21-Nov-2007,True
23,931,2007,4994,SAM,Implementing the Samoa National Energy Policy,ADTA,J,PS,Energy,Bilateral,Single Donor,900.00,AUS,,21-Nov-2007,True
25,933,2007,4999,CAM,Financial Sector Program II Implementation,ADTA,J,C,Finance,Multi-Donor Trust Fund,Multidonor,450.00,FSDPF,,06-Dec-2007,True
26,934,2007,6113,REG,Making Markets Work Better for the Poor,RETA,E,PS,Public Sector Management,Bilateral,Single Donor,282.50,UKG,,11-May-2007,True
28,936,2007,6144,REG,Better Air Quality Mgt in Asia,RETA,E,PS,Water and Other Municipal Infrastructure and Services,Private Sector,Multidonor,75.00,Private Sector,,26-Aug-2007,True
29,937,2007,6245,REG,Strengthening Pro-Poor Policy in the Pacific,RETA,E,C,Public Sector Management,Bilateral,Single Donor,200.00,AUS,,30-Apr-2007,True
30,938,2007,6262,REG,Enhancing the Devt Effectiveness of the GMS Economic Cooperations Program,RETA,J,C,Industry and Trade,Bilateral,Single Donor,500.00,PRC-PR Fund,,18-Sep-2007,True
31,939,2007,6262,REG,Enhancing the Devt Effectiveness of the GMS Economic Cooperations Program,RETA,J,C,Industry and Trade,Special Fund,ADB,450.00,RCIF,,18-Sep-2007,True
32,940,2007,6278,REG,Innovative Info & Comm Technology in Educ & Its Potential for Reducing Poverty in Asia & Pacific,RETA,E,PS,Education,Special Fund,ADB,120.00,ADBI,,30-Aug-2007,True
33,941,2007,6285,REG,Strengthening Country Safeguard Systems ,RETA,E,C,Public Sector Management,Multi-Donor Trust Fund,Multidonor,100.00,CFWS,,22-Feb-2007,True
34,942,2007,6293,REG,Managing the Cities in Asia,RETA,E,PS,Water and Other Municipal Infrastructure and Services,Bilateral,Single Donor,"5,000.00",SWE,,12-Dec-2007,True
35,943,2007,6313,REG,Prevention & Control of Avian Influenza in Asia & Pacific ,RETA,E,PS,Health and Social Protection,Bilateral,Single Donor,"4,222.00",CAN,,05-Mar-2007,True
36,944,2007,6324,REG,Expansion of Subregional Coop in the Agri Sector in the GMS,RETA,E,PS,Agriculture and Natural Resources,Multilateral,Multidonor,200.00,IFAD,,30-Aug-2007,True
37,945,2007,6325,REG,Promoting Effective Water Mgt Policies and Practices 5 ,RETA,E,C,Water and Other Municipal Infrastructure and Services,Multi-Donor Trust Fund,Multidonor,"1,200.00",CFWS,,16-Apr-2007,True
38,946,2007,6384,REG,SSTA for Establishing a Renewable Energy & GHG Mitigation Investment Fund,RETA,E,C,Energy,Bilateral,Single Donor,150.00,Canada-Climate,,15-Jan-2007,True
39,947,2007,6386,REG,Cap Bldg for Sustainable Investment & Governance in the Pensions Industry,RETA,E,C,Finance,Bilateral,Single Donor,210.00,Swiss Cooperation Fund for Consulting Services,,06-Mar-2007,True
40,948,2007,6389,REG,Central Asia Reg Economic Coop Members Electricity Regulators Forum,RETA,E,C,Energy,Bilateral,Single Donor,500.00,PRC-PR Fund,,26-Mar-2007,True
41,949,2007,6390,REG,Transboundary Animal Disease Control for Poverty Redn in the GMS,RETA,J,C,Agriculture and Natural Resources,Bilateral,Single Donor,300.00,PRC-PR Fund,,27-Mar-2007,True
42,950,2007,6408,REG,Support for CIQS Harmonization in BIMP EAGA,RETA,E,C,Industry and Trade,Multi-Donor Trust Fund,Multidonor,600.00,RTFSI,,20-Aug-2007,True
43,951,2007,6409,REG,"Strengthening Central Asia Reg Economic Coop, 2007-2009",RETA,J,C,Public Sector Management,Bilateral,Single Donor,500.00,PRC-PR Fund,,27-Aug-2007,True
44,952,2007,6410,REG,Capacity Devt for Monitoring & Evaluation,RETA,E,C,Public Sector Management,Bilateral,Single Donor,500.00,PRC-PR Fund,,03-Sep-2007,True
45,953,2007,6412,REG,Public Policy Training Program 2007-2010,RETA,E,C,Public Sector Management,Bilateral,Single Donor,"17,800.00",JFPPT,,13-Sep-2007,True
46,954,2007,6413,REG,Strengthening Human Resource Devt Cooperation in the GMS,RETA,E,C,Multisector,Bilateral,Single Donor,22.00,PRC-PR Fund,,07-Nov-2007,True
48,956,2007,6420,REG,Promoting Climate Change Adaptation in Asia and the Pacific,RETA,J,PS,Agriculture and Natural Resources,Bilateral,Single Donor,"2,800.00",UKG,,21-Nov-2007,True
49,957,2007,6422,REG,Mainstreaming Environment for Poverty Reduction,RETA,E,C,Public Sector Management,Multi-Donor Trust Fund,Multidonor,"2,850.00",PEF,,29-Nov-2007,True
51,959,2007,6427,REG,A Regional Review of the Economics of Climate Change in Southeast Asia,RETA,E,PS,Public Sector Management,Bilateral,Single Donor,904.20,UKG,,10-Dec-2007,True
52,960,2007,6431,REG,Promoting Rural Women's Entrepreneurship in Transition Economies,RETA,E,C,Public Sector Management,Multi-Donor Trust Fund,Multidonor,600.00,GDCF,,12-Dec-2007,True
53,961,2007,6432,REG,Private Sector-led Integration and Free Trade Agreements in South Asia,RETA,E,C,Industry and Trade,Special Fund,ADB,750.00,RCIF,,11-Dec-2007,True
54,962,2007,6433,REG,SASEC Regional Information & Communication Technology Research & Training Network ,RETA,E,C,Transport and ICT,Special Fund,ADB,"4,400.00",RCIF,,17-Dec-2007,True
55,963,2007,6438,REG,Implementation of the Technical Support Facility under the CMI,R-RDTA,J,C,Energy,Bilateral,Single Donor,300.00,SWI,,18-Dec-2007,True
56,964,2007,6438,REG,Implementation of the Technical Support Facility under the CMI,R-RDTA,J,PS,Energy,Bilateral,Single Donor,725.00,LUX,,18-Dec-2007,True
57,965,2007,6438,REG,Implementation of the Technical Support Facility under the CMI,R-RDTA,J,PS,Energy,Bilateral,Single Donor,"1,000.00",AUT,,18-Dec-2007,True
58,966,2007,6438,REG,Implementation of the Technical Support Facility under the CMI,R-RDTA,J,PS,Energy,Bilateral,Single Donor,"1,000.00",SPA,,18-Dec-2007,True
59,967,2007,6438,REG,Implementation of the Technical Support Facility under the CMI,R-RDTA,J,PS,Energy,Bilateral,Single Donor,"1,015.00",FIN,,18-Dec-2007,True
60,968,2007,6440,REG,Facilitating Regional Power Trading & Environmentally Sustainable Devt of Electricity Infrastructure in GMS,RETA,E,PS,Energy,Bilateral,Single Donor,"5,000.00",SWE,,19-Dec-2007,True
61,969,2007,6441,REG,Efficiency Improvement & Connectivity in Archipelagic Southeast Asia,RETA,J,C,Transport and ICT,Special Fund,ADB,"1,500.00",RCIF,,19-Dec-2007,True
62,970,2007,7000,INO,Strengthening Regulation and Governance,ADTA,J,C,Finance,Multi-Donor Trust Fund,Multidonor,500.00,FSDPF,,10-Dec-2007,True
63,971,2007,7006,PRC,Devt of Biomass Power Generation in Rural Areas,ADTA,E,C,Energy,Bilateral,Single Donor,600.00,Denmark-Energy 2,,10-Dec-2007,True
64,972,2007,7011,SRI,Building the Capacity of Sustainable Energy Authority,ADTA,E,C,Energy,Multi-Donor Trust Fund,Multidonor,600.00,CEF-CEFPF,,12-Dec-2007,True
65,973,2007,7013,LAO,Updating the National Water Policy and Strategy ,ADTA,J,PS,Agriculture and Natural Resources,Bilateral,Single Donor,500.00,AUS,,12-Dec-2007,True
66,974,2007,7017,PRC,Enhancement of the Performance Audit Capacity of the China National Audit Office,ADTA,E,C,Public Sector Management,Multi-Donor Trust Fund,Multidonor,400.00,MFDR,,12-Dec-2007,True
67,975,2007,7018,VIE,Strengthening Operations & Business Processes in Viet Nam Railways,ADTA,E,C,Transport and ICT,Bilateral,Single Donor,980.00,FRA-AFD GMS Fund,,12-Dec-2007,True
68,976,2007,7022,COO,Infrastructure Development Project,PPTA,J,PS,Multisector,Bilateral,Single Donor,200.00,NZL,,12-Dec-2007,True
69,977,2007,7024,VIE,Supporting the Energy Efficiency Program Implementation Project,ADTA,J,C,Energy,Bilateral,Single Donor,425.00,SPA,,12-Dec-2007,True
70,978,2007,7024,VIE,Supporting the Energy Efficiency Program Implementation Project,ADTA,J,C,Energy,Bilateral,Single Donor,500.00,FRA-AFD GMS Fund,,12-Dec-2007,True
71,979,2007,7029,VIE,Support for Health Systems Development Program,PPTA,J,PS,Health and Social Protection,Bilateral,Single Donor,180.00,AUS,,11-Dec-2007,True
72,980,2007,7037,CAM,Tonle Sap Poverty Reduction & Smallholder Devt Project,PPTA,J,C,Agriculture and Natural Resources,Bilateral,Single Donor,300.00,Second Finnish Technical Assistance Grant Fund,,14-Dec-2007,True
73,981,2007,7049,PRC,Implementing the National Flood Management Strategy,ADTA,J,C,Agriculture and Natural Resources,Bilateral,Single Donor,300.00,NET-WFPF,,20-Dec-2007,True
75,983,2008,4381,INO,Integrated Citarum Water Resources Management Project ,PPTA,E,PS,Agriculture and Natural Resources,Global Fund,Multidonor,200.00,GEF,,12-Mar-2008,True
76,984,2008,4534,PAK,Sindh Basic Urban Services,PPTA,E,C,Water and Other Municipal Infrastructure and Services,Multi-Donor Trust Fund,Multidonor,80.00,CFWS,,31-Jan-2008,True
77,985,2008,4689,VIE,Developing Benefit Sharing Mechanisms for People Adversely Affected by Power Generation Projects,ADTA,E,C,Energy,Multi-Donor Trust Fund,Multidonor,240.00,MDTF-WFPF,,22-May-2008,True
78,986,2008,4763,INO,Metropolitan Sanitation Management and Health Project,PPTA,E,C,Water and Other Municipal Infrastructure and Services,Multi-Donor Trust Fund,Multidonor,500.00,MDTF-WFPF,,12-Mar-2008,True
79,987,2008,4902,TUV,Capacity Building for Taxation Reforms,PPTA,E,C,Public Sector Management,Bilateral,Single Donor,270.00,AUS,,12-Nov-2008,True
80,988,2008,4903,VIE,Viet Nam Water Sector Review,ADTA,E,PS,Agriculture and Natural Resources,Bilateral,Single Donor,550.00,NET,,11-Dec-2008,True
81,989,2008,4907,LAO,Sector-Wide Approach in Education Sector Development,ADTA,E,C,Education,Bilateral,Single Donor,477.00,AUS,,20-Jun-2008,True
82,990,2008,6092,REG,Enhancing Gender and Development Capacity in DMCs Phase 2 of RETA 5835,RETA,E,C,Public Sector Management,Multi-Donor Trust Fund,Multidonor,"1,000.00",GDCF,,03-Mar-2008,True
84,992,2008,6245,REG,Strengthening Pro-Poor Policy in the Pacific ,RETA,J,C,Public Sector Management,Bilateral,Single Donor,232.00,AUS,,15-Jul-2008,True
85,993,2008,6289,REG,Core Environment Program and Biodiversity Conservation Corridors Initiative in the GMS,RETA,J,C,Agriculture and Natural Resources,Bilateral,Single Donor,500.00,PRC-PR Fund,,11-Feb-2008,True
86,994,2008,6289,REG,Core Environment Program and Biodiversity Conservation Corridors Initiative in the GMS,RETA,J,PS,Agriculture and Natural Resources,Bilateral,Single Donor,800.00,NET,,11-Feb-2008,True
87,995,2008,6289,REG,Core Environment Program and Biodiversity Conservation Corridors Initiative in the GMS,RETA,J,PS,Agriculture and Natural Resources,Bilateral,Single Donor,"4,900.00",FIN,,11-Feb-2008,True
88,996,2008,6291,REG,Rolling Out Air Quality Management in Asia,RETA,E,PS,Transport and ICT,Bilateral,Single Donor,484.63,SWE,,07-Oct-2008,True
89,997,2008,6293,REG,Managing the Cities in Asia,RETA,E,C,Water and Other Municipal Infrastructure and Services,Bilateral,Single Donor,"2,000.00",SPA,,22-Sep-2008,True
90,998,2008,6310,REG,Development Study of GMS Economic Corridors,RETA,J,C,Public Sector Management,Bilateral,Single Donor,400.00,PRC-PR Fund,,07-Jul-2008,True
91,999,2008,6321,REG,Fighting HIV/AIDS in Asia and the Pacific ,R-CDTA,E,C,Health and Social Protection,Multi-Donor Trust Fund,Multidonor,300.00,HIV/AIDS Fund,,28-May-2008,True
92,1000,2008,6321,REG,Fighting HIV/AIDS in Asia and the Pacific ,R-CDTA,E,C,Health and Social Protection,Multi-Donor Trust Fund,Multidonor,"1,000.00",HIV/AIDS Fund,,28-Mar-2008,True
93,1001,2008,6325,REG,Promoting Effective Water Management Policies and Practices 5,RETA,E,C,Water and Other Municipal Infrastructure and Services,Multi-Donor Trust Fund,Multidonor,"1,219.00",CFWS,,30-Oct-2008,True
94,1002,2008,6337,REG,Development Partnership Program for South Asia,R-CDTA,J,PS,Public Sector Management,Bilateral,Single Donor,288.00,SWE,,13-Feb-2008,True
95,1003,2008,6337,REG,Development Partnership Program for South Asia,R-CDTA,J,PS,Public Sector Management,Bilateral,Single Donor,300.00,NOR,,13-Feb-2008,True
96,1004,2008,6353,REG,Private Sector Development Initiative (Supplementary 1),R-PATA,E,C,Public Sector Management,Bilateral,Single Donor,300.00,AUS,,01-Jul-2008,True
97,1005,2008,6407,REG,Greater Mekong Subregion Phnom Penh Plan for Development Management III,CDTA,J,PS,Public Sector Management,Bilateral,Single Donor,400.00,NZL,,18-Aug-2008,True
98,1006,2008,6407,REG,Greater Mekong Subregion Phnom Penh Plan for Development Management III,CDTA,E,C,Public Sector Management,Bilateral,Single Donor,500.00,PRC-PR Fund,,07-Mar-2008,True
99,1007,2008,6416,REG,A Development Framework for Sustainable Urban Transport,RETA,J,PS,Transport and ICT,Bilateral,Single Donor,100.00,UKG,,14-Aug-2008,True
100,1008,2008,6416,REG,A Development Framework for Sustainable Urban Transport,RETA,E,PS,Transport and ICT,Bilateral,Single Donor,120.00,UKG,,11-Jun-2008,True
101,1009,2008,6422,REG,Mainstreaming Environment for Poverty Reduction,RETA,E,C,Public Sector Management,Multi-Donor Trust Fund,Multidonor,"2,600.00",PEF,,08-Aug-2008,True
102,1010,2008,6424,REG,Enhancing Effective Regulation of Water and Energy Infrastructure and Utility Services,RETA,E,C,Public Sector Management,Bilateral,Single Donor,700.00,AUS,,10-Jun-2008,True
103,1011,2008,6442,REG,Implementation of the Seed Capital Assistance Facility,RETA,E,PS,Energy,Global Fund,Multidonor,"4,200.00",GEF,,21-Jan-2008,True
105,1013,2008,6444,REG,Supporting the Boao Forum for Asia,RETA,E,C,Industry and Trade,Bilateral,Single Donor,500.00,PRC-PR Fund,,13-Feb-2008,True
106,1014,2008,6445,REG,Support for Implementation of the Second Governance and Anticorruption Action Plan,RETA,E,C,Public Sector Management,Multi-Donor Trust Fund,Multidonor,"2,600.00",GCF,,18-Feb-2008,True
107,1015,2008,6446,REG,"Strengthening Sound Environmental Management in the Brunei Darussalam, Indonesia, Malaysia & Philippines East ASEAN Growth Area",RETA,E,PS,Agriculture and Natural Resources,Global Fund,Multidonor,500.00,GEF,,22-Dec-2008,True
108,1016,2008,6448,REG,"Integrating Human Trafficking and Safe Migration Concerns for Women
and Children into Regional Cooperation",RETA,E,C,Health and Social Protection,Special Fund,ADB,"1,000.00",RCIF,,17-Mar-2008,True
109,1017,2008,6450,REG,Enhancing Transport and Trade Facilitation in the GMS,RETA,J,C,Industry and Trade,Bilateral,Single Donor,250.00,AUS,,28-Mar-2008,True
110,1018,2008,6450,REG,Enhancing Transport and Trade Facilitation in the GMS,RETA,J,C,Industry and Trade,Bilateral,Single Donor,500.00,PRC-PR Fund,,28-Mar-2008,True
111,1019,2008,6450,REG,Enhancing Transport and Trade Facilitation in the GMS,RETA,J,C,Industry and Trade,Special Fund,ADB,"1,000.00",RCIF,,28-Mar-2008,True
112,1020,2008,6451,REG,Capacity Building and Institutional Strengthening of the Free Trade Agreement Units in Selected ASEAN Member Countries,RETA,E,C,Industry and Trade,Bilateral,Single Donor,500.00,PRC-PR Fund,,28-Mar-2008,True
113,1021,2008,6453,REG,Capacity Building forMarket Development in ASEAN+3,RETA,E,C,Finance,Special Fund,ADB,500.00,RCIF,,28-Mar-2008,True
114,1022,2008,6454,REG,"Supporting Regional Capacities for Financial Asset and Liability
and Risk Management",RETA,E,C,Finance,Special Fund,ADB,320.00,RCIF,,27-Mar-2008,True
115,1023,2008,6463,REG,Strengthening Pacific Economic Analysis and Policy Dev't.,RETA,E,C,Public Sector Management,Bilateral,Single Donor,400.00,AUS,,09-Jun-2008,True
116,1024,2008,6467,REG,HIV Prevention and Infrastructure: Mitigating Risk in the GMS,R-CDTA,E,PS,Health and Social Protection,Bilateral,Single Donor,"6,000.00",AUS,,24-Jun-2008,True
117,1025,2008,6471,REG,Strengthening Coastal and Marine Resources Management in the Coral Triangle of the Pacific (Phase 1),RETA,E,C,Agriculture and Natural Resources,Bilateral,Single Donor,550.00,Second Finnish Technical Assistance Grant Fund,,18-Jul-2008,True
118,1026,2008,6471,REG,Strengthening Coastal and Marine Resources Management in the Coral Triangle of the Pacific (Phase 1),RETA,J,PS,Agriculture and Natural Resources,Global Fund,Multidonor,300.00,GEF,,18-Jul-2008,True
119,1027,2008,6472,REG,"Strategic Partnerships for Policy Development and Action to Foster
Regional Cooperation in South Asia",RETA,E,C,Public Sector Management,Special Fund,ADB,700.00,RCIF,,25-Jul-2008,True
120,1028,2008,6473,REG,Strengthening Southeast Asian Financial Markets,RETA,E,C,Finance,Special Fund,ADB,650.00,RCIF,,05-Aug-2008,True
121,1029,2008,6476,REG,"South Asian Regional Cooperation in 2030: The Potential Role of 
India and Pakistan",RETA,E,C,Public Sector Management,Special Fund,ADB,750.00,RCIF,,11-Aug-2008,True
122,1030,2008,6484,REG,Mekong Water Supply and Sanitation Project,RETA,J,C,Water and Other Municipal Infrastructure and Services,Bilateral,Single Donor,300.00,NET-WFPF,,08-Sep-2008,True
123,1031,2008,6484,REG,Mekong Water Supply and Sanitation Project,RETA,J,C,Water and Other Municipal Infrastructure and Services,Special Fund,ADB,500.00,RCIF,,08-Sep-2008,True
124,1032,2008,6485,REG,Promoting Energy Efficiency in the Pacific,R-PATA,E,C,Energy,Multi-Donor Trust Fund,Multidonor,"1,200.00",CEF-CEFPF,,12-Sep-2008,True
125,1033,2008,6486,REG,Improved Management of Water Resources in Central Asia,RETA,E,C,Agriculture and Natural Resources,Multi-Donor Trust Fund,Multidonor,998.00,MDTF-WFPF,,12-Sep-2008,True
126,1034,2008,6488,REG,"Central Asia Regional Economic Cooperation Institute, 2009-2012",RETA,J,C,Public Sector Management,Bilateral,Single Donor,500.00,PRC-PR Fund,,24-Sep-2008,True
127,1035,2008,6488,REG,"Central Asia Regional Economic Cooperation Institute, 2009-2012",RETA,J,C,Public Sector Management,Special Fund,ADB,500.00,RCIF,,24-Sep-2008,True
129,1037,2008,6494,REG,Developing a Computable General Equilibrium Modeling Framework for Analyzing the Impacts of Power Trading Between Mongolia and the People's Republic of China,RETA,E,C,Energy,Bilateral,Single Donor,150.00,PRC-PR Fund,,16-Oct-2008,True
130,1038,2008,6496,REG,Regional Partnerships for Climate Change Adaptation and Disaster Preparedness,PPTA,E,C,Agriculture and Natural Resources,Special Fund,ADB,"1,000.00",RCIF,,27-Oct-2008,True
131,1039,2008,6498,REG,Knowledge and Innovation Support for ADB's Water Financing Program,R-CDTA,J,C,Agriculture and Natural Resources,Bilateral,Single Donor,800.00,NET-WFPF,,03-Nov-2008,True
132,1040,2008,6498,REG,Knowledge and Innovation Support for ADB's Water Financing Program,R-CDTA,J,C,Agriculture and Natural Resources,Multi-Donor Trust Fund,Multidonor,"1,200.00",MDTF-WFPF,,03-Nov-2008,True
133,1041,2008,6499,REG,Strengthening Governance and Accountability in Pacific Island Countries (Phase 2),RETA,J,C,Public Sector Management,Bilateral,Single Donor,400.00,AUS,,03-Nov-2008,True
134,1042,2008,6501,REG,Expanding the Implementation of the Energy Efficiency Initiative in Developing Member Countries,R-PPTA,E,C,Energy,Special Fund,ADB,"3,000.00",CCF,,10-Nov-2008,True
136,1044,2008,6502,REG,Regional Knowledge and Partnership Networks for Poverty Reduction and Inclusive Growth,R-CDTA,J,C,Public Sector Management,Bilateral,Single Donor,500.00,PRC-PR Fund,,14-Nov-2008,True
137,1045,2008,6504,REG,Improving Connectivity and Destination Management of Cultural and Natural Resources in the South Asia Subregion,RETA,E,C,Transport and ICT,Special Fund,ADB,"2,000.00",RCIF,,08-Dec-2008,True
138,1046,2008,6505,REG,"Enhancing Financial Disclosure Standards in Armenia, Azerbaijan, and Georgia",RETA,E,C,Finance,Bilateral,Single Donor,600.00,ICFF,,10-Dec-2008,True
139,1047,2008,6509,REG,Minimizing Foreign Exchange Settlement Risk in the ASEAN+3 Region: Support for Group of Experts,R-RDTA,E,C,Finance,Bilateral,Single Donor,850.00,ICFF,,16-Dec-2008,True
141,1049,2008,6514,REG,Harmonization of Bond Standards in ASEAN+3,RETA,J,C,Finance,Bilateral,Single Donor,450.00,ICFF,,16-Dec-2008,True
143,1051,2008,6515,REG,Impact of Maternal and Child Health Private Expenditure on Poverty and Inequity,RETA,J,PS,Health and Social Protection,Bilateral,Single Donor,326.00,AUS,,18-Dec-2008,True
144,1052,2008,6521,REG,Accelerating the Implementation of the Core Agriculture Support Program,RETA,J,C,Agriculture and Natural Resources,Bilateral,Single Donor,500.00,PRC-PR Fund,,23-Dec-2008,True
146,1054,2008,7064,VIE,Making Markets Work Better for the Poor Phase 2,ADTA,J,PS,Industry and Trade,Bilateral,Single Donor,"8,000.00",UKG,,18-Feb-2008,True
147,1055,2008,7078,SRI,Institutional Strengthening for Decentralized Service Delivery in the Water Sector,ADTA,J,C,Water and Other Municipal Infrastructure and Services,Multi-Donor Trust Fund,Multidonor,50.00,CFWS,,24-Apr-2008,True
148,1056,2008,7080,TAJ,CAREC Transport Corridor III (Dushanbe-Uzbekistan Border Road) Project,PPTA,E,C,Transport and ICT,Special Fund,ADB,650.00,RCIF,,14-May-2008,True
149,1057,2008,7083,PRC,Urban Wastewater Reuse and Sludge Utilization Policy Study,ADTA,J,C,Water and Other Municipal Infrastructure and Services,Multi-Donor Trust Fund,Multidonor,300.00,MDTF-WFPF,,26-May-2008,True
150,1058,2008,7089,VIE,Hue Water Supply Project,PPTA,E,C,Water and Other Municipal Infrastructure and Services,Bilateral,Single Donor,"1,500.00",NET-WFPF,,13-Jun-2008,True
151,1059,2008,7091,VIE,Ho Chi Minh City Water Supply Project,PPTA,E,C,Water and Other Municipal Infrastructure and Services,Bilateral,Single Donor,"1,500.00",FRA,,24-Jun-2008,True
152,1060,2008,7097,PHI,Pasuquin East Wind Farm Development Project,PPTA,E,C,Energy,Multi-Donor Trust Fund,Multidonor,200.00,CEF-CEFPF,,11-Jun-2008,True
154,1062,2008,7122,PHI,Water District Development Sector,PPTA,E,C,Water and Other Municipal Infrastructure and Services,Multi-Donor Trust Fund,Multidonor,"1,200.00",MDTF-WFPF,,10-Sep-2008,True
155,1063,2008,7127,PRC,River Basin Water Resources Allocation and Management Policy,ADTA,J,C,Agriculture and Natural Resources,Multi-Donor Trust Fund,Multidonor,250.00,MDTF-WFPF,,02-Sep-2008,True
156,1064,2008,7131,IND,Institutional Development of Integrated Water Resources Management in Orissa,ADTA,E,C,Agriculture and Natural Resources,Multi-Donor Trust Fund,Multidonor,250.00,MDTF-WFPF,,18-Sep-2008,True
157,1065,2008,7132,IND,Integrated Flood and River Erosion Management Project - Arunachal Pradesh,PPTA,E,C,Agriculture and Natural Resources,Multi-Donor Trust Fund,Multidonor,750.00,MDTF-WFPF,,11-Sep-2008,True
159,1067,2008,7136,IND,Integrated Flood and Riverbank Erosion Risk Management Project - Assam (Phase 2): Processing and Institutional Strengthening,PPTA,J,C,Agriculture and Natural Resources,Multi-Donor Trust Fund,Multidonor,750.00,MDTF-WFPF,,26-Sep-2008,True
160,1068,2008,7144,VIE,Da Nang Water Supply,PPTA,E,C,Water and Other Municipal Infrastructure and Services,Multi-Donor Trust Fund,Multidonor,"1,500.00",MDTF-WFPF,,01-Oct-2008,True
161,1069,2008,7151,VIE,Hai Phong Water Supply Project,PPTA,E,C,Water and Other Municipal Infrastructure and Services,Bilateral,Single Donor,"1,000.00",NET-WFPF,,20-Oct-2008,True
162,1070,2008,7157,BHU,Promotion of Clean Power Export Development,RETA,J,C,Energy,Special Fund,ADB,888.00,RCIF,,29-Oct-2008,True
163,1071,2008,7161,TUV,Capacity Development for Public Financial Management,ADTA,J,C,Public Sector Management,Bilateral,Single Donor,57.75,AUS,,03-Nov-2008,True
164,1072,2008,7171,PRC,Railway Sector Energy Efficiency Strategy,ADTA,E,C,Transport and ICT,Multi-Donor Trust Fund,Multidonor,800.00,CEF-CEFPF,,18-Nov-2008,True
165,1073,2008,7172,IND,"Facilitating the Operations of the Energy Conservation Fund ""Energy Smart"" in Madhya Pradesh",ADTA,E,C,Energy,Bilateral,Single Donor,"1,700.00",Denmark-Energy 2,,13-Nov-2008,True
166,1074,2008,7175,MON,HIV/AIDS Prevention in ADB Infrastructure Projects and the Mining Sector,ADTA,E,C,Health and Social Protection,Multi-Donor Trust Fund,Multidonor,"1,000.00",HIV/AIDS Fund,,19-Nov-2008,True
167,1075,2008,7178,SOL,Establishment of the Solomon Islands Maritime Study Administration,ADTA,J,PS,Transport and ICT,Multilateral,Multidonor,600.00,EC,,25-Nov-2008,True
168,1076,2008,7182,NEP,Secondary Towns Integrated Urban Environmental Improvement Project,PPTA,J,C,Water and Other Municipal Infrastructure and Services,Bilateral,Single Donor,146.00,NET-WFPF,,02-Dec-2008,True
169,1077,2008,7189,INO,Institutional Strengthening for Integrated Water Resources Management in the 6 Cis River Basin Territory,PPTA,J,C,Multisector,Multi-Donor Trust Fund,Multidonor,"2,000.00",MDTF-WFPF,,04-Dec-2008,True
170,1078,2008,7189,INO,Institutional Strengthening for Integrated Water Resources Management in the 6 Cis River Basin Territory,PPTA,J,PS,Multisector,Bilateral,Single Donor,"5,000.00",NET,,04-Dec-2008,True
171,1079,2008,7194,THA,Mainstreaming Energy Efficiency Measures in Thai Municipalities,PPTA,E,C,Energy,Multi-Donor Trust Fund,Multidonor,"1,000.00",CEF-CEFPF,,08-Dec-2008,True
172,1080,2008,7197,BAN,Strengthening the Resilience of the Water Sector in Khulna to Climate Change,ADTA,E,C,Multisector,Special Fund,ADB,600.00,CCF,,10-Dec-2008,True
173,1081,2008,7202,PRC,Utilization of Foreign Capital to Promote Energy Conservation and Energy-Efficient Power Generation Scheduling,ADTA,J,C,Energy,Special Fund,ADB,900.00,CCF,,11-Dec-2008,True
174,1082,2008,7210,PHI,Supporting Governance in Justice Sector Reform in the Philippines,ADTA,J,C,Public Sector Management,Multi-Donor Trust Fund,Multidonor,500.00,GDCF,,16-Dec-2008,True
175,1083,2008,7212,PRC,China Clean Development Mechanism Fund Capacity Development,ADTA,J,C,Energy,Special Fund,ADB,500.00,CCF,,11-Dec-2008,True
176,1084,2008,7217,PRC,Preparing National Guidelines for Eco-Compensation in River Basins and a Framework for Soil Pollution Management,PPTA,J,C,Agriculture and Natural Resources,Multi-Donor Trust Fund,Multidonor,400.00,MDTF-WFPF,,08-Dec-2008,True
177,1085,2008,7219,PRC,Enabling the Protection of Jiaozhou Bay Water Quality and Wetland Ecosystem,PPTA,J,C,Agriculture and Natural Resources,Multi-Donor Trust Fund,Multidonor,400.00,MDTF-WFPF,,17-Dec-2008,True
208,1116,2009,6524,REG,Climate Impacts and Responses: A Multimedia Campaign Project,RETA,E,C,Public Sector Management,Special Fund,ADB,450.00,CCF,,19-Jan-2009,True
225,1133,2009,7262,VIE,Capacity Building of Renewable Energy Development,ADTA,J,C,Energy,Special Fund,ADB,"1,600.00",CCF,,30-Mar-2009,True
274,1182,2009,7407,REG,Small Scale TA on Managing Climate Impacts on Health in Water and Agriculture Sectors and Disaster Risk Reduction,R-PATA,E,PS,Health and Social Protection,Bilateral,Single Donor,140.00,SWE,,09-Dec-2009,True
275,1183,2009,7408,REG,Policy Options to Support Climate-Induced Migration,R-RDTA,E,C,Public Sector Management,Special Fund,ADB,700.00,CCF,,08-Dec-2009,True
278,1186,2009,7417,IND,Support for the National Action Plan on Climate Change,PATA,E,C,Multisector,Special Fund,ADB,750.00,CCF,,07-Dec-2009,True
285,1193,2009,7443,PRC,Energy Efficiency Improvements in Inner Mongolia Autonomous Region,CDTA,E,C,Energy,Special Fund,ADB,500.00,CCF,,14-Dec-2009,True
289,1197,2009,7460,CAM,Outcome Monitoring and Procurement Review,R-CDTA,E,PS,Transport and ICT,Bilateral,Single Donor,400.00,AUS,,15-Dec-2009,True
304,1212,2010,6409,REG,"Strengthening Central Asia Reg Economic Coop, 2007-2009",R-PATA,J,C,Public Sector Management,Special Fund,ADB,"1,000.00",RCIF,,22-Feb-2010,True
437,1345,2011,6289,REG,Core Environment Program and Biodiversity Conservation Corridors Initiative in the GMS (Supplementary) 2,R-RDTA,J,C,Agriculture and Natural Resources,Special Fund,ADB,"1,000.00",CCF,,12-Apr-2011,True
441,1349,2011,6437,REG,Integrated Trade Facilitation Support for Central Asia Regional Economic Cooperation (Supplementary),R-CDTA,J,C,Industry and Trade,Special Fund,ADB,500.00,RCIF,,19-Dec-2011,True
443,1351,2011,6445,REG,Support for Implementation of the Second Governance and Anticorruption Action Plan (Supplementary),RETA,E,C,Public Sector Management,Multi-Donor Trust Fund,Multidonor,391.00,GCF,,25-Oct-2011,True
453,1361,2011,7494,REG,Fourth High-Level Forum on Aid Effectiveness (4th Supplementary),R-PATA,J,PS,Public Sector Management,Bilateral,Single Donor,98.00,CAN,,02-Dec-2011,True
459,1367,2011,7551,GEO,Developing a Geospatial Urban Water Supply and Sanitation Utility Management System (Supplementary),CDTA,E,C,Water and Other Municipal Infrastructure and Services,Bilateral,Single Donor,600.00,SPA,,13-Dec-2011,True
465,1373,2011,7644,REG,Greater Mekong Subregion: Corridor Towns Development (2nd Supplementary),R-PPTA,J,C,Water and Other Municipal Infrastructure and Services,Multi-Donor Trust Fund,Multidonor,300.00,UFPF-UEIF,,13-Dec-2011,True
522,1430,2011,7860,PRC,Managing the Water Resources of Boyang Lake,PATA,J,C,Agriculture and Natural Resources,Special Fund,ADB,800.00,CCF,,02-Sep-2011,True
549,1457,2011,7918,REG,Support to Urban Infrastructure Development and Financing,R-CDTA,E,C,Multisector,Multi-Donor Trust Fund,Multidonor,"1,700.00",UFPF-UEIF,,16-Nov-2011,True
558,1466,2011,7940,TON,Outer Island Renewable Energy,PPTA,E,C,Energy,Bilateral,Single Donor,500.00,JFPR,,02-Dec-2011,True
562,1470,2011,7954,IND,Karnataka Integrated and Sustainable Water Resources Management Investment Program,PPTA,J,C,Agriculture and Natural Resources,Special Fund,ADB,100.00,CCF,,09-Dec-2011,True
563,1471,2011,7956,PRC,Developing Tianjin Emision Trading System,CDTA,J,C,Energy,Special Fund,ADB,550.00,CCF,,09-Dec-2011,True
566,1474,2011,7970,MON,Ulaanbaatar Urban Services and Ger Areas Development Investment Program,PPTA,E,C,Water and Other Municipal Infrastructure and Services,Bilateral,Single Donor,"1,500.00",JFPR,,13-Dec-2011,True
567,1475,2011,7971,MON,Government Bond Market Development,PATA,J,C,Finance,Bilateral,Single Donor,500.00,EAKPF,,14-Dec-2011,True
568,1476,2011,7971,MON,Government Bond Market Development,PATA,J,C,Finance,Multi-Donor Trust Fund,Multidonor,500.00,FSDPF,,14-Dec-2011,True
572,1480,2011,7987,REG,"Core Environment Program and Biodiversity Conservation Corridors Initiative in the Greater Mekong Subregion, Phase 2",R-CDTA,J,PS,Agriculture and Natural Resources,Bilateral,Single Donor,"14,000.00",FIN,,12-Dec-2011,True
574,1482,2011,7990,REG,Quantum Leap in Wind Power Development in Asia and the Pacific,CDTA,E,C,Energy,Bilateral,Single Donor,"2,000.00",ACEF,,09-Dec-2011,True
575,1483,2011,7992,NEP,Skills Development,PPTA,E,C,Education,Bilateral,Single Donor,500.00,JFPR,,09-Dec-2011,True
577,1485,2011,7994,AFG,Supporting Natural Resources Operations,CDTA,E,C,Agriculture and Natural Resources,Bilateral,Single Donor,"1,500.00",NET-WFPF,,14-Dec-2011,True
579,1487,2011,8001,PRC,Study on Carbon Capture and Storage in Natural Gas-Based Power Plants,CDTA,E,C,Energy,Multi-Donor Trust Fund,Multidonor,"1,800.00",CCSF,,12-Dec-2011,True
580,1488,2011,8007,IND,Advanced Project Preparedness for Poverty Reduction - West Bengal North South Road Corridor (Subproject 18),PPTA,E,PS,Transport and ICT,Bilateral,Single Donor,"1,100.00",UKG,,09-Dec-2011,True
581,1489,2011,8012,REG,Enabling Climate Change Responses in Asia and the Pacific - Disaster Risk Finance for Total Climate Risk (Subproject 6),R-PATA,E,C,Finance,Bilateral,Single Donor,"1,000.00",JFPR,,09-Dec-2011,True
582,1490,2011,8015,REG,Developing Water Resources Sector Strategies in Central and West Asia,R-PATA,E,C,Agriculture and Natural Resources,Multi-Donor Trust Fund,Multidonor,500.00,MDTF-WFPF,,22-Dec-2011,True
583,1491,2011,8017,REG,Support for Pan-Beibu Gulf Economic Cooperation,R-PATA,E,C,Multisector,Bilateral,Single Donor,500.00,PRC-PR Fund,,13-Dec-2011,True
584,1492,2011,8018,REG,Establishing a Pilot Center to Facilitate Climate Technology Investment in Asia and the Pacific - Promotion of Investment in Climate Technology Products through Venture Capital Funds (Subproject 1),R-PATA,J,C,Multisector,Bilateral,Single Donor,"1,500.00",ACEF,,20-Dec-2011,True
585,1493,2011,8019,IND,Advanced Project Preparedness for Poverty Reduction - State Roads (Subproject 20),PPTA,E,PS,Transport and ICT,Bilateral,Single Donor,"1,200.00",UKG,,21-Dec-2011,True
588,1496,2011,8033,REG,Supporting Public Management through e-Government Capacity Development,CDTA,E,C,Public Sector Management,Bilateral,Single Donor,500.00,EAKPF,,23-Dec-2011,True
589,1497,2011,8038,PHI,Capacity Development of Financial Regulators,CDTA,E,C,Finance,Bilateral,Single Donor,"1,000.00",JFPR,,16-Dec-2011,True
590,1498,2011,8040,REG,Master Plan on ASEAN Connectivity Implementation,CDTA,E,PS,Multisector,Bilateral,Single Donor,975.00,JAIF,,15-Dec-2011,True
591,1499,2011,8041,IND,Advanced Project Preparedness for Poverty Reduction - Designing and Capacity Building for Strengthening State Finances and Service Delivery in West Bengal (Subproject 21),PPTA,E,PS,Public Sector Management,Bilateral,Single Donor,220.00,UKG,,17-Dec-2011,True
592,1500,2011,8043,IND,Advanced Project Preparedness for Poverty Reduction - Rajasthan Urban Development Program (Subproject 22),PPTA,E,PS,Water and Other Municipal Infrastructure and Services,Bilateral,Single Donor,750.00,UKG,,22-Dec-2011,True
593,1501,2011,8045,INO,Improving Domestic Connectivity,PATA,E,C,Transport and ICT,Bilateral,Single Donor,500.00,JFPR,,12-Dec-2011,True
596,1504,2012,6321,REG,Fighting HIV/AIDS in Asia and the Pacific (4th Supplementary),R-CDTA,,C,Health and Social Protection,Multi-Donor Trust Fund,Multidonor,"1,500.00",HIV/AIDS Fund,,13-Dec-2012,True
597,1505,2012,6321,REG,Fighting HIV/AIDS in Asia and the Pacific (3rd Supplementary),R-CDTA,E,C,Health and Social Protection,Multi-Donor Trust Fund,Multidonor,880.00,HIV/AIDS Fund,,06-Feb-2012,True
598,1506,2012,6337,REG,Development Partnership Program for South Asia (Supplementary),R-CDTA,,C,Public Sector Management,Bilateral,Single Donor,"3,155.00",AUS-ADB South Asia Development Partnership Facility,,29-Jun-2012,True
602,1510,2012,6467,REG,HIV Prevention and Infrastructure: Mitigating Risk in the GMS (Supplementary),RETA,,C,Health and Social Protection,Multi-Donor Trust Fund,Multidonor,"1,000.00",HIV/AIDS Fund,,02-Dec-2012,True
603,1511,2012,6498,REG,Knowledge and Innovation Support for ADB's Water Financing Program (4th Supplementary),R-CDTA,,C,Agriculture and Natural Resources,Bilateral,Single Donor,444.88,AUS-PRIF,,07-Jun-2012,True
604,1512,2012,6501,REG,Expanding the Implementation of the Energy Efficiency Initiative in Developing Member Countries (Supplementary),R-PPTA,,C,Energy,Bilateral,Single Donor,750.00,Denmark-Energy 2,,26-Nov-2012,True
605,1513,2012,6501,REG,Expanding the Implementation of the Energy Efficiency Initiative in Developing Member Countries (Supplementary),R-PPTA,,PS,Energy,Bilateral,Single Donor,120.00,USA,,01-Jun-2012,True
606,1514,2012,6509,REG,Minimizing Foreign Exchange Settlement Risk in the ASEAN+3 Region: Support for Group of Experts (Supplementary),R-RDTA,,C,Finance,Bilateral,Single Donor,450.00,EAKPF,,18-May-2012,True
607,1515,2012,6522,REG,Establishment of the Pacific Infrastructure Advisory Center (4th Supplementary),R-PATA,E,PS,Multisector,Bilateral,Single Donor,"1,500.00",AUS,,15-May-2012,True
608,1516,2012,7122,PHI,Water District Development Sector (Supplementary),PPTA,,C,Water and Other Municipal Infrastructure and Services,Multi-Donor Trust Fund,Multidonor,70.00,MDTF-WFPF,,20-Sep-2012,True
609,1517,2012,7189,INO,Institutional Strengthening for Integrated Water Resources Management in the 6 Cis River Basin Territory (Supplementary),CDTA,J,PS,Multisector,Bilateral,Single Donor,"1,000.00",NET,,15-May-2012,True
616,1524,2012,7512,REG,Empowering the Poor through Increasing Access to Energy (4th Supplementary),R-PPTA,,PS,Energy,Bilateral,Single Donor,"2,070.00",AUS,14-Mar-2012,18-Jun-2012,True
617,1525,2012,7575,REG, Determining the Potential for Carbon Capture and Storage in Southeast Asia (2nd Supplementary),R-CDTA,,C,Energy,Multi-Donor Trust Fund,Multidonor,100.00,CCSF,25-May-2012,21-Jun-2012,True
618,1526,2012,7645,REG,Enabling Climate Change Responses in Asia and the Pacific - Strengthening Planning Capacity for Low Carbon Growth in Developing Asia (Subproject 4) (Supplementary),R-RDTA,,PS,Multisector,Bilateral,Single Donor,135.02,Foreign Commonwealth Office - UKG,25-Jul-2012,24-Aug-2012,True
619,1527,2012,7713,IND,Project Management Capacity Building for Water Resources Sector Executing Agencies,CDTA,,C,Agriculture and Natural Resources,Multi-Donor Trust Fund,Multidonor,200.00,MDTF-WFPF,29-Oct-2012,19-Nov-2012,True
620,1528,2012,7796,PHI,Strengthening Public-Private Partnerships in the Philippines (Supplementary),CDTA,,PS,Public Sector Management,Bilateral,Single Donor,"15,000.00",AUS,28-Feb-2012,20-Apr-2012,True
621,1529,2012,7827,REG,"Strengthening Climate Risk and Resilience Capacity of Pacific Developing Member Countries, Phase 1 (Supplementary)",R-CDTA,,PS,Multisector,Global Fund,Multidonor,195.00,SCF-PPCR,30-Apr-2012,29-Aug-2012,True
622,1530,2012,7842,REG,Enhancing Knowledge on Climate Technology and Financing Mechanisms (Supplementary),R-CDTA,,PS,Multisector,Bilateral,Single Donor,48.73,AUS,,30-May-2012,True
623,1531,2012,7872,REG,Learning from e-learning: Testing Intelligent Learning Systems in South Asian Countries (Supplementary),R-RDTA,,C,Education,Bilateral,Single Donor,500.00,EAKPF,22-Nov-2012,27-Nov-2012,True
624,1532,2012,7934,CAM,Implementing Subprogram 2 of the Third Financial Sector Program (Supplementary),CDTA,,C,Finance,Multi-Donor Trust Fund,Multidonor,500.00,FSDPF,24-Sep-2012,18-Dec-2012,True
625,1533,2012,7935,NEP,Capacity Development for School Sector Program Implementation (Supplementary),CDTA,,PS,Education,Bilateral,Single Donor,525.00,AUS,03-Nov-2011,30-Apr-2012,True
627,1535,2012,7955,PHI,Education Improvement Sector Development Program (Supplementary),PPTA,J,PS,Education,Bilateral,Single Donor,313.17,AUS,,14-May-2012,True
629,1537,2012,7987,REG,"Core Environment Program and Biodiversity Conservation Corridors Initiative in the Greater Mekong Subregion, Phase 2 (Supplementary)",R-CDTA,,PS,Agriculture and Natural Resources,Bilateral,Single Donor,"8,300.00",SWE,,05-Dec-2012,True
631,1539,2012,8018,REG,Establishing a Pilot Center to Facilitate Climate Technology Investment in Asia and the Pacific - Promotion of Investment in Climate Technology Products through Venture Capital Funds (Subproject 1) (Supplementary),R-PATA,,PS,Multisector,Global Fund,Multidonor,828.18,GEF-SCCF,03-Jul-2012,06-Jul-2012,True
632,1540,2012,8018,REG,Establishing a Pilot Center to Facilitate Climate Technology Investment in Asia and the Pacific - Promotion of Investment in Climate Technology Products through Venture Capital Funds (Subproject 1) (Supplementary),R-PATA,,PS,Multisector,Global Fund,Multidonor,"2,071.82",GEF,03-Jul-2012,06-Jul-2012,True
633,1541,2012,8049,REG,"Harmonization of Bond Standards and Market Practices in ASEAN+3: Support for ASEAN+3 Bond Market Forum, Phase 2",R-PATA,E,C,Finance,Bilateral,Single Donor,"1,200.00",ICFF,,13-Jan-2012,True
634,1542,2012,8050,NEP,Bagmati River Basin Improvement (Supplementary),PPTA,,C,Agriculture and Natural Resources,Multi-Donor Trust Fund,Multidonor,470.00,MDTF-WFPF,29-Oct-2012,06-Nov-2012,True
637,1545,2012,8056,IND,Advanced Project Preparedness for Poverty Reduction - Gender Inclusive Capacity Development for Electricity Distribution Loss Reduction in Rural Madhya Pradesh (Subproject 23),CDTA,E,PS,Energy,Bilateral,Single Donor,600.00,UKG,,08-Mar-2012,True
639,1547,2012,8058,LAO,Hydropower Impacts and Best Practices: A Communications Project,S-CDTA,E,C,Energy,Multi-Donor Trust Fund,Multidonor,180.00,CEF-CEFPF,,08-Feb-2012,True
641,1549,2012,8063,IND,Advanced Project Preparedness for Poverty Reduction - Capacity Building for the North Eastern State Roads Sector (Subproject 24),CDTA,E,PS,Transport and ICT,Bilateral,Single Donor,700.00,UKG,,23-Mar-2012,True
651,1559,2012,8085,BAN,Support for the Third Primary Education Development Project,CDTA,,PS,Education,Bilateral,Single Donor,700.00,SWE,02-Dec-2012,13-Dec-2012,True
653,1561,2012,8088,REG,"Enhancing Engagement with Pacific Developing Member Countries, Phase 2",R-CDTA,E,PS,Public Sector Management,Bilateral,Single Donor,"2,016.00",AUS,,31-May-2012,True
654,1562,2012,8089,IND,Operational Research to Support Mainstreaming of Integrated Flood Management under Climate Change,PATA,J,C,Agriculture and Natural Resources,Multi-Donor Trust Fund,Multidonor,200.00,MDTF-WFPF,,01-Jun-2012,True
655,1563,2012,8089,IND,Operational Research to Support Mainstreaming of Integrated Flood Management under Climate Change,PATA,J,PS,Agriculture and Natural Resources,Bilateral,Single Donor,"1,250.00",UKG,,01-Jun-2012,True
659,1567,2012,8101,REG,Implementation of Sustainable Transport in Asia and the Pacific â€“ Intelligent Transport Systems (ITS) for Better Urban Transport (Subproject 3),R-CDTA,E,C,Transport and ICT,Bilateral,Single Donor,300.00,EAKPF,,27-Jun-2012,True
660,1568,2012,8102,VIE,Promoting Climate Resilient Rural infrastructure in Northern Mountain Provinces,CDTA,,PS,Multisector,Global Fund,Multidonor,"2,000.00",GEF-SCCF,,29-Jun-2012,True
661,1569,2012,8105,REG,Establishing a Pilot Center to Facilitate Climate Technology Investments in Asia and the Pacific - Demonstration of an Assisted Broker Model for Transfer of Low-Carbon technologies to Asia and the Pacific (Subproject 2),R-CDTA,,C,Multisector,Bilateral,Single Donor,"2,000.00",ACEF,,15-Jun-2012,True
662,1570,2012,8105,REG,Establishing a Pilot Center to Facilitate Climate Technology Investments in Asia and the Pacific - Demonstration of an Assisted Broker Model for Transfer of Low-Carbon technologies to Asia and the Pacific (Subproject 2),R-CDTA,,PS,Multisector,Bilateral,Single Donor,200.00,BEL,,15-Jun-2012,True
663,1571,2012,8105,REG,Establishing a Pilot Center to Facilitate Climate Technology Investments in Asia and the Pacific - Demonstration of an Assisted Broker Model for Transfer of Low-Carbon technologies to Asia and the Pacific (Subproject 2),R-CDTA,,PS,Multisector,Global Fund,Multidonor,"2,400.00",GEF,,15-Jun-2012,True
668,1576,2012,8111,PHI,Climate Resilience and Green Growth in the Upper Marikina River ,CDTA,E,C,Multisector,Special Fund,ADB,450.00,CCF,,16-Jul-2012,True
669,1577,2012,8116,IND,Advanced Project Preparedness for Poverty Reduction - Detailed Design for the SASEC Subregional Road Connectivity (Subproject 25),PPTA,,PS,Transport and ICT,Bilateral,Single Donor,"1,000.00",UKG,,12-Jul-2012,True
670,1578,2012,8119,REG,Economics of Climate Change in Central and West Asia,R-RDTA,,C,Multisector,Bilateral,Single Donor,"2,000.00",ACEF,17-Jun-2011,18-Jul-2012,True
671,1579,2012,8120,REG,Grid Integration of Renewable Energy Sources and Solar Energy Technology ,S-CDTA,,C,Energy,Bilateral,Single Donor,130.00,SPA,08-Jul-2012,23-Jul-2012,True
673,1581,2012,8122,REG,Establishing a Pilot Center to Facilitate Climate Technology Investments in Asia and the Pacific - Project Management (Subproject 4),R-CDTA,,PS,Multisector,Global Fund,Multidonor,300.00,GEF,,23-Jul-2012,True
675,1583,2012,8129,IND,Advanced Project Preparedness for Poverty Reduction - Updating Load Forecasting and Power System Master Plan for Assam (Subproject 26),CDTA,,PS,Energy,Bilateral,Single Donor,400.00,UKG,,03-Aug-2012,True
676,1584,2012,8130,SOL,Outer Island Renewable Energy,PPTA,,PS,Energy,Global Fund,Multidonor,250.00,SCF-SREP,,27-Sep-2012,True
679,1587,2012,8133,PRC,Road Map for Carbon Capture and Storage Demonstration and Deployment,PATA,,C,Energy,Multi-Donor Trust Fund,Multidonor,"2,200.00",CCSF,,10-Aug-2012,True
680,1588,2012,8135,PHI,Design of a Pilot Project to Improve Environmental Conditions of Estero de Paco,S-CDTA,,C,Water and Other Municipal Infrastructure and Services,Bilateral,Single Donor,220.00,SPA,,08-Aug-2012,True
681,1589,2012,8136,MYA,Myanmar Tourism Master Plan,S-PATA,,PS,Industry and Trade,Bilateral,Single Donor,225.00,NOR,,05-Jul-2012,True
684,1592,2012,8153,REG,Policies for Industrial and Service Diversification in Asia in the 21st Century,R-PATA,,C,Multisector,Bilateral,Single Donor,500.00,EAKPF,20-Aug-2012,07-Sep-2012,True
685,1593,2012,8163,REG,Implementing the Greater Mekong Subregion Core Agriculture Support Program (Phase 2),R-PATA,,PS,Multisector,Bilateral,Single Donor,"7,500.00",SWE,,14-Sep-2012,True
686,1594,2012,8164,PHI,Strengthening Knowledge-based Economic and Social Development,CDTA,,C,Education,Bilateral,Single Donor,500.00,EAKPF,,14-Sep-2012,True
687,1595,2012,8166,IND,Climate Adaptation through Sub-Basin Development Investment program,PPTA,,C,Agriculture and Natural Resources,Multi-Donor Trust Fund,Multidonor,140.00,MDTF-WFPF,,20-Sep-2012,True
689,1597,2012,8172,PRC,Jilin Urban Services Improvement Project,PPTA,,C,Multisector,Multi-Donor Trust Fund,Multidonor,150.00,MDTF-WFPF,,13-Sep-2012,True
690,1598,2012,8173,NEP,Supporting the Strengthening Public Management Program,CDTA,,PS,Public Sector Management,Bilateral,Single Donor,"2,500.00",UKG,,26-Sep-2012,True
691,1599,2012,8178,PRC,Advancing Shanghai Carbon Market through Emissions Trading Scheme,PATA,,C,Energy,Special Fund,ADB,72.31,CCF,,02-Oct-2012,True
692,1600,2012,8179,CAM,Mainstreaming Climate Resilience into Development Planning,CDTA,,PS,Multisector,Global Fund,Multidonor,"7,000.00",SCF-PPCR,,01-Oct-2012,True
696,1604,2012,8187,MYA,Support for Education Sector Planning,CDTA,J,PS,Education,Bilateral,Single Donor,370.00,AUS,,10-Oct-2012,True
698,1606,2012,8189,REG,Implementation of Sustainable Transport in Asia and the Pacific - New Approaches to Implement Sustainable Low Carbon Transport in Asia and the Pacific Region (Subproject 5),R-CDTA,,C,Transport and ICT,Special Fund,ADB,"1,900.00",CCF,,12-Oct-2012,True
702,1610,2012,8197,BAN,Supporting Brick Sector Development Program,CDTA,E,C,Finance,Multi-Donor Trust Fund,Multidonor,750.00,CEF-CEFPF,,22-Oct-2012,True
704,1612,2012,8204,REG,Regional Capacity Development for Strengthened HIV Response,R-CDTA,E,C,Health and Social Protection,Multi-Donor Trust Fund,Multidonor,"1,000.00",HIV/AIDS Fund,,30-Oct-2012,True
707,1615,2012,8214,REG,Implementing Prudential Standards in Islamic Finance,R-PATA,,C,Finance,Bilateral,Single Donor,250.00,EAKPF,,13-Nov-2012,True
708,1616,2012,8214,REG,Implementing Prudential Standards in Islamic Finance,R-PATA,,C,Finance,Multi-Donor Trust Fund,Multidonor,500.00,FSDPF,,13-Nov-2012,True
711,1619,2012,8222,KGZ,Investment Climate Improvement Program - Subprogram 2 (Preparing Subprogram 3),CDTA,,C,Multisector,Multi-Donor Trust Fund,Multidonor,150.00,FSDPF,,26-Nov-2012,True
713,1621,2012,8225,REG,Greater Mekong Subregion Phnom Penh Plan for Development Management Phase V,CDTA,,C,Public Sector Management,Bilateral,Single Donor,500.00,EAKPF,,19-Nov-2012,True
715,1623,2012,8229,BHU,Enhancing Development Management for Sustainable and Inclusive Growth,CDTA,,C,Public Sector Management,Bilateral,Single Donor,250.00,2nd Danish Cooperation Fund for Technical Assistance,,28-Nov-2012,True
718,1626,2012,8250,REG,Improving Financial Inclusion in Asia and the Pacific,R-RDTA,,C,Finance,Multi-Donor Trust Fund,Multidonor,500.00,FSDPF,24-Sep-2012,06-Dec-2012,True
719,1627,2012,8255,MON,Strengthening the Anti-Money Laundering Regime,CDTA,E,C,Public Sector Management,Multi-Donor Trust Fund,Multidonor,360.00,RTFSI,,11-Dec-2012,True
721,1629,2012,8258,PHI,Capacity Building for Microinsurance,CDTA,E,C,Finance,Bilateral,Single Donor,"1,000.00",JFPR,,11-Dec-2012,True
722,1630,2012,8267,THA,Strengthening Integrated Water and Flood Management Implementation,PATA,E,C,Agriculture and Natural Resources,Bilateral,Single Donor,"1,500.00",JFPR,,11-Dec-2012,True
723,1631,2012,8268,MLD,Outer Islands for Sustainable Energy Development,PPTA,,PS,Energy,Global Fund,Multidonor,700.00,SCF-SREP,,10-Dec-2012,True
724,1632,2012,8269,PRC,Biodiversity Strategy and Action Plan for Yunnan Province,PATA,,C,Agriculture and Natural Resources,Multi-Donor Trust Fund,Multidonor,200.00,MDTF-WFPF,,10-Dec-2012,True
725,1633,2012,8279,IND,Preparing the Bond Guarantee Fund for India,CDTA,E,C,Finance,Bilateral,Single Donor,800.00,JFPR,,17-Dec-2012,True
726,1634,2012,8283,BAN,Improving Public Administration and Services Delivery through E-Solutions,PATA,,C,Multisector,Bilateral,Single Donor,500.00,EAKPF,,14-Dec-2012,True
727,1635,2012,8284,REG,Supporting Financial Stability in Bhutan and the Maldives,R-CDTA,E,C,Finance,Multi-Donor Trust Fund,Multidonor,500.00,FSDPF,,10-Dec-2012,True
730,1638,2012,8295,IND,Advanced Project Preparedness for Poverty Reductionâ€”Institutional Strengthening of the Chhattisgarh Public Works Department (Subproject 27),CDTA,,PS,Transport and ICT,Bilateral,Single Donor,500.00,UKG,,11-Dec-2012,True
731,1639,2012,8296,TON,Outer Island Energy Efficiency,PPTA,E,C,Energy,Multi-Donor Trust Fund,Multidonor,400.00,CEF-CEFPF,,17-Dec-2012,True
733,1641,2012,8301,REG,Central Asia Regional Economic Cooperation: Supporting Capacity Development Needs of CAREC 2020,R-CDTA,,C,Multisector,Bilateral,Single Donor,400.00,PRC-PR Fund,,17-Dec-2012,True
735,1643,2012,8306,RMI,Ebeye Water Supply and Sanitation,PPTA,,PS,Multisector,Bilateral,Single Donor,500.00,AUS,23-Oct-2012,20-Dec-2012,True
736,1644,2012,8307,TON,Project to Implement the Strategic Program for Climate Resilience,PPTA,E,PS,Multisector,Global Fund,Multidonor,750.00,SCF-PPCR,,19-Dec-2012,True
737,1645,2012,8310,VIE,Capacity Building and Coordination improvement for Effective Regional Cooperation Investment Planning,CDTA,E,C,Public Sector Management,Bilateral,Single Donor,800.00,JFPR,,21-Dec-2012,True
740,1648,2013,6422,REG,Mainstreaming Environment for Poverty Reduction (2nd Supplementary),R-CDTA,,C,Public Sector Management,Multi-Donor Trust Fund,Multidonor,74.00,PEF,09-Jul-2013,16-Jul-2013,True
741,1649,2013,6470,REG,Managing Water in Asia's River Basins: Charting Progress and Facilitating Investment (Supplementary),R-CDTA,,C,Agriculture and Natural Resources,Bilateral,Single Donor,70.00,SPA,25-Jan-2013,28-Jan-2013,True
742,1650,2013,6498,REG,Knowledge and Innovation Support for ADB's Water Financing Program (5th Supplementary),R-CDTA,,C,Agriculture and Natural Resources,Multi-Donor Trust Fund,Multidonor,"1,000.00",MDTF-WFPF,26-Apr-2013,07-Jun-2013,True
743,1651,2013,6501,REG,Expanding the Implementation of the Energy Efficiency Initiative in Developing Member Countries (2nd Supplementary),R-PPTA,,PS,Energy,Bilateral,Single Donor,200.00,USA,,25-Feb-2013,True
744,1652,2013,6502,REG,Regional Knowledge and Partnership Networks for Poverty Reduction and Inclusive Growth,R-CDTA,,C,Public Sector Management,Bilateral,Single Donor,400.00,PRC-PR Fund,20-Nov-2012,29-Apr-2013,True
745,1653,2013,7329,REG,Promoting Access to Renewable Energy in the Pacific (Supplementary),R-CDTA,,PS,Energy,Global Fund,Multidonor,100.00,SCF-SREP,,15-May-2013,True
747,1655,2013,7459,REG,Greater Mekong Subregion Biodiversity Conservation Corridors (2nd Supplementary),R-PPTA,,PS,Agriculture and Natural Resources,Global Fund,Multidonor,150.00,GEF,07-Mar-2013,24-May-2013,True
749,1657,2013,7512,REG,Empowering the Poor through Increasing Access to Energy (5th Supplementary),R-PPTA,,PS,Energy,Bilateral,Single Donor,"3,980.00",NOR,12-Dec-2012,27-Mar-2013,True
750,1658,2013,7629,VIE,Capacity Building for River Basin Water Resources Planning (Supplementary),CDTA,,C,Agriculture and Natural Resources,Bilateral,Single Donor,200.00,NET-WFPF,29-Oct-2012,17-Jan-2013,True
751,1659,2013,7796,PHI,Strengthening Public-Private Partnerships in the Philippines (2nd Supplementary),CDTA,,PS,Public Sector Management,Bilateral,Single Donor,"3,000.00",CAN,05-Nov-2012,10-Jan-2013,True
753,1661,2013,7813,REG,Coastal and Marine Resources Management in the Coral Triangle - Southeast Asia (Supplementary),R-PATA,,PS,Agriculture and Natural Resources,Global Fund,Multidonor,200.00,GEF,,19-Apr-2013,True
756,1664,2013,7926,VIE,Water Resources Development in the Mid- and Northeast Red River Delta (Supplementary),PPTA,,C,Agriculture and Natural Resources,Multi-Donor Trust Fund,Multidonor,450.00,MDTF-WFPF,27-Feb-2013,22-May-2013,True
757,1665,2013,7959,TON,Implementing Strategic Economic Management (Supplementary),CDTA,,PS,Public Sector Management,Bilateral,Single Donor,"1,325.00",AUS,06-Jun-2013,20-Jun-2013,True
759,1667,2013,7984,NEP,Mainstreaming Climate Change Risk Management in Development (Supplementary),CDTA,,PS,Multisector,Multilateral,Multidonor,600.00,NDF,18-Jan-2013,06-Sep-2013,True
760,1668,2013,7987,REG,"Core Environment Program and Biodiversity Conservation Corridors Initiative in the Greater Mekong Subregion, Phase 2 (2nd Supplementary)",R-CDTA,,PS,Agriculture and Natural Resources,Multilateral,Multidonor,"5,300.00",NDF,06-Mar-2013,25-Apr-2013,True
761,1669,2013,8003,REG,Strengthening Evaluation of Poverty Reduction Innovations,R-CDTA,,C,Multisector,Multi-Donor Trust Fund,Multidonor,500.00,FSDPF,30-Oct-2012,04-Feb-2013,True
762,1670,2013,8053,BAN,Preparing the Khilket Water Treatment Plant (Supplementary),PPTA,,C,Water and Other Municipal Infrastructure and Services,Multi-Donor Trust Fund,Multidonor,500.00,MDTF-WFPF,01-Jul-2013,12-Aug-2013,True
763,1671,2013,8064,TIM,Second District Capitals Water Supply (Supplementary),PPTA,,C,Water and Other Municipal Infrastructure and Services,Multi-Donor Trust Fund,Multidonor,200.00,MDTF-WFPF,29-Nov-2012,19-Jun-2013,True
764,1672,2013,8065,REG,Enhancing ADB's Engagement in Fragile and Conflict-Affected Situations (Supplementary),R-CDTA,,PS,Public Sector Management,Bilateral,Single Donor,121.32,AUS,16-May-2013,30-May-2013,True
765,1673,2013,8085,BAN,Support for the Third Primary Education Development Project (2nd Supplementary),CDTA,J,PS,Education,Bilateral,Single Donor,"1,150.00",CAN,,13-Dec-2013,True
766,1674,2013,8100,TUV,Institutional Strengthening of the Ministry of Finance and Economic Development (2nd Supplementary),CDTA,,PS,Public Sector Management,Multilateral,Multidonor,54.28,Commonwealth Secretariat,15-Jul-2013,20-May-2013,True
767,1675,2013,8100,TUV,Institutional Strengthening of the Ministry of Finance and Economic Development (Supplementary),CDTA,,PS,Public Sector Management,Bilateral,Single Donor,76.42,AUS,28-Jun-2012,12-Feb-2013,True
769,1677,2013,8116,IND,Advanced Project Preparedness for Poverty Reduction - Detailed Design for the SASEC Subregional Road Connectivity (Subproject 25) (2nd Supplementary),PPTA,,PS,Transport and ICT,Bilateral,Single Donor,430.00,UKG,,25-Oct-2013,True
772,1680,2013,8135,PHI,Design of a Pilot Project to Improve Environmental Conditions of Estero de Paco (Supplementary),S-CDTA,J,C,Water and Other Municipal Infrastructure and Services,Multi-Donor Trust Fund,Multidonor,220.00,MDTF-WFPF,,10-Oct-2013,True
773,1681,2013,8154,BAN,Irrigation Management Improvement Investment Program,PPTA,,C,Agriculture and Natural Resources,Multi-Donor Trust Fund,Multidonor,275.00,MDTF-WFPF,29-Nov-2012,10-Apr-2013,True
776,1684,2013,8173,NEP,Supporting the Strengthening Public Management Program (Supplementary),CDTA,,PS,Public Sector Management,Multilateral,Multidonor,"2,950.00",EC,,05-Nov-2013,True
778,1686,2013,8225,REG,Greater Mekong Subregion Phnom Penh Plan for Development Management Phase V (Supplementary),CDTA,,C,Public Sector Management,Bilateral,Single Donor,500.00,PRC-PR Fund,20-Nov-2012,22-Jan-2013,True
779,1687,2013,8240,REG,Supporting Regional Project Development for Association of Southeast Asian Nations Connectivity (2nd Supplementary),CDTA,J,PS,Multisector,Bilateral,Single Donor,"4,300.00",CAN,,04-Dec-2013,True
780,1688,2013,8240,REG,Supporting Regional Project Development for Association of Southeast Asian Nations Connectivity (2nd Supplementary),CDTA,J,PS,Multisector,Bilateral,Single Donor,"4,500.00",International Enterprise Singapore,,04-Dec-2013,True
781,1689,2013,8240,REG,Supporting Regional Project Development for Association of Southeast Asian Nations Connectivity (Supplementary),CDTA,,C,Multisector,Special Fund,ADB,300.00,RCIF,,27-Feb-2013,True
782,1690,2013,8244,MYA,Capacity Development and Institutional Support (Supplementary),CDTA,J,PS,Multisector,Bilateral,Single Donor,300.00,NOR,,09-Dec-2013,True
785,1693,2013,8314,REG,Green Cities: A Sustainable Urban Future in Southeast Asia (Supplementary),R-CDTA,J,C,Multisector,Multi-Donor Trust Fund,Multidonor,150.00,MDTF-WFPF,,30-Oct-2013,True
786,1694,2013,8320,BAN,Establishing a Regulatory Framework for Urban Water Supply and Sanitation,PATA,,C,Water and Other Municipal Infrastructure and Services,Bilateral,Single Donor,250.00,NET-WFPF,29-Nov-2012,28-Jan-2013,True
789,1697,2013,8328,AFG,Supporting the Inter-Ministerial Commission for Energy,PATA,E,C,Energy,Multi-Donor Trust Fund,Multidonor,"1,500.00",AITF,,22-Feb-2013,True
792,1700,2013,8331,INO,Sustainable Forest and Biodiversity Management in Borneo,CDTA,,C,Agriculture and Natural Resources,Special Fund,ADB,700.00,RCIF,,26-Feb-2013,True
793,1701,2013,8331,INO,Sustainable Forest and Biodiversity Management in Borneo,CDTA,,C,Agriculture and Natural Resources,Special Fund,ADB,"1,250.00",CCF,,26-Feb-2013,True
794,1702,2013,8331,INO,Sustainable Forest and Biodiversity Management in Borneo,CDTA,,PS,Agriculture and Natural Resources,Global Fund,Multidonor,"2,527.27",GEF,,26-Feb-2013,True
795,1703,2013,8334,PHI,Improving Competitiveness in Tourism,CDTA,E,PS,Industry and Trade,Bilateral,Single Donor,"7,116.90",CAN,,05-Mar-2013,True
796,1704,2013,8335,PHI,Employment Facilitation for Inclusive Growth,CDTA,E,PS,Industry and Trade,Bilateral,Single Donor,"5,591.90",Canada,,05-Mar-2013,True
797,1705,2013,8339,BAN,Third Urban Governance and Infrastructure Improvement (Sector),PPTA,,C,Water and Other Municipal Infrastructure and Services,Multi-Donor Trust Fund,Multidonor,450.00,MDTF-WFPF,27-Feb-2013,15-Mar-2013,True
800,1708,2013,8345,REG,Establishment of the Pacific Region Infrastructure Facility Coordination Office,PATA,J,PS,Multisector,Bilateral,Single Donor,"2,400.00",NZL,,27-Mar-2013,True
803,1711,2013,8351,IND,Advanced Project Preparedness for Poverty Reductionâ€”Preparing the Second Power Sector Investment for Assam (Subproject 28),PPTA,E,PS,Energy,Bilateral,Single Donor,750.00,United Kingdom,,11-Apr-2013,True
807,1715,2013,8358,INO,Minimum Service Standards Capacity Development Program,CDTA,E,PS,Education,Multilateral,Multidonor,"47,030.00",EC,,24-Apr-2013,True
809,1717,2013,8360,REG,Implementation of the Strategic Program for Climate Resilience: Pacific Region,R-CDTA,E,PS,Multisector,Global Fund,Multidonor,"3,691.00",SCF-PPCR,,25-Apr-2013,True
810,1718,2013,8361,ARM,Urban Development in Secondary Cities,PATA,,C,Transport and ICT,Multi-Donor Trust Fund,Multidonor,660.00,UFPF-UEIF,,29-Apr-2013,True
814,1722,2013,8367,REG,Prevention and Control of HIV/AIDS and Other Communicable Diseases in Central Asia Regional Economic Cooperation Countries,R-CDTA,,C,Health and Social Protection,Bilateral,Single Donor,300.00,PRC-PR Fund,01-Mar-2013,09-May-2013,True
815,1723,2013,8367,REG,Prevention and Control of HIV/AIDS and Other Communicable Diseases in Central Asia Regional Economic Cooperation Countries,R-CDTA,,C,Health and Social Protection,Multi-Donor Trust Fund,Multidonor,"1,500.00",HIV/AIDS Fund,18-Feb-2013,09-May-2013,True
821,1729,2013,8378,REG,"Pacific Private Sector Development Initiative, Phase III",R-PATA,J,PS,Public Sector Management,Bilateral,Single Donor,"4,500.00",NZL,,06-Jun-2013,True
823,1731,2013,8382,REG,Sustainable Hydropower in Asia Publication,S-CDTA,,C,Energy,Multi-Donor Trust Fund,Multidonor,112.50,MDTF-WFPF,26-Apr-2013,28-May-2013,True
824,1732,2013,8384,REG,Evolving Linkages of the Pacific Economies,R-RDTA,,C,Multisector,Special Fund,ADB,500.00,RCIF,,17-Jun-2013,True
825,1733,2013,8385,MYA,Support for Post-Primary Education Development,PATA,,PS,Education,Bilateral,Single Donor,500.00,AUS,03-Oct-2013,19-Jun-2013,True
832,1740,2013,8398,MYA,Design of e-Governance Master Plan and Review of Information and Communication Technology Capacity in Academic Institutions,PATA,J,C,Transport and ICT,Bilateral,Single Donor,500.00,EAKPF,,04-Jul-2013,True
835,1743,2013,8401,AFG,Gas Development Master Plan,PATA,J,C,Energy,Multi-Donor Trust Fund,Multidonor,800.00,AITF,,11-Jul-2013,True
836,1744,2013,8407,INO,Planning a Pilot Carbon Capture and Storage Activity,S-CDTA,,C,Energy,Multi-Donor Trust Fund,Multidonor,225.00,CCSF,14-May-2013,18-Jul-2013,True
837,1745,2013,8408,REG,Communications Campaign for Prevention of HIV/AIDS,S-CDTA,E,C,Health and Social Protection,Multi-Donor Trust Fund,Multidonor,225.00,HIV/AIDS Fund,,29-Jul-2013,True
838,1746,2013,8412,NEP,South Asia Subregional Economic Cooperation (SASEC) Power System Expansion,PPTA,E,C,Energy,Bilateral,Single Donor,500.00,PRC-PR Fund,,30-Jul-2013,True
839,1747,2013,8412,NEP,South Asia Subregional Economic Cooperation (SASEC) Power System Expansion,PPTA,E,C,Energy,Bilateral,Single Donor,"1,000.00",JFPR,,30-Jul-2013,True
842,1750,2013,8420,IND,Advanced Project Preparedness for Poverty Reductionâ€”Enhancing Capacities of Executing and Implementing Agencies to Achieve Gender Equality Results (Subproject 29),CDTA,E,PS,Multisector,Bilateral,Single Donor,500.00,UKG,,06-Aug-2013,True
845,1753,2013,8424,PRC,Hubei Enshi Qing River Upstream Environment Rehabilitation,PPTA,,C,Multisector,Multi-Donor Trust Fund,Multidonor,200.00,MDTF-WFPF,01-Jul-2013,09-Aug-2013,True
846,1754,2013,8425,REG,Second Greater Mekong Subregion Corridor Towns Development,R-PPTA,,C,Water and Other Municipal Infrastructure and Services,Bilateral,Single Donor,500.00,PRC-PR Fund,,13-Aug-2013,True
847,1755,2013,8430,REG,Promoting Regional Knowledge Sharing Partnerships,R-CDTA,E,C,Public Sector Management,Bilateral,Single Donor,600.00,PRC-PR Fund,,16-Aug-2013,True
849,1757,2013,8432,INO,"Improving Water Planning, Management and Development",PATA,E,C,Agriculture and Natural Resources,Bilateral,Single Donor,"1,500.00",NET-WFPF,,09-Aug-2013,True
850,1758,2013,8433,REG,Technical Training and Capacity Building for Selected Asian Countries on Regional Economic and Financial Monitoring (Phase 2),R-CDTA,,C,Public Sector Management,Bilateral,Single Donor,400.00,PRC-PR Fund,,16-Aug-2013,True
851,1759,2013,8433,REG,Technical Training and Capacity Building for Selected Asian Countries on Regional Economic and Financial Monitoring (Phase 2),R-CDTA,,C,Public Sector Management,Special Fund,ADB,500.00,RCIF,,16-Aug-2013,True
857,1765,2013,8441,REG,Development and Dissemination of Climate-Resilient Rice Varieties for Water-Short Areas of South Asia and Southeast Asia,R-RDTA,J,C,Agriculture and Natural Resources,Bilateral,Single Donor,620.00,Second Finnish Technical Assistance Grant Fund,,05-Sep-2013,True
858,1766,2013,8441,REG,Development and Dissemination of Climate-Resilient Rice Varieties for Water-Short Areas of South Asia and Southeast Asia,R-RDTA,,C,Agriculture and Natural Resources,Special Fund,ADB,750.00,CCF,,05-Sep-2013,True
861,1769,2013,8446,REG,Sustainable Energy Training Program,R-CDTA,E,C,Energy,Multi-Donor Trust Fund,Multidonor,225.00,CEF-CEFPF,,12-Sep-2013,True
863,1771,2013,8453,SRI,Trincomalee Integrated Urban Development,PPTA,E,C,Water and Other Municipal Infrastructure and Services,Multi-Donor Trust Fund,Multidonor,500.00,MDTF-WFPF,,20-Sep-2013,True
866,1774,2013,8457,PRC,Wastewater Treatment and Reuse,CDTA,J,C,Water and Other Municipal Infrastructure and Services,Multi-Donor Trust Fund,Multidonor,250.00,MDTF-WFPF,,20-Sep-2013,True
867,1775,2013,8457,PRC,Wastewater Treatment and Reuse,CDTA,J,C,Water and Other Municipal Infrastructure and Services,Special Fund,ADB,250.00,CCF,,20-Sep-2013,True
874,1782,2013,8472,MYA,Mandalay City Urban Services Improvement,PPTA,J,C,Water and Other Municipal Infrastructure and Services,Bilateral,Single Donor,500.00,FRA-AFD GMS Fund,,03-Oct-2013,True
875,1783,2013,8472,MYA,Mandalay City Urban Services Improvement,PPTA,J,C,Water and Other Municipal Infrastructure and Services,Multi-Donor Trust Fund,Multidonor,500.00,MDTF-WFPF,,03-Oct-2013,True
882,1790,2013,8486,IND,Rajasthan Renewable Energy Capacity Development and Implementation Support,CDTA,E,PS,Energy,Global Fund,Multidonor,"2,000.00",CTF,,22-Oct-2013,True
883,1791,2013,8487,SOL,Information and Communication Technology for Better Education Services,CDTA,E,C,Education,Bilateral,Single Donor,500.00,EAKPF,,21-Oct-2013,True
884,1792,2013,8491,PRC,Strengthening Urban Flood Management in Huainan Municipality,PATA,E,C,Agriculture and Natural Resources,Multi-Donor Trust Fund,Multidonor,500.00,MDTF-WFPF,,25-Oct-2013,True
888,1796,2013,8501,REG,Capacity Development for the Supply Chain Finance Program,R-CDTA,J,C,Industry and Trade,Multi-Donor Trust Fund,Multidonor,300.00,FSDPF,,11-Nov-2013,True
889,1797,2013,8501,REG,Capacity Development for the Supply Chain Finance Program,R-CDTA,J,C,Industry and Trade,Special Fund,ADB,500.00,RCIF,,11-Nov-2013,True
890,1798,2013,8503,REG,Partnership for Innovation in Education in Asia and the Pacific,R-PATA,J,PS,Education,Bilateral,Single Donor,"1,300.00",FIN,,11-Nov-2013,True
895,1803,2013,8518,INO,Sustainable Infrastructure Assistance Program â€” Green Cities - A Sustainable Urban Future in Indonesia (Subproject 4),CDTA,E,PS,Water and Other Municipal Infrastructure and Services,Bilateral,Single Donor,"1,000.00",AUS,,26-Nov-2013,True
896,1804,2013,8520,REG,Asia Pacific Public Electronic Procurement Network,R-CDTA,J,C,Public Sector Management,Bilateral,Single Donor,500.00,EAKPF,,02-Dec-2013,True
897,1805,2013,8525,MLD,Enhancing Tax Administration Capacity,CDTA,E,C,Public Sector Management,Bilateral,Single Donor,850.00,JFPR,,04-Dec-2013,True
899,1807,2013,8530,INO,"Sustainable Infrastructure Assistance Program â€” Strengthening Community Participation in Project Design, Implementation, and Monitoring in Regional Roads Development Projects (Subproject 5)",CDTA,E,PS,Transport and ICT,Bilateral,Single Donor,"1,000.00",AUS,,06-Dec-2013,True
902,1810,2013,8543,IND,Advanced Project Preparedness for Poverty Reductionâ€”Project Preparation and Implementation Support for Uttarakhand Emergency Assistance (Subproject 30),PPTA,E,PS,Transport and ICT,Bilateral,Single Donor,"2,000.00",UKG,,09-Dec-2013,True
903,1811,2013,8546,TAJ,Strengthening Private Sector Participation in Technical and Vocational Education and Training,PPTA,E,C,Education,Bilateral,Single Donor,700.00,JFPR,,10-Dec-2013,True
904,1812,2013,8549,REG,Implementing the Greater Mekong Subregion Human Resource Development Strategic Framework and Action Plan (Phase 2),R-PATA,J,C,Multisector,Bilateral,Single Donor,500.00,PRC-PR Fund,,09-Dec-2013,True
905,1813,2013,8549,REG,Implementing the Greater Mekong Subregion Human Resource Development Strategic Framework and Action Plan (Phase 2),R-PATA,J,C,Multisector,Special Fund,ADB,500.00,RCIF,,09-Dec-2013,True
906,1814,2013,8550,REG,Inclusive Business Support,R-CDTA,J,PS,Multisector,Bilateral,Single Donor,"3,100.00",SWE,,10-Dec-2013,True
907,1815,2013,8550,REG,Inclusive Business Support,R-CDTA,J,PS,Multisector,Private Sector,Multidonor,100.00,Credit Suisse AG,,10-Dec-2013,True
908,1816,2013,8554,PRC,Establishing a Regional Knowledge Hub on Green Growth and Eco-Compensation,CDTA,E,C,Multisector,Multi-Donor Trust Fund,Multidonor,300.00,MDTF-WFPF,,12-Dec-2013,True
909,1817,2013,8556,REG,Supporting the Cities Development Initiative for Asia,CDTA,J,C,Multisector,Multi-Donor Trust Fund,Multidonor,"5,000.00",UFPF-UCCRTF,,06-Dec-2013,True
910,1818,2013,8556,REG,Supporting the Cities Development Initiative for Asia,CDTA,J,PS,Multisector,Bilateral,Single Donor,"2,000.00",AUT,,06-Dec-2013,True
911,1819,2013,8556,REG,Supporting the Cities Development Initiative for Asia,CDTA,J,PS,Multisector,Bilateral,Single Donor,"7,084.00",SWE,,06-Dec-2013,True
912,1820,2013,8557,TAJ,Investment Climate Reforms,PATA,E,C,Multisector,Bilateral,Single Donor,"1,000.00",JFPR,,13-Dec-2013,True
913,1821,2013,8560,MON,Tuul River Improvement,PPTA,E,C,Agriculture and Natural Resources,Bilateral,Single Donor,"1,000.00",JFPR,,13-Dec-2013,True
914,1822,2013,8566,REG,Mainstreaming Integrated Solid Waste Management in Asia,R-CDTA,J,C,Water and Other Municipal Infrastructure and Services,Multi-Donor Trust Fund,Multidonor,600.00,UFPF-UEIF,,09-Dec-2013,True
916,1824,2013,8570,REG,Support to Community-Based Disaster Risk Management in Southeast Asia,CDTA,E,C,Public Sector Management,Bilateral,Single Donor,"1,000.00",IDRMF,,09-Dec-2013,True
917,1825,2013,8584,REG,Coordinated Border Management for Results in Central Asia Regional Economic Cooperation,R-CDTA,E,C,Industry and Trade,Bilateral,Single Donor,"1,250.00",JFPR,,16-Dec-2013,True
918,1826,2013,8585,REG,Aligning Customs Trade Facilitation Measures with Best Practices in Central Asia Regional Economic Cooperation,R-CDTA,E,C,Industry and Trade,Bilateral,Single Donor,"1,250.00",JFPR,,16-Dec-2013,True
919,1827,2013,8586,REG,Facilitation of Regional Transit Trade in Central Asia Regional Economic Cooperation,R-PATA,E,C,Industry and Trade,Bilateral,Single Donor,"1,500.00",JFPR,,16-Dec-2013,True
920,1828,2013,8589,REG,Supporting the Operationalization of Community-Driven Development in Developing Member Countries,R-CDTA,J,C,Multisector,Bilateral,Single Donor,500.00,EAKPF,,16-Dec-2013,True
921,1829,2013,8590,PHI,Enhancing Capacities for the KALAHIâ€“CIDSS National Community-Driven Development,CDTA,E,C,Multisector,Bilateral,Single Donor,"1,500.00",JFPR,,18-Dec-2013,True
922,1830,2013,8592,VIE,Improving Payment for Forest Ecosystem Service Implementation,CDTA,E,C,Agriculture and Natural Resources,Bilateral,Single Donor,"1,500.00",JFPR,,16-Dec-2013,True
923,1831,2013,8601,REG,Women-Led Sanitation: Driving Change through ADBâ€“CSO Partnerships,R-RDTA,E,C,Water and Other Municipal Infrastructure and Services,Multi-Donor Trust Fund,Multidonor,225.00,MDTF-WFPF,,20-Dec-2013,True
924,1832,2013,8605,TAJ,Capacity Building for Rural Financial Inclusion,CDTA,J,C,Finance,Multi-Donor Trust Fund,Multidonor,200.00,FSDPF,,24-Dec-2013,True
925,1833,2013,8612,REG,The Asia Leadership Program: Building Communities of Leaders through Regional Knowledge Sharing,R-CDTA,J,C,Multisector,Bilateral,Single Donor,500.00,EAKPF,,13-Dec-2013,True
926,1834,2014,6321,REG,Fighting HIV/AIDS in Asia and the Pacific (5th Supplementary),R-CDTA,J,C,Health and Social Protection,Multi-Donor Trust Fund,Multidonor,180.00,HIV/AIDS Fund,,16-May-2014,True
927,1835,2014,6321,REG,Fighting HIV/AIDS in Asia and the Pacific (5th Supplementary),R-CDTA,J,C,Health and Social Protection,Multi-Donor Trust Fund,Multidonor,670.00,HIV/AIDS Fund,,02-Apr-2014,True
942,1850,2014,8043,IND,Advanced Project Preparedness for Poverty Reduction - Rajasthan Urban Development Program (Subproject 22) (Supplementary),PPTA,E,PS,Water and Other Municipal Infrastructure and Services,Bilateral,Single Donor,50.00,United Kingdom,,16-Apr-2014,True
948,1856,2014,8223,REG,Supporting the Use of Carbon Financing to Promote Green Growth in Asia and the Pacific (Supplementary),R-CDTA,J,C,Multisector,Bilateral,Single Donor,26.00,Swiss Cooperation Fund for Consulting Services,,04-Dec-2014,True
949,1857,2014,8223,REG,Supporting the Use of Carbon Financing to Promote Green Growth in Asia and the Pacific (Supplementary),R-CDTA,J,C,Multisector,Bilateral,Single Donor,115.00,Spain,,04-Dec-2014,True
950,1858,2014,8223,REG,Supporting the Use of Carbon Financing to Promote Green Growth in Asia and the Pacific (Supplementary),R-CDTA,J,C,Multisector,Bilateral,Single Donor,443.00,EAKPF,,04-Dec-2014,True
956,1864,2014,8408,REG,Communications Campaign for Prevention of HIV/AIDS (Supplementary),S-CDTA,,C,Health and Social Protection,Multi-Donor Trust Fund,Multidonor,25.00,HIV/AIDS Fund,20-Dec-2013,24-Jan-2014,True
957,1865,2014,8420,IND,Advanced Project Preparedness for Poverty Reductionâ€”Enhancing Capacities of Executing and Implementing Agencies to Achieve Gender Equality Results (Subproject 29) (Supplementary),CDTA,E,PS,Multisector,Bilateral,Single Donor,100.00,United Kingdom,,07-Nov-2014,True
958,1866,2014,8425,REG,Second Greater Mekong Subregion Corridor Towns Development (Supplementary),R-PPTA,J,C,Water and Other Municipal Infrastructure and Services,Bilateral,Single Donor,385.00,IDRMF,,15-May-2014,True
961,1869,2014,8485,REG,Strengthening Regional Response to Malaria and Other Communicable Diseases in Asia and the Pacific (2nd Supplementary),CDTA,J,PS,Health and Social Protection,Bilateral,Single Donor,635.54,Australia,,17-Dec-2014,True
962,1870,2014,8485,REG,Strengthening Regional Response to Malaria and Other Communicable Diseases in Asia and the Pacific (2nd Supplementary),CDTA,J,PS,Health and Social Protection,Private Sector,Single Donor,"1,077.83",Bill and Melinda Gates Foundation,,17-Dec-2014,True
963,1871,2014,8485,REG,Strengthening Regional Response to Malaria and Other Communicable Diseases in Asia and the Pacific (Supplementary),CDTA,J,C,Health and Social Protection,Multi-Donor Trust Fund,Multidonor,750.00,HFPF-RMTF,,09-May-2014,True
972,1880,2014,8629,REG,"Strengthening the Capacity of Public Financial Institutions for Low Carbon, Climate Resilient Infrastructure and Technology Investment",S-CDTA,E,C,Finance,Multi-Donor Trust Fund,Multidonor,200.00,FSDPF,,31-Mar-2014,True
982,1890,2014,8644,REG,Sustainable Energy Training Program 2014,S-CDTA,E,C,Energy,Multi-Donor Trust Fund,Multidonor,225.00,CEF-CEFPF,,08-May-2014,True
990,1898,2014,8655,REG,Facilitating Trade for Fragile and Landlocked States in the Post-Bali Institutional Environment,R-CDTA,J,PS,Industry and Trade,Bilateral,Single Donor,300.00,Australia,,16-Dec-2014,True
997,1905,2014,8662,PRC,Improving Clean Bus Operations and Management,CDTA,E,PS,Transport and ICT,Global Fund,Multidonor,"2,315.00",GEF,,09-Jun-2014,True
999,1907,2014,8666,INO,Sustainable Infrastructure Assistance Program â€” Capacity Development for the Metropolitan Sanitation Management Investment (Subproject 6),CDTA,E,PS,Water and Other Municipal Infrastructure and Services,Bilateral,Single Donor,"2,000.00",Australia,,13-Jun-2014,True
1005,1913,2014,8681,REG,Awareness Raising to Adopt Action for Malaria Elimination in Asia Pacific,CDTA,E,C,Health,Multi-Donor Trust Fund,Multidonor,225.00,HFPF-RMTF,,02-Jul-2014,True
1010,1918,2014,8698,VIE,Second Secondary Education Sector Development Program,PPTA,E,C,Education,Bilateral,Single Donor,"1,000.00",JFPR,,13-Aug-2014,True
1018,1926,2014,8726,VIE,Implementation of Civil Service Reform Plan,CDTA,E,C,Public Sector Management,Bilateral,Single Donor,"1,000.00",JFPR,,23-Sep-2014,True
1020,1928,2014,8729,REG,Pacific Business Investment Facility,R-CDTA,J,C,Finance,Multi-Donor Trust Fund,Multidonor,"11,000.00",PBI,,26-Sep-2014,True
1026,1934,2014,8746,REG,Central Asia Regional Economic Cooperation: Working with the Private Sector in Trade Facilitation (Phase 2),PATA,J,C,Industry and Trade,Special Fund,ADB,500.00,RCIF,,30-Oct-2014,True
1031,1939,2014,8758,MYA,Third Greater Mekong Subregion Corridor Towns Development,PPTA,J,C,Water and Other Urban Infrastructure and Services,Bilateral,Single Donor,350.00,NET-WFPF,,17-Nov-2014,True
1032,1940,2014,8758,MYA,Third Greater Mekong Subregion Corridor Towns Development,PPTA,J,C,Water and Other Urban Infrastructure and Services,Special Fund,ADB,500.00,RCIF,,17-Nov-2014,True
1033,1941,2014,8760,IND,Capacity Building for the Additional Skill Acquisition Program,CDTA,E,C,Education,Bilateral,Single Donor,"1,500.00",JFPR,,19-Nov-2014,True
1034,1942,2014,8763,REG,Results for Malaria Elimination and Control of Communicable Disease Threats in Asia and the Pacific,CDTA,E,C,Health,Multi-Donor Trust Fund,Multidonor,"18,000.00",HFPF-RMTF,,20-Nov-2014,True
1037,1945,2014,8785,REG,Mekong Business Initiative,R-PATA,J,PS,Public Sector Management,Bilateral,Single Donor,"10,000.00",Australia,,03-Dec-2014,True
1043,1951,2014,8808,AFG,Renewable Energy Development,CDTA,E,C,Energy,Multi-Donor Trust Fund,Multidonor,"1,000.00",CEF-CEFPF,,12-Dec-2014,True
1044,1952,2014,8812,REG,Enhanced Use of Disaster Risk Information for Decision Making in Southeast Asia,CDTA,E,C,Public Sector Management,Bilateral,Single Donor,"1,000.00",IDRMF,,11-Dec-2014,True
1049,1957,2014,8841,MON,Darkhan Urban Utility Institutional Improvement Action Plan,CDTA,E,C,Water and Other Urban Infrastructure and Services,Multi-Donor Trust Fund,Multidonor,400.00,UFPF-UEIF,,16-Dec-2014,True
1053,1961,2014,8868,REG,Strengthening Disaster Resilience in Selected Urban Areas of Southeast Asia,R-RDTA,J,C,Water and Other Urban Infrastructure and Services,Bilateral,Single Donor,25.00,IDRMF,,24-Dec-2014,True
1054,1962,2014,8868,REG,Strengthening Disaster Resilience in Selected Urban Areas of Southeast Asia,R-RDTA,J,PS,Water and Other Urban Infrastructure and Services,Bilateral,Single Donor,200.00,GIZ,,24-Dec-2014,True
1055,1963,2015,6445,REG,Support for Implementation of the Second Governance and Anticorruption Action Plan (2nd Supplementary),PATA,E,C,Public Sector Management,Multi-Donor Trust Fund,Multidonor,272.00,GCF,,10-Jun-2015,True
1059,1967,2015,8007,IND,Advanced Project Preparedness for Poverty Reduction - West Bengal North South Road Corridor (Subproject 18) (2nd Supplementary),PPTA,J,PS,Transport and ICT,Bilateral,Single Donor,100.00,United Kingdom,,23-Sep-2015,True
1066,1974,2015,8254,REG,Enhancing Economic Analysis and South-South Learning,PATA,J,C,Public Sector Management,Special Fund,ADB,500.00,RCIF,,06-Jul-2015,True
1068,1976,2015,8362,PNG,Strategic Program for Climate Resilience Implementation (Supplementary),PPTA,E,PS,Agriculture and Natural Resources,Global Fund,Multidonor,200.00,SCF-PPCR,,09-Nov-2015,True
1072,1980,2015,8472,MYA,Mandalay City Urban Services Improvement (Supplementary),PPTA,J,C,Water and Other Municipal Infrastructure and Services,Bilateral,Single Donor,300.00,FRA-AFD GMS Fund,,17-Aug-2015,True
1078,1986,2015,8550,REG,Inclusive Business Support (Supplementary),CDTA,J,PS,Multisector,Bilateral,Single Donor,160.00,GIZ,,17-Dec-2015,True
1079,1987,2015,8556,REG,Supporting the Cities Development Initiative for Asia (Supplementary),CDTA,J,PS,Multisector,Bilateral,Single Donor,300.00,AUT,,30-Oct-2015,True
1080,1988,2015,8570,REG,Support to Community-Based Disaster Risk Management in Southeast Asia (Supplementary),CDTA,J,C,Public Sector Management,Bilateral,Single Donor,750.00,IDRMF,,10-Nov-2015,True
1081,1989,2015,8636,REG,Mainstreaming Results-Based Public Sector Managementâ€”Supporting the Initiatives of the Asia-Pacific Community of Practice on Managing for Development Results (Supplementary),R-CDTA,J,C,Public Sector Management,Multi-Donor Trust Fund,Multidonor,50.63,MFDR,,30-Jun-2015,True
1083,1991,2015,8749,IND,Advanced Project Preparedness for Poverty Reductionâ€”Capacity Development of Institutions in the Urban Sector in Rajasthan (Subproject 32) (Supplementary),CDTA,J,PS,Water and Other Urban Infrastructure and Services,Bilateral,Single Donor,225.00,UKG,,09-Apr-2015,True
1084,1992,2015,8819,REG,Sector and Thematic Analyses in Policy Development (Supplementary),CDTA,J,PS,Public Sector Management,Bilateral,Single Donor,90.00,Australia,,02-Dec-2015,True
1089,1997,2015,8877,INO,Tax Revenue Administration Modernization and Policy Improvement in Local Governments,CDTA,E,PS,Public Sector Management,Bilateral,Multidonor,"5,000.00",SECO,,12-Feb-2015,True
1092,2000,2015,8897,REG,Climate-Friendly Agribusiness Value Chains Sector,PPTA,J,C,"Agriculture, Natural Resources and Rural Development",Bilateral,Single Donor,"1,000.00",CEFPF-CCFPSA,,12-May-2015,True
1093,2001,2015,8897,REG,Climate-Friendly Agribusiness Value Chains Sector,PPTA,J,C,"Agriculture, Natural Resources and Rural Development",Bilateral,Single Donor,"1,500.00",ACEF,,12-May-2015,True
1095,2003,2015,8899,IND,Strengthening Capacity of the National Urban Health Mission,CDTA,E,C,Health,Bilateral,Single Donor,"2,000.00",JFPR,,28-May-2015,True
1101,2009,2015,8921,MYA,Renewable Energy for the Nationwide Telecommunications,CDTA,E,C,Energy,Bilateral,Single Donor,"1,000.00",CEFPF-CCFPSA,,30-Jun-2015,True
1104,2012,2015,8925,REG,Capacity Development for Expansion of the Trade Finance Program into the Pacific and Enhanced Safeguards and Integrity Measures for Trade Finance Program Banks,CDTA,E,PS,Industry and Trade,Bilateral,Single Donor,"2,735.00",AUS,,03-Jul-2015,True
1109,2017,2015,8940,PRC,Municipality-Level Publicâ€“Private Partnership Operational Framework for Chongqing,PATA,E,PS,Public Sector Management,Multilateral,Multidonor,350.00,PPIAF,,11-Aug-2015,True
1121,2029,2015,8969,AFG,Preparing the Kabul Managed Aquifer Recharge,PPTA,E,C,"Agriculture, Natural Resources and Rural Development",Multi-Donor Trust Fund,Multidonor,"7,600.00",AITF,,01-Oct-2015,True
1127,2035,2015,8989,REG,Greater Mekong Subregion: Capacity Development for Economic Zones in Border Areas,CDTA,J,C,Water and Other Urban Infrastructure and Services,Bilateral,Single Donor,400.00,PRC-PR Fund,,12-Nov-2015,True
1128,2036,2015,8990,PAK,Enabling Economic Corridors through Sustainable Transport Sector Development,CDTA,E,PS,Transport,Bilateral,Single Donor,"15,406.27",DFID,,17-Nov-2015,True
1131,2039,2015,9001,MON,Strategy for Northeast Asia Power System Inteconnection,PATA,J,C,Energy,Bilateral,Single Donor,500.00,EAKPF,,27-Nov-2015,True
1134,2042,2015,9002,VIE,Sustainable and Resilient Urban Development,CDTA,J,PS,Water and Other Urban Infrastructure and Services,Multilateral,Multidonor,545.00,NDF,,27-Nov-2015,True
1135,2043,2015,9003,REG,Integrated Resource Planning with Strategic Environmental Assessment for Sustainable Power Sector Development in the Greater Mekong Subregion,CDTA,E,PS,Energy,Bilateral,Single Donor,"1,100.00",AFD,,27-Nov-2015,True
1140,2048,2015,9030,MON,Ulaanbaatar Affordable Housing and Urban Renewal,PPTA,E,C,Water and Other Urban Infrastructure and Services,Bilateral,Single Donor,"1,000.00",JFPR,,10-Dec-2015,True
1142,2050,2015,9048,REG,Promoting Smart Drinking Water Management in South Asian Cities,CDTA,J,C,Water and Other Urban Infrastructure and Services,Bilateral,Single Donor,500.00,EAKPF,,15-Dec-2015,True
