,Partner,Year,Approval Numbers CoFin,Extracted Approval Number,Proj No,Loan/Grant Title
0,ADFD,2012,2949/8263,2949,40540-014,South Asia Subregional Economic Cooperation Road Connectivity
1,ADFD,2012,2949/8263,8263,40540-014,South Asia Subregional Economic Cooperation Road Connectivity
2,ADFD,2013,2990/2991,2990,43281-013,Tanahu Hydropower
3,ADFD,2013,2990/2991,2991,43281-013,Tanahu Hydropower
4,"France,AFD",2014,3146/3147/0084/8290,3146,47037-004,Green Power Development and Energy Efficiency Improvement Investment Program ﾖ Tranche 1
5,"France,AFD",2014,3146/3147/0084/8290,3147,47037-004,Green Power Development and Energy Efficiency Improvement Investment Program ﾖ Tranche 1
6,"France,AFD",2014,3146/3147/0084/8290,0084,47037-004,Green Power Development and Energy Efficiency Improvement Investment Program ﾖ Tranche 1
7,"France,AFD",2014,3146/3147/0084/8290,8290,47037-004,Green Power Development and Energy Efficiency Improvement Investment Program ﾖ Tranche 1
8,"France,AFD",2015,3151/401-2/466-7/8299-300,3151,42334-014,Rural Roads Improvement IIﾗAdditional Financing
9,"France,AFD",2015,3151/401-2/466-7/8299-300,401-2,42334-014,Rural Roads Improvement IIﾗAdditional Financing
10,"France,AFD",2015,3151/401-2/466-7/8299-300,466-7,42334-014,Rural Roads Improvement IIﾗAdditional Financing
11,"France,AFD",2015,3151/401-2/466-7/8299-300,8299-300,42334-014,Rural Roads Improvement IIﾗAdditional Financing
12,"France,AFD",2015,3316/0455,3316,47127-002,Mandalay Urban Services Improvement
13,"France,AFD",2015,3316/0455,0455,47127-002,Mandalay Urban Services Improvement
14,"France,AFD",2015,3363/3364/8302,3363,40080-025,Ha Noi Metro Rail System(Line 3
15,"France,AFD",2015,3363/3364/8302,3364,40080-025,Ha Noi Metro Rail System(Line 3
16,"France,AFD",2015,3363/3364/8302,8302,40080-025,Ha Noi Metro Rail System(Line 3
17,AIF,2013,3083/8276,3083,42362-013,Java-Bali 500-Kilovolt Power Transmission Crossing
18,AIF,2013,3083/8276,8276,42362-013,Java-Bali 500-Kilovolt Power Transmission Crossing
21,AIF,2014,3161/8286,3161,46391-001,Ha Noi and Ho Chi Minh City Power Grid Development Sector
22,AIF,2014,3161/8286,8286,46391-001,Ha Noi and Ho Chi Minh City Power Grid Development Sector
23,AIF,2015,3303/8293,3303,49043-001,Sustainable and Inclusive Energy Program (Subprogram 1)
24,AIF,2015,3303/8293,8293,49043-001,Sustainable and Inclusive Energy Program (Subprogram 1)
25,AIF,2015,3310/8294,3310,46422-003,Greater Mekong Subregion East-West Economic Corridor Eindu to Kawkareik Road Improvement
26,AIF,2015,3310/8294,8294,46422-003,Greater Mekong Subregion East-West Economic Corridor Eindu to Kawkareik Road Improvement
27,AIF,2015,3315/8296,3315,46443-003,Second Greater Mekong Subregion Corridors Towns Development
28,AIF,2015,3315/8296,8296,46443-003,Second Greater Mekong Subregion Corridors Towns Development
29,AIF,2015,3339/8297,3339,49080-001,Electricity Grid StrengtheningﾗSumatra Program
30,AIF,2015,3339/8297,8297,49080-001,Electricity Grid StrengtheningﾗSumatra Program
32,AITF,2012,0244/0291,0244,42095-033,Road Network Development Investment Program - Tranche 2
33,AITF,2012,0244/0291,0291,42095-033,Road Network Development Investment Program - Tranche 2
34,AITF,2012,0327-0328,0327-0328,44482-023,Transport Network Development Investment Program - Tranche 2
35,AITF,2013,0327-0328,0327-0328,44482-023,Transport Network Development Investment Program ﾗ Tranche 2 (Supplementary)
36,AITF,2013,0374/0375,0374,46392-001,North-South Power Transmission Enhancement
37,AITF,2013,0374/0375,0375,46392-001,North-South Power Transmission Enhancement
38,AITF,2014,0411/0412,0411,48326-001,Northern Flood-Damaged Infrastructure Emergency Rehabilitation
39,AITF,2014,0411/0412,0412,48326-001,Northern Flood-Damaged Infrastructure Emergency Rehabilitation
40,AITF,2015,0126/0437,0126,39370-023,Agriculture Market InfrastructureﾗAdditional Financing
41,AITF,2015,0126/0437,0437,39370-023,Agriculture Market InfrastructureﾗAdditional Financing
43,AITF,2015,0464/0465,0464,47282-003,Energy Supply Improvement ProgramﾗTranche 1
44,AITF,2015,0464/0465,0465,47282-003,Energy Supply Improvement ProgramﾗTranche 1
45,AsIF,2015,3250/0471/8303,3250,45041-002,Vientiane Sustainable Urban Transport
46,AsIF,2015,3250/0471/8303,0471,45041-002,Vientiane Sustainable Urban Transport
47,AsIF,2015,3250/0471/8303,8303,45041-002,Vientiane Sustainable Urban Transport
48,AsIF,2015,3316/0455,3316,47127-002,Mandalay Urban Services Improvement
49,AsIF,2015,3316/0455,0455,47127-002,Mandalay Urban Services Improvement
81,Australia,2006,0049/50,0049,39581-012,Road Improvement (Sector)
82,Australia,2006,0049/50,0050,39581-012,Road Improvement (Sector)
94,Australia,2007,2372/0095/2988/0337,2372,36353-013,Greater Mekong Subregion
95,Australia,2007,2372/0095/2988/0337,0095,36353-013,Greater Mekong Subregion
96,Australia,2007,2372/0095/2988/0337,2988,36353-013,Greater Mekong Subregion
97,Australia,2007,2372/0095/2988/0337,0337,36353-013,Greater Mekong Subregion
100,Australia,2008,0049/50,0049,39581-012,Road Improvement (Sector) (Supplementary)
101,Australia,2008,0049/50,0050,39581-012,Road Improvement (Sector) (Supplementary)
104,Australia,2009,0049/50,0049,39581-012,Road Improvement (Sector) (2nd Supplementary)
105,Australia,2009,0049/50,0050,39581-012,Road Improvement (Sector) (2nd Supplementary)
106,Australia,2009,0049/50,0049,39581-012,Road Improvement (Sector) (2nd Supplementary)
107,Australia,2009,0049/50,0050,39581-012,Road Improvement (Sector) (2nd Supplementary)
114,Australia,2009,2168/7/13/75/0193,2168,36601-013,North East Community Restoration and Development II (Supplementary)
115,Australia,2009,2168/7/13/75/0193,0007,36601-013,North East Community Restoration and Development II (Supplementary)
116,Australia,2009,2168/7/13/75/0193,0013,36601-013,North East Community Restoration and Development II (Supplementary)
117,Australia,2009,2168/7/13/75/0193,0075,36601-013,North East Community Restoration and Development II (Supplementary)
118,Australia,2009,2168/7/13/75/0193,0193,36601-013,North East Community Restoration and Development II (Supplementary)
119,Australia,2009,2288/2602/0187,2288,37269-023,Greater Mekong Subregion
120,Australia,2009,2288/2602/0187,2602,37269-023,Greater Mekong Subregion
121,Australia,2009,2288/2602/0187,0187,37269-023,Greater Mekong Subregion
132,Australia,2010,2686/0226/0425,2686,44304-014,Microfinance Expansion
133,Australia,2010,2686/0226/0425,0226,44304-014,Microfinance Expansion
134,Australia,2010,2686/0226/0425,0425,44304-014,Microfinance Expansion
140,Australia,2011,2761,2761,42122-013,Third Primary Education Development
144,Australia,2011,2795/0263/0387,2795,43072-013,South Tarawa Sanitation Improvement Sector
145,Australia,2011,2795/0263/0387,0263,43072-013,South Tarawa Sanitation Improvement Sector
146,Australia,2011,2795/0263/0387,0387,43072-013,South Tarawa Sanitation Improvement Sector
152,Australia,2011,G0272/0289,G0272,35174-082,School Sector Program
153,Australia,2011,G0272/0289,0289,35174-082,School Sector Program
154,Australia,2012,0127/0292/0293,0127,40263-033,Domestic Maritime Support (Sector) (Supplementary)
155,Australia,2012,0127/0292/0293,0292,40263-033,Domestic Maritime Support (Sector) (Supplementary)
156,Australia,2012,0127/0292/0293,0293,40263-033,Domestic Maritime Support (Sector) (Supplementary)
162,Australia,2012,2288/2602/0187,2288,37269-023,Greater Mekong Subregion
163,Australia,2012,2288/2602/0187,2602,37269-023,Greater Mekong Subregion
164,Australia,2012,2288/2602/0187,0187,37269-023,Greater Mekong Subregion
165,Australia,2012,2852/3125/0285,2852,46009-003,Flood Damage Emergency Reconstruction
166,Australia,2012,2852/3125/0285,3125,46009-003,Flood Damage Emergency Reconstruction
167,Australia,2012,2852/3125/0285,0285,46009-003,Flood Damage Emergency Reconstruction
168,Australia,2012,G0272/0289,G0272,35174-082,School Sector Program (Supplementary)
169,Australia,2012,G0272/0289,0289,35174-082,School Sector Program (Supplementary)
170,Australia,2013,0336,0336,45303-001,Rural Energy
171,Australia,2013,0347/0348/0444/0445/0446,0347,43452-023,Outer Island Renewable Energy
172,Australia,2013,0347/0348/0444/0445/0446,0348,43452-023,Outer Island Renewable Energy
173,Australia,2013,0347/0348/0444/0445/0446,0444,43452-023,Outer Island Renewable Energy
174,Australia,2013,0347/0348/0444/0445/0446,0445,43452-023,Outer Island Renewable Energy
175,Australia,2013,0347/0348/0444/0445/0446,0446,43452-023,Outer Island Renewable Energy
176,Australia,2013,2372/0095/2988/0337,2372,36353-013,Greater Mekong Subregion
177,Australia,2013,2372/0095/2988/0337,0095,36353-013,Greater Mekong Subregion
178,Australia,2013,2372/0095/2988/0337,2988,36353-013,Greater Mekong Subregion
179,Australia,2013,2372/0095/2988/0337,0337,36353-013,Greater Mekong Subregion
180,Australia,2013,3013/0353,3013,40255-033,Central Mekong Delta Region Connectivity 
181,Australia,2013,3013/0353,0353,40255-033,Central Mekong Delta Region Connectivity 
184,Australia,2015,0414/0424/0443,0414,46455-004,Electricity Supply Security and SustainabilityﾗAdditional Financing
185,Australia,2015,0414/0424/0443,0424,46455-004,Electricity Supply Security and SustainabilityﾗAdditional Financing
186,Australia,2015,0414/0424/0443,0443,46455-004,Electricity Supply Security and SustainabilityﾗAdditional Financing
187,Australia,2015,0438/0439,0438,46346-002,Ebeye Water Supply and Sanitation
188,Australia,2015,0438/0439,0439,46346-002,Ebeye Water Supply and Sanitation
189,Australia,2015,0442,0442,47318-001,Strengthened Fiscal Sustainability Program
190,"Australia,Australia",2012,0049/50,0049,39581-012,Road Improvement (Sector) (3rd Supplementary)
191,"Australia,Australia",2012,0049/50,0050,39581-012,Road Improvement (Sector) (3rd Supplementary)
192,"Australia,Australia",2012,2936-2937/G0316-0317,2936-2937,40190-023,Greater Mekong Subregion Flood and Drought Risk Management and Mitigation
193,"Australia,Australia",2012,2936-2937/G0316-0317,G0316-0317,40190-023,Greater Mekong Subregion Flood and Drought Risk Management and Mitigation
194,"Australia,Australia",2014,2852/3125/0285,2852,46009-003,Flood Damage Emergency Reconstruction ﾖ Additional Financing
195,"Australia,Australia",2014,2852/3125/0285,3125,46009-003,Flood Damage Emergency Reconstruction ﾖ Additional Financing
196,"Australia,Australia",2014,2852/3125/0285,0285,46009-003,Flood Damage Emergency Reconstruction ﾖ Additional Financing
197,"Australia,Australia",2014,3151/401/402/466/467/8299/8300,3151,42334-014,Rural Roads Improvement II
198,"Australia,Australia",2014,3151/401/402/466/467/8299/8300,0401,42334-014,Rural Roads Improvement II
199,"Australia,Australia",2014,3151/401/402/466/467/8299/8300,0402,42334-014,Rural Roads Improvement II
200,"Australia,Australia",2014,3151/401/402/466/467/8299/8300,0466,42334-014,Rural Roads Improvement II
201,"Australia,Australia",2014,3151/401/402/466/467/8299/8300,0467,42334-014,Rural Roads Improvement II
202,"Australia,Australia",2014,3151/401/402/466/467/8299/8300,8299,42334-014,Rural Roads Improvement II
203,"Australia,Australia",2014,3151/401/402/466/467/8299/8300,8300,42334-014,Rural Roads Improvement II
204,"Australia,Australia",2015,0336,0336,45303-001,Rural EnergyﾗAdditional Financing
205,"Australia,Australia",2015,0458,0458,47320-001,Samoa Submarine Cable
206,"Australia,Australia",2015,2686/0226/0425,2686,44304-014,Microfinance Expansion ﾗ Additional Financing
207,"Australia,Australia",2015,2686/0226/0425,0226,44304-014,Microfinance Expansion ﾗ Additional Financing
208,"Australia,Australia",2015,2686/0226/0425,0425,44304-014,Microfinance Expansion ﾗ Additional Financing
209,"Australia,Australia",2015,3151/401-2/466-7/8299-300,3151,42334-014,Rural Roads Improvement IIﾗAdditional Financing
210,"Australia,Australia",2015,3151/401-2/466-7/8299-300,401-2,42334-014,Rural Roads Improvement IIﾗAdditional Financing
211,"Australia,Australia",2015,3151/401-2/466-7/8299-300,466-7,42334-014,Rural Roads Improvement IIﾗAdditional Financing
212,"Australia,Australia",2015,3151/401-2/466-7/8299-300,8299-300,42334-014,Rural Roads Improvement IIﾗAdditional Financing
253,Canada,2011,2761,2761,42122-013,Third Primary Education Development
254,Canada,2013,2928/0343,2928,42099-013,Polytechnic Education Development
255,Canada,2013,2928/0343,0343,42099-013,Polytechnic Education Development
256,Canada,2014,3130/7407/8281,3130,47919-014,Adjaristsqali Hydropower
257,Canada,2014,3130/7407/8281,7407,47919-014,Adjaristsqali Hydropower
258,Canada,2014,3130/7407/8281,8281,47919-014,Adjaristsqali Hydropower
277,CEF-CEFPF,2012,0303/2892/2893,0303,43576-013,Clean Energy and Network Efficiency Improvement
278,CEF-CEFPF,2012,0303/2892/2893,2892,43576-013,Clean Energy and Network Efficiency Improvement
279,CEF-CEFPF,2012,0303/2892/2893,2893,43576-013,Clean Energy and Network Efficiency Improvement
280,CEF-CEFPF,2013,0370/0371/0373,0370,46044-002,Renewable Energy Development and Power Sector Rehabilitation
281,CEF-CEFPF,2013,0370/0371/0373,0371,46044-002,Renewable Energy Development and Power Sector Rehabilitation
282,CEF-CEFPF,2013,0370/0371/0373,0373,46044-002,Renewable Energy Development and Power Sector Rehabilitation
283,CEF-CEFPF,2013,3015/0354/8272,3015,41074-013, West Kalimantan Power Grid Strengthening
284,CEF-CEFPF,2013,3015/0354/8272,0354,41074-013, West Kalimantan Power Grid Strengthening
285,CEF-CEFPF,2013,3015/0354/8272,8272,41074-013, West Kalimantan Power Grid Strengthening
286,CEF-CEFPF,2014,2517/0384,2517,42182-013,Renewable Energy Development and Network Expansion and Rehabilitation for Remote Communes Sector ﾖ Additional Financing
287,CEF-CEFPF,2014,2517/0384,0384,42182-013,Renewable Energy Development and Network Expansion and Rehabilitation for Remote Communes Sector ﾖ Additional Financing
288,CEF-CEFPF,2015,2979/8264/0468,2979,42361-014,Medium-Voltage Sub-Transmission Expansion Sectorﾗ Additional Financing
289,CEF-CEFPF,2015,2979/8264/0468,8264,42361-014,Medium-Voltage Sub-Transmission Expansion Sectorﾗ Additional Financing
290,CEF-CEFPF,2015,2979/8264/0468,0468,42361-014,Medium-Voltage Sub-Transmission Expansion Sectorﾗ Additional Financing
291,CEF-CEFPF,2015,3309/0452/0453,3309,46535-001,Strengthening Technical and Vocational Education and Training
292,CEF-CEFPF,2015,3309/0452/0453,0452,46535-001,Strengthening Technical and Vocational Education and Training
293,CEF-CEFPF,2015,3309/0452/0453,0453,46535-001,Strengthening Technical and Vocational Education and Training
300,CTF,2012,2964/0326/8261,2964,43207-013,Market Transformation through Introduction of Energy-Efficient Electric Vehicles
301,CTF,2012,2964/0326/8261,0326,43207-013,Market Transformation through Introduction of Energy-Efficient Electric Vehicles
302,CTF,2012,2964/0326/8261,8261,43207-013,Market Transformation through Introduction of Energy-Efficient Electric Vehicles
303,CTF,2012,2964/0326/8261,2964,43207-013,Market Transformation through Introduction of Energy-Efficient Electric Vehicles
304,CTF,2012,2964/0326/8261,0326,43207-013,Market Transformation through Introduction of Energy-Efficient Electric Vehicles
305,CTF,2012,2964/0326/8261,8261,43207-013,Market Transformation through Introduction of Energy-Efficient Electric Vehicles
309,CTF,2013,3052/8275,3052,45224-003,Rajasthan Renewable Energy Transmission Investment Program - Tranche 1
310,CTF,2013,3052/8275,8275,45224-003,Rajasthan Renewable Energy Transmission Investment Program - Tranche 1
314,CTF,2014,3113/8279,3113,45200-002,Sustainable Urban Transport for Ho Chi Minh City Mass Rapid Transit Line 2
315,CTF,2014,3113/8279,8279,45200-002,Sustainable Urban Transport for Ho Chi Minh City Mass Rapid Transit Line 2
316,CTF,2014,3219/7435/8289,3219,48233-001,Subyai Wind Power
317,CTF,2014,3219/7435/8289,7435,48233-001,Subyai Wind Power
318,CTF,2014,3219/7435/8289,8289,48233-001,Subyai Wind Power
319,CTF,2014,3235/8291,3235,40080-024,Strengthening Sustainable Urban Transport for Ha Noi Metro Line 3
320,CTF,2014,3235/8291,8291,40080-024,Strengthening Sustainable Urban Transport for Ha Noi Metro Line 3
321,CTF,2014,7409/8283,7409,47937-001,Rantau Dedap Geothermal Development (Phase 1)
322,CTF,2014,7409/8283,8283,47937-001,Rantau Dedap Geothermal Development (Phase 1)
323,CTF,2015,3363/3364/8302,3363,40080-025,Ha Noi Metro Rail System(Line 3
324,CTF,2015,3363/3364/8302,3364,40080-025,Ha Noi Metro Rail System(Line 3
325,CTF,2015,3363/3364/8302,8302,40080-025,Ha Noi Metro Rail System(Line 3
326,CTF,2015,3366/8301,3366,49263-001,Northeastern Thailand Wind Power
327,CTF,2015,3366/8301,8301,49263-001,Northeastern Thailand Wind Power
328,CTF,2015,8298,8298,49238-001,Off-Grid Prepaid Solar Leasing
354,Denmark,2011,G0272/0289,G0272,35174-082,School Sector Program
355,Denmark,2011,G0272/0289,0289,35174-082,School Sector Program
356,Denmark,2015,0347/0348/0444/0445/0446,0347,43452-023,Outer Island Renewable EnergyﾗAdditional Financing
357,Denmark,2015,0347/0348/0444/0445/0446,0348,43452-023,Outer Island Renewable EnergyﾗAdditional Financing
358,Denmark,2015,0347/0348/0444/0445/0446,0444,43452-023,Outer Island Renewable EnergyﾗAdditional Financing
359,Denmark,2015,0347/0348/0444/0445/0446,0445,43452-023,Outer Island Renewable EnergyﾗAdditional Financing
360,Denmark,2015,0347/0348/0444/0445/0446,0446,43452-023,Outer Island Renewable EnergyﾗAdditional Financing
361,"U.K.,DFID",2015,3134/0451,3134,47281-001,National Highway Network Development in Balochistan
362,"U.K.,DFID",2015,3134/0451,0451,47281-001,National Highway Network Development in Balochistan
363,"France,DGT",2015,3363/3364/8302,3363,40080-025,Ha Noi Metro Rail System(Line 3
364,"France,DGT",2015,3363/3364/8302,3364,40080-025,Ha Noi Metro Rail System(Line 3
365,"France,DGT",2015,3363/3364/8302,8302,40080-025,Ha Noi Metro Rail System(Line 3
369,EBRD,2012,2916,2916,46145-001,CAREC Corridor 3 (Shymkent-Tashkent Section) [Link to the Western Europe-Western People's Republic of China International Transit Corridor] Road Improvement
370,EBRD,2014,3150,3150,46416-002,Power Transmission Rehabilitation
371,EBRD,2014,3150,3150,46416-002,Power Transmission Rehabilitation
376,EC,1978,0387,0387,43072-013,Integrated Rural Development
418,EC,2008,0127/0292/0293,0127,40263-033,Domestic Maritime Support (Sector)
419,EC,2008,0127/0292/0293,0292,40263-033,Domestic Maritime Support (Sector)
420,EC,2008,0127/0292/0293,0293,40263-033,Domestic Maritime Support (Sector)
427,EC,2011,2761,2761,42122-013,Third Primary Education Development
428,EC,2011,G0272/0289,G0272,35174-082,School Sector Program
429,EC,2011,G0272/0289,0289,35174-082,School Sector Program
430,EC,2014,0414/0424/0443,0414,46455-004,Electricity Supply Security and Sustainability
431,EC,2014,0414/0424/0443,0424,46455-004,Electricity Supply Security and Sustainability
432,EC,2014,0414/0424/0443,0443,46455-004,Electricity Supply Security and Sustainability
433,EC,2014,0422/0423,0422,44482-025,Transport Network Development Investment Program ﾖ Tranche 4
434,EC,2014,0422/0423,0423,44482-025,Transport Network Development Investment Program ﾖ Tranche 4
435,EC,2014,3193/0415,3193,46453-002,Renewable Energy Sector
436,EC,2014,3193/0415,0415,46453-002,Renewable Energy Sector
437,EC,2015,0347/0348/0444/0445/0446,0347,43452-023,Outer Island Renewable EnergyﾗAdditional Financing
438,EC,2015,0347/0348/0444/0445/0446,0348,43452-023,Outer Island Renewable EnergyﾗAdditional Financing
439,EC,2015,0347/0348/0444/0445/0446,0444,43452-023,Outer Island Renewable EnergyﾗAdditional Financing
440,EC,2015,0347/0348/0444/0445/0446,0445,43452-023,Outer Island Renewable EnergyﾗAdditional Financing
441,EC,2015,0347/0348/0444/0445/0446,0446,43452-023,Outer Island Renewable EnergyﾗAdditional Financing
442,EC,2015,0456/0457,0456,46044-003,Renewable Energy Development and Power Sector RehabilitationﾗAdditional Financing
443,EC,2015,0456/0457,0457,46044-003,Renewable Energy Development and Power Sector RehabilitationﾗAdditional Financing
444,EC,2015,3256,3256,42122-013,Third Primary Education DevelopmentﾗAdditional Financing
445,EDB,2013,3056/0366,3056,45169-001,"Central Asia Regional Economic Cooperation Corridor 3 (Bishkek-Osh Road) Improvement, Phase 4"
446,EDB,2013,3056/0366,0366,45169-001,"Central Asia Regional Economic Cooperation Corridor 3 (Bishkek-Osh Road) Improvement, Phase 4"
447,EDB,2014,3212/0419,3212,46348-003,Toktogul Rehabilitation Phase 2
448,EDB,2014,3212/0419,0419,46348-003,Toktogul Rehabilitation Phase 2
449,EDB,2015,2993,2993,42145-043,North-South Road Corridor Investment ProgramﾗTranche 3 ﾖ Additional Cofinancing
463,EIB,2011,2741,2741,40080-013,Ha Noi Metro Rail System (Line 3
464,EIB,2012,2956,2956,39500-033,Ho Chi Minh City Urban Mass Rapid Transit Line 2 Investment Program - Tranche 2
465,EIB,2012,2966/0320,2966,42378-015,Power System Expansion and Efficiency Improvement Investment Program - Tranche 1
466,EIB,2012,2966/0320,0320,42378-015,Power System Expansion and Efficiency Improvement Investment Program - Tranche 1
467,EIB,2012,2966/0320,2966,42378-015,Power System Expansion and Efficiency Improvement Investment Program - Tranche 1
468,EIB,2012,2966/0320,0320,42378-015,Power System Expansion and Efficiency Improvement Investment Program - Tranche 1
469,EIB,2013,2990/2991,2990,43281-013,Tanahu Hydropower
470,EIB,2013,2990/2991,2991,43281-013,Tanahu Hydropower
471,EIB,2013,2993,2993,42145-043,North-South Road Corridor Investment ProgramﾗTranche 3
472,EIB,2013,3051/8292,3051,42173-013,Dhaka Environmentally Sustainable Water Supply
473,EIB,2013,3051/8292,8292,42173-013,Dhaka Environmentally Sustainable Water Supply
474,EIB,2013,3098/3099/0380,3098,45007-004,Ulaanbaatar Urban Services and Ger Areas Development Investment Program ﾗ Tranche 1
475,EIB,2013,3098/3099/0380,3099,45007-004,Ulaanbaatar Urban Services and Ger Areas Development Investment Program ﾗ Tranche 1
476,EIB,2013,3098/3099/0380,0380,45007-004,Ulaanbaatar Urban Services and Ger Areas Development Investment Program ﾗ Tranche 1
477,EIB,2014,0409/0410/0429,0409,46122-003,Preparing Outer Islands for Sustainable Energy Development
478,EIB,2014,0409/0410/0429,0410,46122-003,Preparing Outer Islands for Sustainable Energy Development
479,EIB,2014,0409/0410/0429,0429,46122-003,Preparing Outer Islands for Sustainable Energy Development
480,EIB,2014,2966/0320,2966,42378-015,Power System Expansion and Efficiency Improvement Investment Program ﾖ Tranche 1 (Supplementary)
481,EIB,2014,2966/0320,0320,42378-015,Power System Expansion and Efficiency Improvement Investment Program ﾖ Tranche 1 (Supplementary)
482,EIB,2014,2990/2991,2990,43281-013,Tanahu Hydropower
483,EIB,2014,2990/2991,2991,43281-013,Tanahu Hydropower
484,EIB,2014,3139/0397/0398,3139,44219-014,South Asia  Subregional Economic Cooperation Power System Expansion
485,EIB,2014,3139/0397/0398,0397,44219-014,South Asia  Subregional Economic Cooperation Power System Expansion
486,EIB,2014,3139/0397/0398,0398,44219-014,South Asia  Subregional Economic Cooperation Power System Expansion
487,EIB,2014,3169/3170,3169,46168-001,South Asia Subregional Economic Cooperation Railway Connectivity
488,EIB,2014,3169/3170,3170,46168-001,South Asia Subregional Economic Cooperation Railway Connectivity
489,EIB,2014,3186,3186,46268-002,Clean Energy Finance Investment Program ﾖ Tranche 1 
490,EIB,2015,2783/2784,2783,43200-024,Bridge Replacement for Improved Rural Access Sector
491,EIB,2015,2783/2784,2784,43200-024,Bridge Replacement for Improved Rural Access Sector
495,EIB,2015,3250/0471/8303,3250,45041-002,Vientiane Sustainable Urban Transport
496,EIB,2015,3250/0471/8303,0471,45041-002,Vientiane Sustainable Urban Transport
497,EIB,2015,3250/0471/8303,8303,45041-002,Vientiane Sustainable Urban Transport
498,EIB,2015,3348/3349,3348,45148-008,Greater Colombo Water and Wastewater Management Improvement Investment ProgramﾗTranche 3
499,EIB,2015,3348/3349,3349,45148-008,Greater Colombo Water and Wastewater Management Improvement Investment ProgramﾗTranche 3
500,EIB,2015,3363/3364/8302,3363,40080-025,Ha Noi Metro Rail System(Line 3
501,EIB,2015,3363/3364/8302,3364,40080-025,Ha Noi Metro Rail System(Line 3
502,EIB,2015,3363/3364/8302,8302,40080-025,Ha Noi Metro Rail System(Line 3
510,Finland,2007,2168/7/13/75/0193,2168,36601-013,North East Community Restoration and Development II (Supplementary)
511,Finland,2007,2168/7/13/75/0193,0007,36601-013,North East Community Restoration and Development II (Supplementary)
512,Finland,2007,2168/7/13/75/0193,0013,36601-013,North East Community Restoration and Development II (Supplementary)
513,Finland,2007,2168/7/13/75/0193,0075,36601-013,North East Community Restoration and Development II (Supplementary)
514,Finland,2007,2168/7/13/75/0193,0193,36601-013,North East Community Restoration and Development II (Supplementary)
520,Finland,2011,G0272/0289,G0272,35174-082,School Sector Program
521,Finland,2011,G0272/0289,0289,35174-082,School Sector Program
543,France,2003,2025/2747,2025,29296-013,Phuoc Hoa Water Resources
544,France,2003,2025/2747,2747,29296-013,Phuoc Hoa Water Resources
574,France,2009,2552/2553/8246,2552,42051-023,Energy Efficiency Investment Program - Tranche I
575,France,2009,2552/2553/8246,2553,42051-023,Energy Efficiency Investment Program - Tranche I
576,France,2009,2552/2553/8246,8246,42051-023,Energy Efficiency Investment Program - Tranche I
583,France,2011,2025/2747,2025,29296-013,Phuoc Hoa Water Resources (Supplementary)
584,France,2011,2025/2747,2747,29296-013,Phuoc Hoa Water Resources (Supplementary)
585,France,2011,2741,2741,40080-013,Ha Noi Metro Rail System (Line 3
586,France,2011,2741,2741,40080-013,Ha Noi Metro Rail System (Line 3
587,France,2011,2741,2741,40080-013,Ha Noi Metro Rail System (Line 3
588,France,2012,2862-64/0287/8270,2862-64,42169-013,Greater Dhaka Sustainable Urban Transport
589,France,2012,2862-64/0287/8270,0287,42169-013,Greater Dhaka Sustainable Urban Transport
590,France,2012,2862-64/0287/8270,8270,42169-013,Greater Dhaka Sustainable Urban Transport
591,France,2012,2959,2959,42039-035,Power Transmission Investment Program - Tranche 2
592,France,2013,2920/8273,2920,44507-003,Public-Private Partnership Support - Additional Cofinancing
593,France,2013,2920/8273,8273,44507-003,Public-Private Partnership Support - Additional Cofinancing
594,France,2013,3015/0354/8272,3015,41074-013, West Kalimantan Power Grid Strengthening
595,France,2013,3015/0354/8272,0354,41074-013, West Kalimantan Power Grid Strengthening
596,France,2013,3015/0354/8272,8272,41074-013, West Kalimantan Power Grid Strengthening
597,France,2013,3051/8292,3051,42173-013,Dhaka Environmentally Sustainable Water Supply
598,France,2013,3051/8292,8292,42173-013,Dhaka Environmentally Sustainable Water Supply
599,France,2013,3068,3068,46093-004,"Inclusive Growth through Improved Connectivity Program, Subprogram 2"
600,France,2013,3087,3087,42378-016,Power System Expansion and Efficiency Improvement Investment Plan - Tranche 2
601,France,2014,3029/3030/8282,3029,45148-007,Greater Colombo Water and Wastewater Management Improvement Investment Program ﾖ Tranche 2
602,France,2014,3029/3030/8282,3030,45148-007,Greater Colombo Water and Wastewater Management Improvement Investment Program ﾖ Tranche 2
603,France,2014,3029/3030/8282,8282,45148-007,Greater Colombo Water and Wastewater Management Improvement Investment Program ﾖ Tranche 2
604,France,2014,3111,3111,44253-013,Local Government Finance and Fiscal Decentralization Reform Program ﾖ  Subprogram 1
605,France,2015,3303/8293,3303,49043-001,Sustainable and Inclusive Energy Program (Subprogram 1)
606,France,2015,3303/8293,8293,49043-001,Sustainable and Inclusive Energy Program (Subprogram 1)
607,"France,AFD",2014,3146/3147/0084/8290,3146,47037-004,Green Power Development and Energy Efficiency Improvement Investment Program ﾖ Tranche 1
608,"France,AFD",2014,3146/3147/0084/8290,3147,47037-004,Green Power Development and Energy Efficiency Improvement Investment Program ﾖ Tranche 1
609,"France,AFD",2014,3146/3147/0084/8290,0084,47037-004,Green Power Development and Energy Efficiency Improvement Investment Program ﾖ Tranche 1
610,"France,AFD",2014,3146/3147/0084/8290,8290,47037-004,Green Power Development and Energy Efficiency Improvement Investment Program ﾖ Tranche 1
611,"France,AFD",2015,3151/401-2/466-7/8299-300,3151,42334-014,Rural Roads Improvement IIﾗAdditional Financing
612,"France,AFD",2015,3151/401-2/466-7/8299-300,401-2,42334-014,Rural Roads Improvement IIﾗAdditional Financing
613,"France,AFD",2015,3151/401-2/466-7/8299-300,466-7,42334-014,Rural Roads Improvement IIﾗAdditional Financing
614,"France,AFD",2015,3151/401-2/466-7/8299-300,8299-300,42334-014,Rural Roads Improvement IIﾗAdditional Financing
615,"France,AFD",2015,3316/0455,3316,47127-002,Mandalay Urban Services Improvement
616,"France,AFD",2015,3316/0455,0455,47127-002,Mandalay Urban Services Improvement
617,"France,AFD",2015,3363/3364/8302,3363,40080-025,Ha Noi Metro Rail System(Line 3
618,"France,AFD",2015,3363/3364/8302,3364,40080-025,Ha Noi Metro Rail System(Line 3
619,"France,AFD",2015,3363/3364/8302,8302,40080-025,Ha Noi Metro Rail System(Line 3
620,"France,DGT",2015,3363/3364/8302,3363,40080-025,Ha Noi Metro Rail System(Line 3
621,"France,DGT",2015,3363/3364/8302,3364,40080-025,Ha Noi Metro Rail System(Line 3
622,"France,DGT",2015,3363/3364/8302,8302,40080-025,Ha Noi Metro Rail System(Line 3
623,FTI,2011,G0272/0289,G0272,35174-082,School Sector Program
624,FTI,2011,G0272/0289,0289,35174-082,School Sector Program
625,GAFSP,2012,2455/0116/0302,2455,42186-014,Emergency Food Assistance - Additional Financing
626,GAFSP,2012,2455/0116/0302,0116,42186-014,Emergency Food Assistance - Additional Financing
627,GAFSP,2012,2455/0116/0302,0302,42186-014,Emergency Food Assistance - Additional Financing
628,GAFSP,2013,3006/3007/0349/0350/8271,3006,44321-013,Climate-Resilient Rice Commercialization Sector Development Program
629,GAFSP,2013,3006/3007/0349/0350/8271,3007,44321-013,Climate-Resilient Rice Commercialization Sector Development Program
630,GAFSP,2013,3006/3007/0349/0350/8271,0349,44321-013,Climate-Resilient Rice Commercialization Sector Development Program
631,GAFSP,2013,3006/3007/0349/0350/8271,0350,44321-013,Climate-Resilient Rice Commercialization Sector Development Program
632,GAFSP,2013,3006/3007/0349/0350/8271,8271,44321-013,Climate-Resilient Rice Commercialization Sector Development Program
639,GDCF,2014,9135/0277/0382/0406,9135,38097-013,Establishing Women and Children Service Centers ﾖ Additional Financing
640,GDCF,2014,9135/0277/0382/0406,0277,38097-013,Establishing Women and Children Service Centers ﾖ Additional Financing
641,GDCF,2014,9135/0277/0382/0406,0382,38097-013,Establishing Women and Children Service Centers ﾖ Additional Financing
642,GDCF,2014,9135/0277/0382/0406,0406,38097-013,Establishing Women and Children Service Centers ﾖ Additional Financing
652,GEF,2004,4357(L),4357(L),36445-022,Capacity Building to Combat Land Degradation
679,GEF,2012,2838/0311,2838,40685-023,Jiangsu Yancheng Wetlands Protection - Additional Financing
680,GEF,2012,2838/0311,0311,40685-023,Jiangsu Yancheng Wetlands Protection - Additional Financing
681,GEF,2012,2862-64/0287/8270,2862-64,42169-013,Greater Dhaka Sustainable Urban Transport
682,GEF,2012,2862-64/0287/8270,0287,42169-013,Greater Dhaka Sustainable Urban Transport
683,GEF,2012,2862-64/0287/8270,8270,42169-013,Greater Dhaka Sustainable Urban Transport
684,GEF,2012,2934/2935/0315,2934,39256-024,Urban Transport Development Investment Program - Tranche 1
685,GEF,2012,2934/2935/0315,2935,39256-024,Urban Transport Development Investment Program - Tranche 1
686,GEF,2012,2934/2935/0315,0315,39256-024,Urban Transport Development Investment Program - Tranche 1
687,GEF,2012,2957/0324-0325/8266,2957,41220-013,Integrated Natural Resources and Environmental Management
688,GEF,2012,2957/0324-0325/8266,0324-0325,41220-013,Integrated Natural Resources and Environmental Management
689,GEF,2012,2957/0324-0325/8266,8266,41220-013,Integrated Natural Resources and Environmental Management
690,GEF,2012,2980/0331,2980,44037-014,Shaanxi Weinan Luyang Integrated Saline Land Management
691,GEF,2012,2980/0331,0331,44037-014,Shaanxi Weinan Luyang Integrated Saline Land Management
692,GEF,2013,2835/0364,2835,44012-013,Hebei Energy Efficiency Improvement and Emission Reduction - Additional Financing
693,GEF,2013,2835/0364,0364,44012-013,Hebei Energy Efficiency Improvement and Emission Reduction - Additional Financing
694,GEF,2013,3094/0379,3094,46421-001,Coral Reef Rehabilitation and Management Program-Coral Triangle Initiative
695,GEF,2013,3094/0379,0379,46421-001,Coral Reef Rehabilitation and Management Program-Coral Triangle Initiative
696,GEF,2014,2915/0388,2915,44007-013,Jiangxi Fuzhou Urban Integrated Infrastructure Improvement ﾖ Additional Financing
697,GEF,2014,2915/0388,0388,44007-013,Jiangxi Fuzhou Urban Integrated Infrastructure Improvement ﾖ Additional Financing
698,GEF,2014,3216/0420,3216,45022-002,Jiangxi Ji'an Sustainable Urban Transport
699,GEF,2014,3216/0420,0420,45022-002,Jiangxi Ji'an Sustainable Urban Transport
700,GEF,2015,0433,0433,40253-035,Greater Mekong Subregion Biodiversity Conservation CorridorsﾗAdditional Financing
701,GEF,2015,3250/0471/8303,3250,45041-002,Vientiane Sustainable Urban Transport
702,GEF,2015,3250/0471/8303,0471,45041-002,Vientiane Sustainable Urban Transport
703,GEF,2015,3250/0471/8303,8303,45041-002,Vientiane Sustainable Urban Transport
707,GEF-LDCF,2015,3331/3332/0459/0460/0461,3331,49319-001,Cyclone Pam Road Reconstruction Project
708,GEF-LDCF,2015,3331/3332/0459/0460/0461,3332,49319-001,Cyclone Pam Road Reconstruction Project
709,GEF-LDCF,2015,3331/3332/0459/0460/0461,0459,49319-001,Cyclone Pam Road Reconstruction Project
710,GEF-LDCF,2015,3331/3332/0459/0460/0461,0460,49319-001,Cyclone Pam Road Reconstruction Project
711,GEF-LDCF,2015,3331/3332/0459/0460/0461,0461,49319-001,Cyclone Pam Road Reconstruction Project
780,Germany,2011,2695/0323,2695,39298-013,City Region Development
781,Germany,2011,2695/0323,0323,39298-013,City Region Development
782,Germany,2012,2913/0310/8258,2913,45084-002,Coastal Climate-Resilient Infrastructure
783,Germany,2012,2913/0310/8258,0310,45084-002,Coastal Climate-Resilient Infrastructure
784,Germany,2012,2913/0310/8258,8258,45084-002,Coastal Climate-Resilient Infrastructure
785,Germany,2012,2914,2914,41627-053,Himachal Pradesh Clean Energy Development Investment Program - Tranche 4
786,Germany,2012,2956,2956,39500-033,Ho Chi Minh City Urban Mass Rapid Transit Line 2 Investment Program - Tranche 2
787,Germany,2014,3164,3164,48134-001,Stepping Up Investments for Growth Acceleration Program ﾖ Subprogram 1
788,Germany,2015,3303/8293,3303,49043-001,Sustainable and Inclusive Energy Program (Subprogram 1)
789,Germany,2015,3303/8293,8293,49043-001,Sustainable and Inclusive Energy Program (Subprogram 1)
790,"Germany,Germany",2014,3119/3120,3119,42251-018,Skills Sector Enhancement Program
791,"Germany,Germany",2014,3119/3120,3120,42251-018,Skills Sector Enhancement Program
792,"Germany,KfW",2015,3083/8276,3083,42362-013,Java-Bali 500-Kilovolt Power Transmission CrossingﾗAdditional Cofinancing
793,"Germany,KfW",2015,3083/8276,8276,42362-013,Java-Bali 500-Kilovolt Power Transmission CrossingﾗAdditional Cofinancing
794,"Germany,KfW",2015,3356,3356,49232-001,Beijing-Tianjin-Hebei Air Quality Improvement-Hebei Policy Reforms Program
795,"Germany,KfW",2015,3365,3365,44426-016,Green Energy Corridor and Grid Strengthening Project
796,"Germany,KfW",2015,3374,3374,42039-036,Power Transmission Investment Program-Tranche 3
797,GPE,2015,3256,3256,42122-013,Third Primary Education DevelopmentﾗAdditional Financing
798,HFPF-RMTF,2015,2699/0231/0448,2699,41505-013,Second Greater Mekong Subregion Regional Communicable Diseases ControlﾗAdditional Financing
799,HFPF-RMTF,2015,2699/0231/0448,0231,41505-013,Second Greater Mekong Subregion Regional Communicable Diseases ControlﾗAdditional Financing
800,HFPF-RMTF,2015,2699/0231/0448,0448,41505-013,Second Greater Mekong Subregion Regional Communicable Diseases ControlﾗAdditional Financing
801,HFPF-RMTF,2015,2699/0232/0449,2699,41507-013,Second Greater Mekong Subregion Regional Communicable Diseases ControlﾗAdditional Financing
802,HFPF-RMTF,2015,2699/0232/0449,0232,41507-013,Second Greater Mekong Subregion Regional Communicable Diseases ControlﾗAdditional Financing
803,HFPF-RMTF,2015,2699/0232/0449,0449,41507-013,Second Greater Mekong Subregion Regional Communicable Diseases ControlﾗAdditional Financing
804,HFPF-RMTF,2015,2699/0450,2699,41508-014,Second Greater Mekong Subregion Regional Communicable Diseases ControlﾗAdditional Financing
805,HFPF-RMTF,2015,2699/0450,0450,41508-014,Second Greater Mekong Subregion Regional Communicable Diseases ControlﾗAdditional Financing
855,IFAD,2012,2913/0310/8258,2913,45084-002,Coastal Climate-Resilient Infrastructure
856,IFAD,2012,2913/0310/8258,0310,45084-002,Coastal Climate-Resilient Infrastructure
857,IFAD,2012,2913/0310/8258,8258,45084-002,Coastal Climate-Resilient Infrastructure
858,IFAD,2012,2913/0310/8258,2913,45084-002,Coastal Climate-Resilient Infrastructure
859,IFAD,2012,2913/0310/8258,0310,45084-002,Coastal Climate-Resilient Infrastructure
860,IFAD,2012,2913/0310/8258,8258,45084-002,Coastal Climate-Resilient Infrastructure
861,IFAD,2012,2957/0324-0325/8266,2957,41220-013,Integrated Natural Resources and Environmental Management
862,IFAD,2012,2957/0324-0325/8266,0324-0325,41220-013,Integrated Natural Resources and Environmental Management
863,IFAD,2012,2957/0324-0325/8266,8266,41220-013,Integrated Natural Resources and Environmental Management
864,IFAD,2014,3198,3198,47300-002,Northern Smallholder Livestock Commercialization
865,IFAD,2014,3198,3198,47300-002,Northern Smallholder Livestock Commercialization
869,"India,Indian Commercial Bank",2015,3225/3226,3225,44444-013,Second Green Power Development
870,"India,Indian Commercial Bank",2015,3225/3226,3226,44444-013,Second Green Power Development
871,"India,Indian Commercial Bank",2015,3225/3226,3225,44444-013,Second Green Power Development
872,"India,Indian Commercial Bank",2015,3225/3226,3226,44444-013,Second Green Power Development
873,International Federation of Red Cross and Red Crescent Society,2010,2626/0246,2626,44065-013,Conflict-Affected Region Emergency
874,International Federation of Red Cross and Red Crescent Society,2010,2626/0246,0246,44065-013,Conflict-Affected Region Emergency
882,IsDB,1979,0426,0426,40253-033,Bintulu Deepwater Port
899,IsDB,2008,2453/2454/0253/0254,2453,40517-013,Public-Private Infrastructure Development Facility
900,IsDB,2008,2453/2454/0253/0254,2454,40517-013,Public-Private Infrastructure Development Facility
901,IsDB,2008,2453/2454/0253/0254,0253,40517-013,Public-Private Infrastructure Development Facility
902,IsDB,2008,2453/2454/0253/0254,0254,40517-013,Public-Private Infrastructure Development Facility
905,IsDB,2011,2769,2769,37113-013,Power System Efficiency Improvement
906,IsDB,2011,2817,2817,38479-034,Regional Roads Development
907,IsDB,2012,2867/0290,2867,43566-013,"Inclusive Micro, Small, and Medium-sized Enterprise Development"
908,IsDB,2012,2867/0290,0290,43566-013,"Inclusive Micro, Small, and Medium-sized Enterprise Development"
909,IsDB,2012,2966/0320,2966,42378-015,Power System Expansion and Efficiency Improvement Investment Program - Tranche 1
910,IsDB,2012,2966/0320,0320,42378-015,Power System Expansion and Efficiency Improvement Investment Program - Tranche 1
911,IsDB,2013,3087,3087,42378-016,Power System Expansion and Efficiency Improvement Investment Plan - Tranche 2
912,IsDB,2013,3090/3091/3092,3090,47094-001,Jamshoro Power Generation
913,IsDB,2013,3090/3091/3092,3091,47094-001,Jamshoro Power Generation
914,IsDB,2013,3090/3091/3092,3092,47094-001,Jamshoro Power Generation
915,IsDB,2014,0409/0410/0429,0409,46122-003,Preparing Outer Islands for Sustainable Energy Development
916,IsDB,2014,0409/0410/0429,0410,46122-003,Preparing Outer Islands for Sustainable Energy Development
917,IsDB,2014,0409/0410/0429,0429,46122-003,Preparing Outer Islands for Sustainable Energy Development
918,IsDB,2014,3090/3091/3092,3090,47094-001,Jamshoro Power Generation (Supplementary)
919,IsDB,2014,3090/3091/3092,3091,47094-001,Jamshoro Power Generation (Supplementary)
920,IsDB,2014,3090/3091/3092,3092,47094-001,Jamshoro Power Generation (Supplementary)
921,IsDB,2015,3271,3271,44318-026,Housing for Integrated Rural Development Investment ProgramﾗTranche 3
922,IsDB,2015,3350,3350,42378-017,Power System Expansion and Efficiency Improvement Investment ProgramﾗTranche 3
926,Japan,ERROR, Incorrect data type for operator or @Function, Time/Date expected,2074-2075,2074-2075
932,Japan,1979,0414,0414,46455-002,Upper Warangoi Hydropower
933,Japan,1979,0426,0426,40253-033,Bintulu Deepwater Port
934,Japan,1979,0443,0443,46455-004,Second Bangkok Water Supply
1024,Japan,2000,9001,9001,35346-012,Supporting the Sustainable Livelihood for the Poor in Southern Philippines
1201,Japan,2009,9135/0277/0382/0406,9135,38097-013,Establishing Women and Children Service Centers
1202,Japan,2009,9135/0277/0382/0406,0277,38097-013,Establishing Women and Children Service Centers
1203,Japan,2009,9135/0277/0382/0406,0382,38097-013,Establishing Women and Children Service Centers
1204,Japan,2009,9135/0277/0382/0406,0406,38097-013,Establishing Women and Children Service Centers
1230,Japan,2011,2453/2454/0253/0254,2453,40517-013,Public-Private Infrastructure Development Facility
1231,Japan,2011,2453/2454/0253/0254,2454,40517-013,Public-Private Infrastructure Development Facility
1232,Japan,2011,2453/2454/0253/0254,0253,40517-013,Public-Private Infrastructure Development Facility
1233,Japan,2011,2453/2454/0253/0254,0254,40517-013,Public-Private Infrastructure Development Facility
1234,Japan,2011,2756,2756,42171-013,Khulna Water Supply
1235,Japan,2011,2761,2761,42122-013,Third Primary Education Development
1236,Japan,2011,2785/0259/8274,2785,41509-013,Rural Primary Health Services Delivery
1237,Japan,2011,2785/0259/8274,0259,41509-013,Rural Primary Health Services Delivery
1238,Japan,2011,2785/0259/8274,8274,41509-013,Rural Primary Health Services Delivery
1239,Japan,2011,9153,9153,42149-012,Institutional Support for Migrant Workers' Remittance
1240,Japan,2011,9154,9154,44082-012,Improving Community-Based Rural Water Supply and Sanitation in Post-Conflict Areas of Jaffna and Kilinochchi
1241,Japan,2011,9155,9155,44134-012,Advancing Economic Opportunities of Women and Girls
1242,Japan,2011,9156,9156,44363-012, Improving Market Access for the Poor in Central Cambodia
1243,Japan,2011,9157,9157,43103-012,Reducing Child Malnutrition through Social Protection
1244,Japan,2011,9158,9158,44135-012," Improving Gender-Inclusive Access to Clean and Renewable Energy in Bhutan, Nepal and Sri Lanka"
1245,Japan,2011,9159,9159,42321-012,Support for Targeted and Sustainable Development Programs for Highly Marginalized Groups
1246,Japan,2011,9160,9160,44129-012,Developing Sustainable Alternative Livelihoods in Coastal Fishing Communities in the Coral Triangle
1247,Japan,2012,2857/2858,2857,45094-001,Road Network Upgrading
1248,Japan,2012,2857/2858,2858,45094-001,Road Network Upgrading
1249,Japan,2012,2872,2872,43396-013,Increasing Competitiveness for Inclusive Growth Program - Subprogram 1
1250,Japan,2012,9161,9161,45127-001,Enhancing Access to Quality Early Childhood Education Services for Children in Poor Communities
1251,Japan,2012,9162,9162,45320-001,Promoting Partnerships and Innovation in Poor and Underserved Communities
1252,Japan,2012,9163/0288,9163,41504-024,Improved Energy Access for Rural Communities
1253,Japan,2012,9163/0288,0288,41504-024,Improved Energy Access for Rural Communities
1254,Japan,2012,9164,9164,45145-001,Establishment of Climate-Resilient Rural Livelihoods
1255,Japan,2012,9165,9165,36222-013,Community-Based Irrigation Rehabilitation and Development
1256,Japan,2012,9166,9166,45520-001,Community Sanitation
1257,Japan,2012,9167,9167,45259-001,Enhanced Agricultural Value Chains for Sustainable Livelihoods
1258,Japan,2012,9168,9168,43069-012,Livelihood Improvement for River Erosion Victims in Assam
1259,Japan,2012,9169,9169,44359-012,Agribusiness Development Assistance for Smallholders in Mindanao
1260,Japan,2013,0365,0365,46265-001,Energy Efficiency for Ho Chi Minh City Water Supply
1261,Japan,2013,2730,2730,41414-043,Greater Mekong Subregion Ben Luc-Long Thanh Expressway - Tranche 1
1262,Japan,2013,2990/2991,2990,43281-013,Tanahu Hydropower
1263,Japan,2013,2990/2991,2991,43281-013,Tanahu Hydropower
1264,Japan,2013,3025/3026,3025,44458-013,Amu Bukhara Irrigation System Rehabilitation
1265,Japan,2013,3025/3026,3026,44458-013,Amu Bukhara Irrigation System Rehabilitation
1266,Japan,2013,3045/3046,3045,42180-013,Second Public-Private Infrastructure Development Facility
1267,Japan,2013,3045/3046,3046,42180-013,Second Public-Private Infrastructure Development Facility
1268,Japan,2013,3068,3068,46093-004,"Inclusive Growth through Improved Connectivity Program, Subprogram 2"
1269,Japan,2013,9170,9170,46010-001,Women's Entrepreneurship Development
1270,Japan,2013,9171,9171,46077-001,Improved Maternal and Child Health through Connectivity
1271,Japan,2013,9172,9172,46284-001,Pilot Project on Weather Index-Based Crop Insurance
1272,Japan,2013,9173,9173,46074-001,Greater Mekong Subregion
1273,Japan,2013,9174,9174,47311-001,Enhancing Rural Livelihoods and Incomes
1274,Japan,2013,9175,9175,47338-001,Emergency Assistance and Early Recovery for Poor Municipalities Affected by Typhoon Yolanda 
1275,Japan,2013,9176,9176,46490-001,Greater Mekong Subregion (GMS) Capacity Building for HIV/AIDs Prevention
1276,Japan,2014,3117/0383,3117,39399-034,South Asia Tourism Infrastructure Development ﾖ Additional Financing
1277,Japan,2014,3117/0383,0383,39399-034,South Asia Tourism Infrastructure Development ﾖ Additional Financing
1278,Japan,2014,9177,9177,47187-001,Pro-Poor Community Infrastructure and Basic Services
1279,Japan,2015,3186,3186,46268-002,Clean Energy Finance Investment ProgramﾗTranche 1 
1280,Japan,2015,9180,9180,49202-001,Disaster Risk Reduction and Livelihood Restoration for Earthquake-Affected Communities
1281,"Japan,JFJCM",2015,0409/0410/0429,0409,46122-003,Preparing Outer Islands for Sustainable Energy DevelopmentﾗAdditional Financing
1282,"Japan,JFJCM",2015,0409/0410/0429,0410,46122-003,Preparing Outer Islands for Sustainable Energy DevelopmentﾗAdditional Financing
1283,"Japan,JFJCM",2015,0409/0410/0429,0429,46122-003,Preparing Outer Islands for Sustainable Energy DevelopmentﾗAdditional Financing
1284,"Japan,JFPR",2014,9178,9178,46009-002,Community-Based Disaster Risk Reduction
1285,"Japan,JFPR",2014,9179,9179,46270-002,Community-Based Flood Risk Management and Disaster Response in the Chao Phraya Basin
1286,"Japan,JFPR",2015,9181,9181,49320-001,Cycone Pam School Reconstruction
1287,"Japan,JFPR",2015,9182,9182,49168-001,Improving School Dormitory Environment for Primary Students in Western Region
1288,"Japan,JFPR",2015,9183,9183,48216-001,Integrated Livelihoods Improvement and Sustainable Tourism in Khuvsgul Lake National Park
1289,"Japan,JFPR",2015,9184,9184,48322-001,Economic Empowerment of the Poor and Women in the East-West Economic Corridor Project
1290,"Japan,JICA",2014,3126,3126,47015-001,Sustainable Energy Sector Reform Program ﾖ Subprogram 1 (additional)
1291,"Japan,JICA",2014,3227/3228,3227,47293-001,Improving Competitiveness Program
1292,"Japan,JICA",2014,3227/3228,3228,47293-001,Improving Competitiveness Program
1293,"Japan,JICA",2016,3321/3322,3321,47015-002,Sustainable Energy Sector Reform Program - Subprogram 2 
1294,"Japan,JICA",2016,3321/3322,3322,47015-002,Sustainable Energy Sector Reform Program - Subprogram 2 
1295,"Japan,JFJCM",2015,0409/0410/0429,0409,46122-003,Preparing Outer Islands for Sustainable Energy DevelopmentﾗAdditional Financing
1296,"Japan,JFJCM",2015,0409/0410/0429,0410,46122-003,Preparing Outer Islands for Sustainable Energy DevelopmentﾗAdditional Financing
1297,"Japan,JFJCM",2015,0409/0410/0429,0429,46122-003,Preparing Outer Islands for Sustainable Energy DevelopmentﾗAdditional Financing
1298,"Japan,JFPR",2014,9178,9178,46009-002,Community-Based Disaster Risk Reduction
1299,"Japan,JFPR",2014,9179,9179,46270-002,Community-Based Flood Risk Management and Disaster Response in the Chao Phraya Basin
1300,"Japan,JFPR",2015,9181,9181,49320-001,Cycone Pam School Reconstruction
1301,"Japan,JFPR",2015,9182,9182,49168-001,Improving School Dormitory Environment for Primary Students in Western Region
1302,"Japan,JFPR",2015,9183,9183,48216-001,Integrated Livelihoods Improvement and Sustainable Tourism in Khuvsgul Lake National Park
1303,"Japan,JFPR",2015,9184,9184,48322-001,Economic Empowerment of the Poor and Women in the East-West Economic Corridor Project
1304,"Japan,JICA",2014,3126,3126,47015-001,Sustainable Energy Sector Reform Program ﾖ Subprogram 1 (additional)
1305,"Japan,JICA",2014,3227/3228,3227,47293-001,Improving Competitiveness Program
1306,"Japan,JICA",2014,3227/3228,3228,47293-001,Improving Competitiveness Program
1307,"Japan,JICA",2016,3321/3322,3321,47015-002,Sustainable Energy Sector Reform Program - Subprogram 2 
1308,"Japan,JICA",2016,3321/3322,3322,47015-002,Sustainable Energy Sector Reform Program - Subprogram 2 
1309,"Germany,KfW",2015,3083/8276,3083,42362-013,Java-Bali 500-Kilovolt Power Transmission CrossingﾗAdditional Cofinancing
1310,"Germany,KfW",2015,3083/8276,8276,42362-013,Java-Bali 500-Kilovolt Power Transmission CrossingﾗAdditional Cofinancing
1311,"Germany,KfW",2015,3356,3356,49232-001,Beijing-Tianjin-Hebei Air Quality Improvement-Hebei Policy Reforms Program
1312,"Germany,KfW",2015,3365,3365,44426-016,Green Energy Corridor and Grid Strengthening Project
1313,"Germany,KfW",2015,3374,3374,42039-036,Power Transmission Investment Program-Tranche 3
1320,Korea,2007,2372/0095/2988/0337,2372,36353-013,Greater Mekong Subregion
1321,Korea,2007,2372/0095/2988/0337,0095,36353-013,Greater Mekong Subregion
1322,Korea,2007,2372/0095/2988/0337,2988,36353-013,Greater Mekong Subregion
1323,Korea,2007,2372/0095/2988/0337,0337,36353-013,Greater Mekong Subregion
1330,Korea,2010,2372/0095/2988/0337,2372,36353-013,Greater Mekong Subregion
1331,Korea,2010,2372/0095/2988/0337,0095,36353-013,Greater Mekong Subregion
1332,Korea,2010,2372/0095/2988/0337,2988,36353-013,Greater Mekong Subregion
1333,Korea,2010,2372/0095/2988/0337,0337,36353-013,Greater Mekong Subregion
1335,Korea,2011,2610,2610,39595-033,Mong Duong 1 Thermal Power ﾖ Tranche 2
1336,Korea,2011,2826,2826,41462-013,"Comprehensive Socioeconomic Urban Development in Viet Tri, Hung Yen, and Dong Dang"
1337,Korea,2013,3013/0353,3013,40255-033,Central Mekong Delta Region Connectivity 
1338,Korea,2013,3013/0353,0353,40255-033,Central Mekong Delta Region Connectivity 
1339,Korea,2013,3047,3047,44213-016,Secondary Education Sector Investment Program - Tranche 1 (Supplementary)
1340,Korea,2014,3119/3120,3119,42251-018,Skills Sector Enhancement Program
1341,Korea,2014,3119/3120,3120,42251-018,Skills Sector Enhancement Program
1342,Korea,2014,3151/401/402/466/467/8299/8300,3151,42334-014,Rural Roads Improvement II
1343,Korea,2014,3151/401/402/466/467/8299/8300,0401,42334-014,Rural Roads Improvement II
1344,Korea,2014,3151/401/402/466/467/8299/8300,0402,42334-014,Rural Roads Improvement II
1345,Korea,2014,3151/401/402/466/467/8299/8300,0466,42334-014,Rural Roads Improvement II
1346,Korea,2014,3151/401/402/466/467/8299/8300,0467,42334-014,Rural Roads Improvement II
1347,Korea,2014,3151/401/402/466/467/8299/8300,8299,42334-014,Rural Roads Improvement II
1348,Korea,2014,3151/401/402/466/467/8299/8300,8300,42334-014,Rural Roads Improvement II
1349,Korea,2015,3047,3047,44213-016,Secondary Education Sector Investment ProgramﾗTranche 1 (Supplementary)
1358,Kuwait,2015,3124/8288,3124,33209-014,Community-Managed Irrigated Agriculture SectorﾗAdditional Financing
1359,Kuwait,2015,3124/8288,8288,33209-014,Community-Managed Irrigated Agriculture SectorﾗAdditional Financing
1360,Malaysia,2006,2288/2602/0187,2288,37269-023,Greater Mekong Subregion
1361,Malaysia,2006,2288/2602/0187,2602,37269-023,Greater Mekong Subregion
1362,Malaysia,2006,2288/2602/0187,0187,37269-023,Greater Mekong Subregion
1367,MDTF-WFPF,2009,2550/0159,2550,42382-013,Liaoning Small Cities and Towns Development Demonstration Sector
1368,MDTF-WFPF,2009,2550/0159,0159,42382-013,Liaoning Small Cities and Towns Development Demonstration Sector
1371,MDTF-WFPF,2009,2606,2606,42383-023,Shanxi Small Cities and Towns Development Demonstration Sector
1375,MDTF-WFPF,2014,2795/0263/0387,2795,43072-013,South Tarawa Sanitation Improvement Sector ﾖ Additional Financing
1376,MDTF-WFPF,2014,2795/0263/0387,0263,43072-013,South Tarawa Sanitation Improvement Sector ﾖ Additional Financing
1377,MDTF-WFPF,2014,2795/0263/0387,0387,43072-013,South Tarawa Sanitation Improvement Sector ﾖ Additional Financing
1410,NDF,2011,2789,2789,41433-013,Transport Connections in Northern Mountainous Provinces
1411,NDF,2013,0357/0358,0357,44214-024,Building Climate Resilience of Watersheds in Mountain Eco-Regions
1412,NDF,2013,0357/0358,0358,44214-024,Building Climate Resilience of Watersheds in Mountain Eco-Regions
1413,NDF,2014,3151/401/402/466/467/8299/8300,3151,42334-014,Rural Roads Improvement II
1414,NDF,2014,3151/401/402/466/467/8299/8300,0401,42334-014,Rural Roads Improvement II
1415,NDF,2014,3151/401/402/466/467/8299/8300,0402,42334-014,Rural Roads Improvement II
1416,NDF,2014,3151/401/402/466/467/8299/8300,0466,42334-014,Rural Roads Improvement II
1417,NDF,2014,3151/401/402/466/467/8299/8300,0467,42334-014,Rural Roads Improvement II
1418,NDF,2014,3151/401/402/466/467/8299/8300,8299,42334-014,Rural Roads Improvement II
1419,NDF,2014,3151/401/402/466/467/8299/8300,8300,42334-014,Rural Roads Improvement II
1420,Neighbourhood Investment Facility,2013,2993,2993,42145-043,North-South Road Corridor Investment ProgramﾗTranche 3
1480,Netherlands,2005,2200/0036/3302/0441,2200,34418-023,Southwest Area Integrated Water Resources Planning and Management
1481,Netherlands,2005,2200/0036/3302/0441,0036,34418-023,Southwest Area Integrated Water Resources Planning and Management
1482,Netherlands,2005,2200/0036/3302/0441,3302,34418-023,Southwest Area Integrated Water Resources Planning and Management
1483,Netherlands,2005,2200/0036/3302/0441,0441,34418-023,Southwest Area Integrated Water Resources Planning and Management
1505,Netherlands,2014,3138/0396,3138,44167-014,Flood and Riverbank Erosion Risk Management Investment Program ﾖ Project 1
1506,Netherlands,2014,3138/0396,0396,44167-014,Flood and Riverbank Erosion Risk Management Investment Program ﾖ Project 1
1507,"Netherlands,Netherlands",2015,2200/0036/3302/0441,2200,34418-023,Southwest Area Integrated Water Resources Planning and ManagementﾗAdditional Financing
1508,"Netherlands,Netherlands",2015,2200/0036/3302/0441,0036,34418-023,Southwest Area Integrated Water Resources Planning and ManagementﾗAdditional Financing
1509,"Netherlands,Netherlands",2015,2200/0036/3302/0441,3302,34418-023,Southwest Area Integrated Water Resources Planning and ManagementﾗAdditional Financing
1510,"Netherlands,Netherlands",2015,2200/0036/3302/0441,0441,34418-023,Southwest Area Integrated Water Resources Planning and ManagementﾗAdditional Financing
1520,New Zealand,2006,0049/50,0049,39581-012,Road Improvement (Sector)
1521,New Zealand,2006,0049/50,0050,39581-012,Road Improvement (Sector)
1531,New Zealand,2011,2820/3249/0273/0427,2820,42392-013,Interisland Shipping Support
1532,New Zealand,2011,2820/3249/0273/0427,3249,42392-013,Interisland Shipping Support
1533,New Zealand,2011,2820/3249/0273/0427,0273,42392-013,Interisland Shipping Support
1534,New Zealand,2011,2820/3249/0273/0427,0427,42392-013,Interisland Shipping Support
1535,New Zealand,2012,0049/50,0049,39581-012,Road Improvement (Sector) (3rd Supplementary)
1536,New Zealand,2012,0049/50,0050,39581-012,Road Improvement (Sector) (3rd Supplementary)
1537,New Zealand,2012,0127/0292/0293,0127,40263-033,Domestic Maritime Support (Sector) (Supplementary)
1538,New Zealand,2012,0127/0292/0293,0292,40263-033,Domestic Maritime Support (Sector) (Supplementary)
1539,New Zealand,2012,0127/0292/0293,0293,40263-033,Domestic Maritime Support (Sector) (Supplementary)
1540,New Zealand,2012,9163/0288,9163,41504-024,Improved Energy Access for Rural Communities
1541,New Zealand,2012,9163/0288,0288,41504-024,Improved Energy Access for Rural Communities
1542,New Zealand,2014,0127/0292/0293,0127,40263-033,Domestic Maritime Support (Sector) (Supplementary)
1543,New Zealand,2014,0127/0292/0293,0292,40263-033,Domestic Maritime Support (Sector) (Supplementary)
1544,New Zealand,2014,0127/0292/0293,0293,40263-033,Domestic Maritime Support (Sector) (Supplementary)
1545,New Zealand,2015,0127/0292/0293,0127,40263-033,Domestic Maritime Support (Sector)ﾖAdditional Cofinancing
1546,New Zealand,2015,0127/0292/0293,0292,40263-033,Domestic Maritime Support (Sector)ﾖAdditional Cofinancing
1547,New Zealand,2015,0127/0292/0293,0293,40263-033,Domestic Maritime Support (Sector)ﾖAdditional Cofinancing
1548,New Zealand,2015,0442,0442,47318-001,Strengthened Fiscal Sustainability Program
1549,New Zealand,2015,2820/3249/0273/0427,2820,42392-013,Interisland Shipping SupportﾗAdditional Financing
1550,New Zealand,2015,2820/3249/0273/0427,3249,42392-013,Interisland Shipping SupportﾗAdditional Financing
1551,New Zealand,2015,2820/3249/0273/0427,0273,42392-013,Interisland Shipping SupportﾗAdditional Financing
1552,New Zealand,2015,2820/3249/0273/0427,0427,42392-013,Interisland Shipping SupportﾗAdditional Financing
1553,"New Zealand,New Zealand",2014,0389/0390,0389,48192-001,Cyclone Ian Recovery
1554,"New Zealand,New Zealand",2014,0389/0390,0390,48192-001,Cyclone Ian Recovery
1555,"New Zealand,New Zealand",2014,0416,0416,47314-001,Strengthening Fiscal Stability Program
1556,"New Zealand,New Zealand",2015,0456/0457,0456,46044-003,Renewable Energy Development and Power Sector RehabilitationﾗAdditional Financing
1557,"New Zealand,New Zealand",2015,0456/0457,0457,46044-003,Renewable Energy Development and Power Sector RehabilitationﾗAdditional Financing
1562,Norway,1979,0414,0414,46455-002,Upper Warangoi Hydropower
1609,Norway,2007,2168/7/13/75/0193,2168,36601-013,North East Community Restoration and Development II (Supplementary)
1610,Norway,2007,2168/7/13/75/0193,0007,36601-013,North East Community Restoration and Development II (Supplementary)
1611,Norway,2007,2168/7/13/75/0193,0013,36601-013,North East Community Restoration and Development II (Supplementary)
1612,Norway,2007,2168/7/13/75/0193,0075,36601-013,North East Community Restoration and Development II (Supplementary)
1613,Norway,2007,2168/7/13/75/0193,0193,36601-013,North East Community Restoration and Development II (Supplementary)
1619,Norway,2011,G0272/0289,G0272,35174-082,School Sector Program
1620,Norway,2011,G0272/0289,0289,35174-082,School Sector Program
1621,Norway,2014,3139/0397/0398,3139,44219-014,South Asia  Subregional Economic Cooperation Power System Expansion
1622,Norway,2014,3139/0397/0398,0397,44219-014,South Asia  Subregional Economic Cooperation Power System Expansion
1623,Norway,2014,3139/0397/0398,0398,44219-014,South Asia  Subregional Economic Cooperation Power System Expansion
1647,OFID,1979,0447,0447,46495-002,Third Power
1719,OFID,2006,2288/2602/0187,2288,37269-023,Greater Mekong Subregion
1720,OFID,2006,2288/2602/0187,2602,37269-023,Greater Mekong Subregion
1721,OFID,2006,2288/2602/0187,0187,37269-023,Greater Mekong Subregion
1752,OFID,2011,2217/2767/8252,2217,38357-013,National Highways Sector
1753,OFID,2011,2217/2767/8252,2767,38357-013,National Highways Sector
1754,OFID,2011,2217/2767/8252,8252,38357-013,National Highways Sector
1758,OFID,2011,2796/0267/8257,2796,38426-023,Decentralized Rural Infrastructure and Livelihood (Additional Financing)
1759,OFID,2011,2796/0267/8257,0267,38426-023,Decentralized Rural Infrastructure and Livelihood (Additional Financing)
1760,OFID,2011,2796/0267/8257,8257,38426-023,Decentralized Rural Infrastructure and Livelihood (Additional Financing)
1763,OFID,2012,0301/8259,0301,45432-002,Central Asia Regional Economic Cooperation Corridor 6 (Ayni-Uzbekistan Border Road) Improvement
1764,OFID,2012,0301/8259,8259,45432-002,Central Asia Regional Economic Cooperation Corridor 6 (Ayni-Uzbekistan Border Road) Improvement
1765,OFID,2012,2949/8263,2949,40540-014,South Asia Subregional Economic Cooperation Road Connectivity
1766,OFID,2012,2949/8263,8263,40540-014,South Asia Subregional Economic Cooperation Road Connectivity
1767,OFID,2012,2979/8264/0468,2979,42361-014,Medium-Voltage Sub-Transmission Expansion Sector
1768,OFID,2012,2979/8264/0468,8264,42361-014,Medium-Voltage Sub-Transmission Expansion Sector
1769,OFID,2012,2979/8264/0468,0468,42361-014,Medium-Voltage Sub-Transmission Expansion Sector
1770,OFID,2013,3000/0342/8269,3000,43524-014,Kathmandu Valley Wastewater Management
1771,OFID,2013,3000/0342/8269,0342,43524-014,Kathmandu Valley Wastewater Management
1772,OFID,2013,3000/0342/8269,8269,43524-014,Kathmandu Valley Wastewater Management
1773,OFID,2014,3124/8288,3124,33209-014,Community-Managed Irrigated Agriculture Sector ﾖ Additional Financing
1774,OFID,2014,3124/8288,8288,33209-014,Community-Managed Irrigated Agriculture Sector ﾖ Additional Financing
1775,OFID,2014,3142/8285,3142,39295-013,Third Urban Governance and Infrastructure Improvement (Sector)
1776,OFID,2014,3142/8285,8285,39295-013,Third Urban Governance and Infrastructure Improvement (Sector)
1777,OFID,2014,3157/0405/8304,3157,35173-013,Third Small Towns Water Supply and Sanitation Sector
1778,OFID,2014,3157/0405/8304,0405,35173-013,Third Small Towns Water Supply and Sanitation Sector
1779,OFID,2014,3157/0405/8304,8304,35173-013,Third Small Towns Water Supply and Sanitation Sector
1780,OFID,2015,3250/0471/8303,3250,45041-002,Vientiane Sustainable Urban Transport
1781,OFID,2015,3250/0471/8303,0471,45041-002,Vientiane Sustainable Urban Transport
1782,OFID,2015,3250/0471/8303,8303,45041-002,Vientiane Sustainable Urban Transport
1783,Phu Bia Mining Limited,2013,3041/0363,3041,45301-002,Water Supply and Sanitation Sector
1784,Phu Bia Mining Limited,2013,3041/0363,0363,45301-002,Water Supply and Sanitation Sector
1785,PRIF,2010,2718,2718,44281-013,Road Rehabilitation
1786,PRIF,2011,2718,2718,44281-013,Road Rehabilitation
1787,PriF,2015,2718,2718,44281-013,Road Rehabilitation (Supplementary)
1792,P.R.C.,2012,2962,2962,43031-013,Hunan Xiangjiang Inland Waterway Transport
1793,P.R.C.,2013,3075,3075,46058-002,Qinghai Delingha Concentrated Solar Thermal Power
1794,P.R.C.,2015,3308,3308,47051-002,Chemical Industry Energy Efficiency and Emission Reduction
1795,"P.R.C.,SpDB",2014,3218,3218,47052-002,Low-Carbon District Heating Project in Hohhot in Inner Mongolia Autonomous Region
1810,SCF-PPCR,2011,2839/G0278/8254,2839,43309-013,Provincial Roads Improvement
1811,SCF-PPCR,2011,2839/G0278/8254,G0278,43309-013,Provincial Roads Improvement
1812,SCF-PPCR,2011,2839/G0278/8254,8254,43309-013,Provincial Roads Improvement
1813,SCF-PPCR,2012,2913/0310/8258,2913,45084-002,Coastal Climate-Resilient Infrastructure
1814,SCF-PPCR,2012,2913/0310/8258,0310,45084-002,Coastal Climate-Resilient Infrastructure
1815,SCF-PPCR,2012,2913/0310/8258,8258,45084-002,Coastal Climate-Resilient Infrastructure
1816,SCF-PPCR,2012,2913/0310/8258,2913,45084-002,Coastal Climate-Resilient Infrastructure
1817,SCF-PPCR,2012,2913/0310/8258,0310,45084-002,Coastal Climate-Resilient Infrastructure
1818,SCF-PPCR,2012,2913/0310/8258,8258,45084-002,Coastal Climate-Resilient Infrastructure
1819,SCF-PPCR,2012,2970/0330/8262,2970,40190-013,Greater Mekong Subregion Flood and Drought Risk Management and Mitigation
1820,SCF-PPCR,2012,2970/0330/8262,0330,40190-013,Greater Mekong Subregion Flood and Drought Risk Management and Mitigation
1821,SCF-PPCR,2012,2970/0330/8262,8262,40190-013,Greater Mekong Subregion Flood and Drought Risk Management and Mitigation
1822,SCF-PPCR,2012,2970/0330/8262,2970,40190-013,Greater Mekong Subregion Flood and Drought Risk Management and Mitigation
1823,SCF-PPCR,2012,2970/0330/8262,0330,40190-013,Greater Mekong Subregion Flood and Drought Risk Management and Mitigation
1824,SCF-PPCR,2012,2970/0330/8262,8262,40190-013,Greater Mekong Subregion Flood and Drought Risk Management and Mitigation
1825,SCF-PPCR,2012,2983/0334/0335/8265,2983,43319-033,Greater Mekong Subregion Southern Economic Corridor Towns Development
1826,SCF-PPCR,2012,2983/0334/0335/8265,0334,43319-033,Greater Mekong Subregion Southern Economic Corridor Towns Development
1827,SCF-PPCR,2012,2983/0334/0335/8265,0335,43319-033,Greater Mekong Subregion Southern Economic Corridor Towns Development
1828,SCF-PPCR,2012,2983/0334/0335/8265,8265,43319-033,Greater Mekong Subregion Southern Economic Corridor Towns Development
1829,SCF-PPCR,2012,2983/0334/0335/8265,2983,43319-033,Greater Mekong Subregion Southern Economic Corridor Towns Development
1830,SCF-PPCR,2012,2983/0334/0335/8265,0334,43319-033,Greater Mekong Subregion Southern Economic Corridor Towns Development
1831,SCF-PPCR,2012,2983/0334/0335/8265,0335,43319-033,Greater Mekong Subregion Southern Economic Corridor Towns Development
1832,SCF-PPCR,2012,2983/0334/0335/8265,8265,43319-033,Greater Mekong Subregion Southern Economic Corridor Towns Development
1833,SCF-PPCR,2013,0352,0352,45354-002,Building Climate Resilience in the Pyanj River Basin
1834,SCF-PPCR,2013,0357/0358,0357,44214-024,Building Climate Resilience of Watersheds in Mountain Eco-Regions
1835,SCF-PPCR,2013,0357/0358,0358,44214-024,Building Climate Resilience of Watersheds in Mountain Eco-Regions
1836,SCF-PPCR,2013,0378,0378,46351-002,Climate Resilience Sector
1837,SCF-PPCR,2013,3006/3007/0349/0350/8271,3006,44321-013,Climate-Resilient Rice Commercialization Sector Development Program
1838,SCF-PPCR,2013,3006/3007/0349/0350/8271,3007,44321-013,Climate-Resilient Rice Commercialization Sector Development Program
1839,SCF-PPCR,2013,3006/3007/0349/0350/8271,0349,44321-013,Climate-Resilient Rice Commercialization Sector Development Program
1840,SCF-PPCR,2013,3006/3007/0349/0350/8271,0350,44321-013,Climate-Resilient Rice Commercialization Sector Development Program
1841,SCF-PPCR,2013,3006/3007/0349/0350/8271,8271,44321-013,Climate-Resilient Rice Commercialization Sector Development Program
1842,SCF-PPCR,2013,3006/3007/0349/0350/8271,3006,44321-013,Climate-Resilient Rice Commercialization Sector Development Program
1843,SCF-PPCR,2013,3006/3007/0349/0350/8271,3007,44321-013,Climate-Resilient Rice Commercialization Sector Development Program
1844,SCF-PPCR,2013,3006/3007/0349/0350/8271,0349,44321-013,Climate-Resilient Rice Commercialization Sector Development Program
1845,SCF-PPCR,2013,3006/3007/0349/0350/8271,0350,44321-013,Climate-Resilient Rice Commercialization Sector Development Program
1846,SCF-PPCR,2013,3006/3007/0349/0350/8271,8271,44321-013,Climate-Resilient Rice Commercialization Sector Development Program
1847,SCF-PPCR,2014,3133/0394/0395/8284,3133,44212-013,Coastal Towns Environmental Infrastructure
1848,SCF-PPCR,2014,3133/0394/0395/8284,0394,44212-013,Coastal Towns Environmental Infrastructure
1849,SCF-PPCR,2014,3133/0394/0395/8284,0395,44212-013,Coastal Towns Environmental Infrastructure
1850,SCF-PPCR,2014,3133/0394/0395/8284,8284,44212-013,Coastal Towns Environmental Infrastructure
1851,SCF-PPCR,2014,3133/0394/0395/8284,3133,44212-013,Coastal Towns Environmental Infrastructure
1852,SCF-PPCR,2014,3133/0394/0395/8284,0394,44212-013,Coastal Towns Environmental Infrastructure
1853,SCF-PPCR,2014,3133/0394/0395/8284,0395,44212-013,Coastal Towns Environmental Infrastructure
1854,SCF-PPCR,2014,3133/0394/0395/8284,8284,44212-013,Coastal Towns Environmental Infrastructure
1855,SCF-PPCR,2014,3158/8287,3158,48901-014,Spice Value Chain Development Project
1856,SCF-PPCR,2014,3158/8287,8287,48901-014,Spice Value Chain Development Project
1857,SCF-PPCR,2015,0426,0426,40253-033,Greater Mekong Subregion Biodiversity Conservation CorridorsﾗAdditional Financing
1858,SCF-PPCR,2015,0447,0447,46495-002,Building Climate Resilience to Climate Change in Papua New Guinea
1859,SCF-PPCR,2015,3151/401-2/466-7/8299-300,3151,42334-014,Rural Roads Improvement IIﾗAdditional Financing
1860,SCF-PPCR,2015,3151/401-2/466-7/8299-300,401-2,42334-014,Rural Roads Improvement IIﾗAdditional Financing
1861,SCF-PPCR,2015,3151/401-2/466-7/8299-300,466-7,42334-014,Rural Roads Improvement IIﾗAdditional Financing
1862,SCF-PPCR,2015,3151/401-2/466-7/8299-300,8299-300,42334-014,Rural Roads Improvement IIﾗAdditional Financing
1863,SCF-PPCR,2015,3151/401-2/466-7/8299-300,3151,42334-014,Rural Roads Improvement IIﾗAdditional Financing
1864,SCF-PPCR,2015,3151/401-2/466-7/8299-300,401-2,42334-014,Rural Roads Improvement IIﾗAdditional Financing
1865,SCF-PPCR,2015,3151/401-2/466-7/8299-300,466-7,42334-014,Rural Roads Improvement IIﾗAdditional Financing
1866,SCF-PPCR,2015,3151/401-2/466-7/8299-300,8299-300,42334-014,Rural Roads Improvement IIﾗAdditional Financing
1867,SCF-PPCR,2015,3311/0454/8295,3311,42285-013,Integrated Urban Environmental Management in the Tonle Sap Basin
1868,SCF-PPCR,2015,3311/0454/8295,0454,42285-013,Integrated Urban Environmental Management in the Tonle Sap Basin
1869,SCF-PPCR,2015,3311/0454/8295,8295,42285-013,Integrated Urban Environmental Management in the Tonle Sap Basin
1870,SCF-PPCR,2015,3311/0454/8295,3311,42285-013,Integrated Urban Environmental Management in the Tonle Sap Basin
1871,SCF-PPCR,2015,3311/0454/8295,0454,42285-013,Integrated Urban Environmental Management in the Tonle Sap Basin
1872,SCF-PPCR,2015,3311/0454/8295,8295,42285-013,Integrated Urban Environmental Management in the Tonle Sap Basin
1873,SCF-SREP,2014,0409/0410/0429,0409,46122-003,Preparing Outer Islands for Sustainable Energy Development
1874,SCF-SREP,2014,0409/0410/0429,0410,46122-003,Preparing Outer Islands for Sustainable Energy Development
1875,SCF-SREP,2014,0409/0410/0429,0429,46122-003,Preparing Outer Islands for Sustainable Energy Development
1876,SCF-SREP,2014,3139/0397/0398,3139,44219-014,South Asia  Subregional Economic Cooperation Power System Expansion
1877,SCF-SREP,2014,3139/0397/0398,0397,44219-014,South Asia  Subregional Economic Cooperation Power System Expansion
1878,SCF-SREP,2014,3139/0397/0398,0398,44219-014,South Asia  Subregional Economic Cooperation Power System Expansion
1887,"P.R.C.,SpDB",2014,3218,3218,47052-002,Low-Carbon District Heating Project in Hohhot in Inner Mongolia Autonomous Region
1912,Sweden,2005,2168/7/13/75/0193,2168,36601-013,North East Community Restoration and Development II
1913,Sweden,2005,2168/7/13/75/0193,0007,36601-013,North East Community Restoration and Development II
1914,Sweden,2005,2168/7/13/75/0193,0013,36601-013,North East Community Restoration and Development II
1915,Sweden,2005,2168/7/13/75/0193,0075,36601-013,North East Community Restoration and Development II
1916,Sweden,2005,2168/7/13/75/0193,0193,36601-013,North East Community Restoration and Development II
1921,Sweden,2011,2761,2761,42122-013,Third Primary Education Development
1922,Sweden,2012,2695/0323,2695,39298-013,City Region Development - Additional Financing
1923,Sweden,2012,2695/0323,0323,39298-013,City Region Development - Additional Financing
1924,Sweden,2012,2878/0298,2878,42177-013,Urban Primary Health Care Services Delivery
1925,Sweden,2012,2878/0298,0298,42177-013,Urban Primary Health Care Services Delivery
1954,Switzerland,2011,2796/0267/8257,2796,38426-023,Decentralized Rural Infrastructure and Livelihood (Additional Financing)
1955,Switzerland,2011,2796/0267/8257,0267,38426-023,Decentralized Rural Infrastructure and Livelihood (Additional Financing)
1956,Switzerland,2011,2796/0267/8257,8257,38426-023,Decentralized Rural Infrastructure and Livelihood (Additional Financing)
1957,Switzerland,2014,3131/0391,3131,42466-015,Skills for Employment Investment Program ﾖ Tranche 1
1958,Switzerland,2014,3131/0391,0391,42466-015,Skills for Employment Investment Program ﾖ Tranche 1
1968,UCCRTF,2015,3316/0455,3316,47127-002,Mandalay Urban Services Improvement
1969,UCCRTF,2015,3316/0455,0455,47127-002,Mandalay Urban Services Improvement
1970,UCCRTF,2015,3340/0462,3340,43237-013,Urban Environment and Climate Change Adaptation
1971,UCCRTF,2015,3340/0462,0462,43237-013,Urban Environment and Climate Change Adaptation
1972,UFPF-UEIF,2012,2931/G0313-0314,2931,43319-022,Greater Mekong Subregion East-West Economic Corridor Towns Development
1973,UFPF-UEIF,2012,2931/G0313-0314,G0313-0314,43319-022,Greater Mekong Subregion East-West Economic Corridor Towns Development
1974,UFPF-UEIF,2012,2969/0329,2969,43319-043,Greater Mekong Subregion Corridor Towns Development
1975,UFPF-UEIF,2012,2969/0329,0329,43319-043,Greater Mekong Subregion Corridor Towns Development
1976,UFPF-UEIF,2012,2983/0334/0335/8265,2983,43319-033,Greater Mekong Subregion Southern Economic Corridor Towns Development
1977,UFPF-UEIF,2012,2983/0334/0335/8265,0334,43319-033,Greater Mekong Subregion Southern Economic Corridor Towns Development
1978,UFPF-UEIF,2012,2983/0334/0335/8265,0335,43319-033,Greater Mekong Subregion Southern Economic Corridor Towns Development
1979,UFPF-UEIF,2012,2983/0334/0335/8265,8265,43319-033,Greater Mekong Subregion Southern Economic Corridor Towns Development
1980,UFPF-UEIF,2013,3098/3099/0380,3098,45007-004,Ulaanbaatar Urban Services and Ger Areas Development Investment Program ﾗ Tranche 1
1981,UFPF-UEIF,2013,3098/3099/0380,3099,45007-004,Ulaanbaatar Urban Services and Ger Areas Development Investment Program ﾗ Tranche 1
1982,UFPF-UEIF,2013,3098/3099/0380,0380,45007-004,Ulaanbaatar Urban Services and Ger Areas Development Investment Program ﾗ Tranche 1
1983,UFPF-UEIF,2014,3148/0399,3148,43253-025,Karnataka Integrated Urban Water Management Investment Program ﾖ Tranche 1
1984,UFPF-UEIF,2014,3148/0399,0399,43253-025,Karnataka Integrated Urban Water Management Investment Program ﾖ Tranche 1
1985,"Uzbekistan,UFRD",2014,3141,3141,45306-001,Takhiatash Power Plant Efficiency Improvement
1996,UNDP,1978,0365,0365,46265-001,Kud Multipurpose
2000,UNDP,1979,0447,0447,46495-002,Third Power
2073,UNICEF,2011,2761,2761,42122-013,Third Primary Education Development
2074,UNICEF,2011,G0272/0289,G0272,35174-082,School Sector Program
2075,UNICEF,2011,G0272/0289,0289,35174-082,School Sector Program
2076,UNICEF,2015,3256,3256,42122-013,Third Primary Education DevelopmentﾗAdditional Financing
2077,"U.K.,United Kingdom",2014,9135/0277/0382/0406,9135,38097-013,Establishing Women and Children Service Centers ﾖ Additional Financing
2078,"U.K.,United Kingdom",2014,9135/0277/0382/0406,0277,38097-013,Establishing Women and Children Service Centers ﾖ Additional Financing
2079,"U.K.,United Kingdom",2014,9135/0277/0382/0406,0382,38097-013,Establishing Women and Children Service Centers ﾖ Additional Financing
2080,"U.K.,United Kingdom",2014,9135/0277/0382/0406,0406,38097-013,Establishing Women and Children Service Centers ﾖ Additional Financing
2085,Uzbekistan,2015,3286,3286,41340-015,Advanced Electricity Metering Phase 4
2086,"Uzbekistan,UFRD",2014,3141,3141,45306-001,Takhiatash Power Plant Efficiency Improvement
2160,U.K.,2011,2761,2761,42122-013,Third Primary Education Development
2161,U.K.,2011,9135/0277/0382/0406,9135,38097-013,Establishing Women and Children Service Centers (Supplementary)
2162,U.K.,2011,9135/0277/0382/0406,0277,38097-013,Establishing Women and Children Service Centers (Supplementary)
2163,U.K.,2011,9135/0277/0382/0406,0382,38097-013,Establishing Women and Children Service Centers (Supplementary)
2164,U.K.,2011,9135/0277/0382/0406,0406,38097-013,Establishing Women and Children Service Centers (Supplementary)
2165,U.K.,2011,G0272/0289,G0272,35174-082,School Sector Program
2166,U.K.,2011,G0272/0289,0289,35174-082,School Sector Program
2167,U.K.,2012,0305-0306/0368,0305-0306,36172-063,Strengthening Public Management Program
2168,U.K.,2012,0305-0306/0368,0368,36172-063,Strengthening Public Management Program
2169,U.K.,2015,3121/0434,3121,40075-033,National Trade Corridor Highway Investment ProgramﾗTranche 2 
2170,U.K.,2015,3121/0434,0434,40075-033,National Trade Corridor Highway Investment ProgramﾗTranche 2 
2171,U.K.,2015,3197/0435,3197,40075-043,National Trade Corridor Highway Investment ProgramﾗTranche 3 
2172,U.K.,2015,3197/0435,0435,40075-043,National Trade Corridor Highway Investment ProgramﾗTranche 3 
2173,U.K.,2015,3300/0440,3300,48402-001,National Motorway M-4 GojraﾖShorkot Section
2174,U.K.,2015,3300/0440,0440,48402-001,National Motorway M-4 GojraﾖShorkot Section
2175,"U.K.,DFID",2015,3134/0451,3134,47281-001,National Highway Network Development in Balochistan
2176,"U.K.,DFID",2015,3134/0451,0451,47281-001,National Highway Network Development in Balochistan
2177,"U.K.,United Kingdom",2014,9135/0277/0382/0406,9135,38097-013,Establishing Women and Children Service Centers ﾖ Additional Financing
2178,"U.K.,United Kingdom",2014,9135/0277/0382/0406,0277,38097-013,Establishing Women and Children Service Centers ﾖ Additional Financing
2179,"U.K.,United Kingdom",2014,9135/0277/0382/0406,0382,38097-013,Establishing Women and Children Service Centers ﾖ Additional Financing
2180,"U.K.,United Kingdom",2014,9135/0277/0382/0406,0406,38097-013,Establishing Women and Children Service Centers ﾖ Additional Financing
2199,WFPF-SFPTF,2014,3133/0394/0395/8284,3133,44212-013,Coastal Towns Environmental Infrastructure
2200,WFPF-SFPTF,2014,3133/0394/0395/8284,0394,44212-013,Coastal Towns Environmental Infrastructure
2201,WFPF-SFPTF,2014,3133/0394/0395/8284,0395,44212-013,Coastal Towns Environmental Infrastructure
2202,WFPF-SFPTF,2014,3133/0394/0395/8284,8284,44212-013,Coastal Towns Environmental Infrastructure
2203,WFPF-SFPTF,2014,3157/0405/8304,3157,35173-013,Third Small Towns Water Supply and Sanitation Sector
2204,WFPF-SFPTF,2014,3157/0405/8304,0405,35173-013,Third Small Towns Water Supply and Sanitation Sector
2205,WFPF-SFPTF,2014,3157/0405/8304,8304,35173-013,Third Small Towns Water Supply and Sanitation Sector
2206,WFPF-SFPTF,2014,3182/3183/0413,3182,42267-026,Rajasthan Urban Sector Development Program
2207,WFPF-SFPTF,2014,3182/3183/0413,3183,42267-026,Rajasthan Urban Sector Development Program
2208,WFPF-SFPTF,2014,3182/3183/0413,0413,42267-026,Rajasthan Urban Sector Development Program
2213,WHO,2011,2785/0259/8274,2785,41509-013,Rural Primary Health Services Delivery
2214,WHO,2011,2785/0259/8274,0259,41509-013,Rural Primary Health Services Delivery
2215,WHO,2011,2785/0259/8274,8274,41509-013,Rural Primary Health Services Delivery
2216,WHO,2012,2963,2963,45009-002,Fifth Health Sector Development
2339,World Bank,2010,2718,2718,44281-013,Road Rehabilitation
2342,World Bank,2011,2718,2718,44281-013,Road Rehabilitation
2343,World Bank,2011,2761,2761,42122-013,Third Primary Education Development
2345,World Bank,2011,G0272/0289,G0272,35174-082,School Sector Program
2346,World Bank,2011,G0272/0289,0289,35174-082,School Sector Program
2347,World Bank,2012,2942,2942,46093-001,Inclusive Growth through Improved Connectivity Program - Subprogram 1
2348,World Bank,2013,3008/3009,3008,39293-037,Education Sector Development Program
2349,World Bank,2013,3008/3009,3009,39293-037,Education Sector Development Program
2350,World Bank,2013,3045/3046,3045,42180-013,Second Public-Private Infrastructure Development Facility
2351,World Bank,2013,3045/3046,3046,42180-013,Second Public-Private Infrastructure Development Facility
2352,World Bank,2013,3047,3047,44213-016,Secondary Education Sector Investment Program - Tranche 1
2353,World Bank,2013,3068,3068,46093-004,"Inclusive Growth through Improved Connectivity Program, Subprogram 2"
2354,World Bank,2014,0416,0416,47314-001,Strengthening Fiscal Stability Program
2355,World Bank,2014,3100,3100,46420-002,KALAHI-CIDSS National Community-Driven Development 
2356,World Bank,2014,3119/3120,3119,42251-018,Skills Sector Enhancement Program
2357,World Bank,2014,3119/3120,3120,42251-018,Skills Sector Enhancement Program
2358,World Bank,2014,3126,3126,47015-001,Sustainable Energy Sector Reform Program ﾖ Subprogram 1
2359,World Bank,2014,3227/3228,3227,47293-001,Improving Competitiveness Program
2360,World Bank,2014,3227/3228,3228,47293-001,Improving Competitiveness Program
2361,World Bank,2015,0442,0442,47318-001,Strengthened Fiscal Sustainability Program
2362,World Bank,2015,0458,0458,47320-001,Samoa Submarine Cable
2363,World Bank,2015,2718,2718,44281-013,Road Rehabilitation (Supplementary)
2364,World Bank,2015,2718,2718,44281-013,Road Rehabilitation (Supplementary)
2365,World Bank,2015,3210,3210,48141-001,Transport Infrastructure Investment Sector
2366,World Bank,2015,3256,3256,42122-013,Third Primary Education DevelopmentﾗAdditional Financing
2367,World Bank,2015,3279/3280,3279,47137-003,Health Sector Governance Program
2368,World Bank,2015,3279/3280,3280,47137-003,Health Sector Governance Program
2369,World Bank,2015,3279/3280,3279,47137-003,Health Sector Governance Program
2370,World Bank,2015,3279/3280,3280,47137-003,Health Sector Governance Program
2371,World Bank,2015,3303/8293,3303,49043-001,Sustainable and Inclusive Energy Program (Subprogram 1)
2372,World Bank,2015,3303/8293,8293,49043-001,Sustainable and Inclusive Energy Program (Subprogram 1)
2373,World Bank,2015,3320,3320,44213-017,Secondary Education Sector Investment ProgramﾗTranche 2
2374,World Bank,2015,3321/3322,3321,47015-002,Sustainable Energy Sector Reform ProgramﾗTranche 2 
2375,World Bank,2015,3321/3322,3322,47015-002,Sustainable Energy Sector Reform ProgramﾗTranche 2 
2376,World Bank,2015,3339/8297,3339,49080-001,Electricity Grid StrengtheningﾗSumatra Program
2377,World Bank,2015,3339/8297,8297,49080-001,Electricity Grid StrengtheningﾗSumatra Program
2380,,2016,3369,3369,43407-014,Social Protection Support - Additional Financing
