,Year,Loan / Grant No,DMC,Project Name,SF Source,OCR Loan,ADF Loan,ADF Grant,Other SF,Total,Cofinancier,Grant,Loan,Total.1,ADB Approval
965,2007,9115,MON,Access to Health Services for Disadvantaged Groups in Ulaanbaatar,,0.00,0.0,0.0,0.0,0.00,JFPR,2.0,0.00,2.00,19-Dec-2007
966,2007,9114,CAM,Building Community Capacity for Poverty Reduction Initiatives,,0.00,0.0,0.0,0.0,0.00,JFPR,1.5,0.00,1.50,19-Dec-2007
967,2007,9109,MON,Community-Based Heating Supply in Rural Remote Areas,,0.00,0.0,0.0,0.0,0.00,JFPR,2.0,0.00,2.00,29-Jun-2007
968,2007,9106,MON,Community-Driven Development for Urban Poor in Ger Areas,,0.00,0.0,0.0,0.0,0.00,JFPR,1.5,0.00,1.50,02-Mar-2007
969,2007,2196/0023,TAJ,Dushanbe-Kyrgyz Border Road Rehabilitation Phase II,,0.00,29.5,0.5,0.0,30.00,OFID,0.0,3.50,3.50,04-Dec-2007
970,2007,0078,SOL,Emergency Assistance,,0.00,0.0,4.95,0.0,4.95,EC,4.0,0.00,4.00,27-Jun-2007
971,2007,9107,LAO,Enhancing Capacity of Local Government Agencies and Lao Women's Union for Sustainable Poverty Reduction in Northern Lao PDR,,0.00,0.0,0.0,0.0,0.00,JFPR,0.53,0.00,0.53,11-May-2007
972,2007,2372/0095/2988/0337,VIE,Greater Mekong Subregion: Southern Coastal Corridor (Cambodia and Viet Nam),,0.00,75.0,0.0,0.0,75.00,Australia,25.5,0.00,75.50,28-Nov-2007
973,2007,2372/0095/2988/0337,VIE,Greater Mekong Subregion: Southern Coastal Corridor (Cambodia and Viet Nam),,,,,,,KEXIM,0.0,50.00,,
974,2007,2373/0096,CAM,Greater Mekong Subregion: Southern Coastal Corridor (Cambodia and Viet Nam),,0.00,7.0,0.0,0.0,7.00,Australia,8.0,0.00,8.00,28-Nov-2007
975,2007,9108,KGZ,Improving Access to Quality Basic Education for Children with Special Needs,,0.00,0.0,0.0,0.0,0.00,JFPR,1.0,0.00,1.00,28-May-2007
976,2007,9104,KGZ,Improving Livelihoods of Rural Women through Development of Handicrafts Industry,,0.00,0.0,0.0,0.0,0.00,JFPR,2.0,0.00,2.00,17-Jan-2007
977,2007,2311/0071,PHI,Integrated Coastal Resources Management,,33.80,0.0,0.0,0.0,33.80,GEF,9.0,0.00,9.00,23-Jan-2007
978,2007,2357/0103/8236,VIE,Integrated Rural Development Sector Project in the Central Provinces,,0.00,90.0,0.0,0.0,90.00,AFD,1.3,52.00,53.30,15-Oct-2007
979,2007,2398-2399/0102,PNG,Lae Port Development,,60.00,40.0,0.0,0.0,100.00,HIV/AIDS Cooperation Fund,0.75,0.00,6.75,18-Dec-2007
980,2007,2398-2399/0102,PNG,Lae Port Development,,,,,,,OFID,0.0,6.00,,
981,2007,9113,PNG,Lae Port Livelihood and Social Improvement,,0.00,0.0,0.0,0.0,0.00,JFPR,1.5,0.00,1.50,18-Dec-2007
982,2007,9105,PAK,Microfinance for the Poorest,,0.00,0.0,0.0,0.0,0.00,JFPR,2.0,0.00,2.00,30-Jan-2007
983,2007,2168/7/13/75/0193,SRI,North East Community Restoration and Development II (Supplementary),,0.00,0.0,0.0,0.0,0.00,Finland,0.5,0.00,1.50,05-Feb-2007
984,2007,2168/7/13/75/0193,SRI,North East Community Restoration and Development II (Supplementary),,,,,,,Norway,1.0,0.00,,
985,2007,0082/8241,LAO,Northern GMS Transport Network Improvement,,0.00,0.0,27.0,0.0,27.00,Australia,14.5,0.00,47.90,27-Sep-2007
986,2007,0082/8241,LAO,Northern GMS Transport Network Improvement,,,,,,,KEXIM,0.0,22.40,,
987,2007,0082/8241,LAO,Northern GMS Transport Network Improvement,,,,,,,OFID,0.0,11.00,,
988,2007,2368/0087/0101/8232,SAM,Power Sector Expansion,,0.00,26.61,15.39,0.0,42.00,Australia,8.0,0.00,46.00,21-Nov-2007
989,2007,2368/0087/0101/8232,SAM,Power Sector Expansion,,,,,,,JICA (ACFA),0.0,38.00,,
990,2007,9024/0076,AFG,Road Employment Project for Settlement and Integration of Returning Refugees and Displaced Persons (Supplementary),,0.00,0.0,0.0,0.0,0.00,CIDA,12.8,0.00,12.80,28-Mar-2007
991,2007,0093/8234,NEP,Rural Reconstruction and Rehabilitation Sector Development Program,,0.00,0.0,50.0,0.0,50.00,OFID,0.0,10.00,11.50,12-Dec-2007
992,2007,0093/8234,NEP,Rural Reconstruction and Rehabilitation Sector Development Program,,,,,,,SDC,1.5,0.00,,
993,2007,9103,BHU,Rural Skills Development,,0.00,0.0,0.0,0.0,0.00,JFPR,1.99,0.00,1.99,15-Jan-2007
994,2007,9110,NEP,Strengthening Decentralized Support for Vulnerable and Conflict-Affected Families and Children,,0.00,0.0,0.0,0.0,0.00,JFPR,2.0,0.00,2.00,10-Oct-2007
995,2007,2352,VIE,Support the Implementation of Poverty Reduction Program IV,,0.00,15.0,0.0,0.0,15.00,Agencia Espanola de Cooperacion Internacional,7.0,0.00,309.00,02-Oct-2007
996,2007,2352,VIE,Support the Implementation of Poverty Reduction Program IV,,,,,,,Australia,8.0,0.00,,
997,2007,2352,VIE,Support the Implementation of Poverty Reduction Program IV,,,,,,,CIDA,7.0,0.00,,
998,2007,2352,VIE,Support the Implementation of Poverty Reduction Program IV,,,,,,,Danida,11.0,0.00,,
999,2007,2352,VIE,Support the Implementation of Poverty Reduction Program IV,,,,,,,DFID,40.0,0.00,,
1000,2007,2352,VIE,Support the Implementation of Poverty Reduction Program IV,,,,,,,EC,27.0,0.00,,
1001,2007,2352,VIE,Support the Implementation of Poverty Reduction Program IV,,,,,,,Germany,0.0,8.00,,
1002,2007,2352,VIE,Support the Implementation of Poverty Reduction Program IV,,,,,,,IDA,0.0,175.00,,
1003,2007,2352,VIE,Support the Implementation of Poverty Reduction Program IV,,,,,,,Ireland,10.0,0.00,,
1004,2007,2352,VIE,Support the Implementation of Poverty Reduction Program IV,,,,,,,Netherlands,16.0,0.00,,
1005,2007,9111,TAJ,Sustainable Access for Isolated Rural Communities,,0.00,0.0,0.0,0.0,0.00,JFPR,2.0,0.00,2.00,23-Oct-2007
1006,2007,9112,VIE,Thanh Hoa Province Small Scale Infrastructure Investments and Services in Urban and Peri-Urban Areas,,0.00,0.0,0.0,0.0,0.00,JFPR,2.0,0.00,2.00,27-Nov-2007
1007,2007,2167/0006/0011/0045/8221,SRI,Tsunami-Affected Areas Rebuilding Project (Supplementary),,0.00,7.0,0.0,0.0,7.00,EC,16.0,0.00,16.00,19-Jun-2007
1008,2008,2465,PHI,Agrarian Reform Communities Project II,,70.00,0.0,0.0,0.0,70.00,OFID,0.0,30.00,30.00,27-Oct-2008
1009,2008,9117,LAO,Alternative Livelihood for Upland Ethnic Groups in Houaphanh Province,,0.00,0.0,0.0,0.0,0.00,JFPR,1.82,0.00,1.82,13-Feb-2008
1010,2008,0109,PRC,Capacity Building for Energy Efficiency Implementation,,35.00,0.0,0.0,0.0,35.00,CEF-CEFPF,0.8,0.00,0.80,04-Jun-2008
1011,2008,9126,TAJ,Community Participatory Flood Management,,0.00,0.0,0.0,0.0,0.00,JFPR,3.0,0.00,3.00,08-Sep-2008
1012,2008,9119,VIE,Community-Based Early Childhood Care and Development,,0.00,0.0,0.0,0.0,0.00,JFPR,1.9,0.00,1.90,19-Feb-2008
1013,2008,9121,MON,Community-Based Local Road Upgrading and Maintenance in the Western Region of Mongolia,,0.00,0.0,0.0,0.0,0.00,JFPR,2.0,0.00,2.00,10-Jul-2008
1014,2008,9123,VIE,Demand-Driven Skills Training for Poverty Reduction in the Cuu Long (Mekong) River Delta,,0.00,0.0,0.0,0.0,0.00,JFPR,1.3,0.00,1.30,18-Jul-2008
1015,2008,9118,PHI,Developing Microinsurance Project,,0.00,0.0,0.0,0.0,0.00,JFPR,1.0,0.00,1.00,15-Feb-2008
1016,2008,9128/0134,AFG,Development of Mini Hydropower Plants in Badakshan and Bamyan Provinces,,0.00,0.0,164.0,0.0,164.00,JFPR,12.0,0.00,12.00,28-Nov-2008
1017,2008,0127/0292/0293,SOL,Domestic Maritime Support (Sector),,0.00,0.0,14.0,0.0,14.00,EC,4.65,0.00,4.65,25-Nov-2008
1018,2008,2477/0129-0130,SRI,Dry Zone Urban Water and Sanitation,,0.00,59.78,23.22,0.0,83.00,Netherlands Trust Fund for the Water Financing Partnership Facility,2.0,0.00,2.00,28-Nov-2008
1019,2008,2474/0128,PRC,Dryland Sustainable Agriculture,,83.00,0.0,0.0,0.0,83.00,Spanish Cooperation Fund for Technical Assistance,0.35,0.00,0.35,25-Nov-2008
1020,2008,2409/0110/0146/8233/8239,BAN,Emergency Disaster Damage Rehabilitation (Sector),,0.00,120.0,0.0,0.0,120.00,CIDA,10.0,0.00,90.00,31-Jan-2008
1021,2008,2409/0110/0146/8233/8239,BAN,Emergency Disaster Damage Rehabilitation (Sector),,,,,,,JICA (ACFA),0.0,60.00,,
1022,2008,2409/0110/0146/8233/8239,BAN,Emergency Disaster Damage Rehabilitation (Sector),,,,,,,OFID,0.0,20.00,,
1023,2008,9127,MON,Energy Conservation and Emissions Reduction from Poor Households,,0.00,0.0,0.0,0.0,0.00,JFPR,2.0,0.00,2.00,23-Sep-2008
1024,2008,2488,INO,Fourth Development Policy Support Program,,200.00,0.0,0.0,0.0,200.00,JICA,0.0,100.00,850.00,16-Dec-2008
1025,2008,2488,INO,Fourth Development Policy Support Program,,,,,,,World Bank,0.0,750.00,,
1026,2008,0118/0206,NEP,Governance Support Program Cluster (Subprogram 1),,0.00,0.0,106.3,0.0,106.30,Denmark,12.0,0.00,82.50,22-Oct-2008
1027,2008,0118/0206,NEP,Governance Support Program Cluster (Subprogram 1),,,,,,,DFID,30.0,0.00,,
1028,2008,0118/0206,NEP,Governance Support Program Cluster (Subprogram 1),,,,,,,Norway,6.6,0.00,,
1029,2008,0118/0206,NEP,Governance Support Program Cluster (Subprogram 1),,,,,,,SDC,3.4,0.00,,
1030,2008,0118/0206,NEP,Governance Support Program Cluster (Subprogram 1),,,,,,,UNCDF,2.25,0.00,,
1031,2008,0118/0206,NEP,Governance Support Program Cluster (Subprogram 1),,,,,,,UNDP,4.7,0.00,,
1032,2008,0118/0206,NEP,Governance Support Program Cluster (Subprogram 1),,,,,,,UNFPA,9.15,0.00,,
1033,2008,0118/0206,NEP,Governance Support Program Cluster (Subprogram 1),,,,,,,UNICEF,13.9,0.00,,
1034,2008,0118/0206,NEP,Governance Support Program Cluster (Subprogram 1),,,,,,,United Nations Volunteers,0.5,0.00,,
1035,2008,2463-2464/0119/0141,BHU,Green Power Development,,51.00,29.0,25.28,0.0,105.28,ACEF,1.0,0.00,1.00,29-Oct-2008
1036,2008,1940/G3994,CAM,Health Sector Support (Supplementary),,0.00,0.0,0.0,0.0,0.00,DFID,1.8,0.00,1.80,31-Mar-2008
1037,2008,2451,VIE,Ho Chi Minh City-Loan Thanh-Dau Giay Expressway Construction,,410.20,0.0,0.0,0.0,410.20,JICA,0.0,517.60,517.60,30-Sep-2008
1038,2008,9116,SRI,Improvement of Rural Access Roads and Livelihood Development for the Poor,,0.00,0.0,0.0,0.0,0.00,JFPR,2.0,0.00,2.00,21-Jan-2008
1039,2008,2475,INO,Infrastructure Reform Sector Development Program - Subprogram 2,,280.00,0.0,0.0,0.0,280.00,JICA,0.0,100.00,300.00,27-Nov-2008
1040,2008,2475,INO,Infrastructure Reform Sector Development Program - Subprogram 2,,,,,,,World Bank,0.0,200.00,,
1041,2008,2245-2246/0080,UZB,Land Improvement,,32.60,27.6,0.0,0.0,60.20,GEF,3.0,0.00,3.00,09-Jan-2008
1042,2008,9120,VIE,Livelihood Improvement of Vulnerable Ethnic Minority Communities Affected by the Song Bung 4 Hydropower Project in Quang Nam Province,,0.00,0.0,0.0,0.0,0.00,JFPR,2.0,0.00,2.00,26-Jun-2008
1043,2008,2405/7273,PHI,Masinloc Power Partners Company Limited,,200.00,0.0,0.0,0.0,200.00,IFC 'A',0.0,250.00,250.00,15-Jan-2008
1044,2008,2419/7276,IND,Mundra Ultra Mega Power,,450.00,0.0,0.0,0.0,450.00,IFC 'A',0.0,450.00,950.00,17-Apr-2008
1045,2008,2419/7276,IND,Mundra Ultra Mega Power,,,,,,,KEXIM,0.0,500.00,,
1046,2008,2436/0113,PRC,Ningxia Integrated Ecosystem and Agricultural Development,,100.00,0.0,0.0,0.0,100.00,GEF,4.55,0.00,4.55,29-Aug-2008
1047,2008,2444,IND,Orissa Integrated Irrigated Agriculture and Water Management Investment Program - Tranche 1,,16.50,0.0,0.0,0.0,16.50,OFID,0.0,30.00,30.00,18-Sep-2008
1048,2008,1881/3899(L),BAN,Post-Literacy and Continuing Education (Supplementary),,0.00,0.0,0.0,0.0,0.00,SDC,2.5,0.00,2.50,01-Jul-2008
1049,2008,9125,MON,Poverty Reduction through Community-Based Natural Resource Management,,0.00,0.0,0.0,0.0,0.00,JFPR,2.0,0.00,2.00,05-Aug-2008
1050,2008,2453/2454/0253/0254,BAN,Public-Private Infrastructure Development Facility,,82.00,83.0,0.0,0.0,165.00,IsDB,0.0,100.00,100.00,02-Oct-2008
1051,2008,2406/0104,CAM,Road Asset Management,,0.00,6.0,0.0,0.0,6.00,Australia,4.8,0.00,41.80,21-Jan-2008
1052,2008,2406/0104,CAM,Road Asset Management,,,,,,,IDA,0.0,30.00,,
1053,2008,2406/0104,CAM,Road Asset Management,,,,,,,OFID,0.0,7.00,,
1054,2008,0049/50,SOL,Road Improvement (Sector) (Supplementary),,0.00,0.0,0.0,0.0,0.00,Australia,0.47,0.00,0.47,30-Apr-2008
1055,2008,2313/0072/0111,TAJ,Rural Development (Supplementary),,0.00,8.8,8.3,0.0,17.10,GEF,3.5,0.00,3.50,15-May-2008
1056,2008,2476,IND,Rural Electrification of India,,225.00,0.0,0.0,0.0,225.00,EIB,0.0,100.00,180.00,27-Nov-2008
1057,2008,2476,IND,Rural Electrification of India,,,,,,,KfW,0.0,80.00,,
1058,2008,0093/8234,NEP,Rural Reconstruction and Rehabilitation Sector Development (Supplementary),,0.00,0.0,0.0,0.0,0.00,DFID,20.0,0.00,20.00,11-Nov-2008
1059,2008,2462,BAN,Second Urban Governance and Infrastructure Improvement (Sector),,0.00,87.0,0.0,0.0,87.00,GTZ,4.7,0.00,40.80,28-Oct-2008
1060,2008,2462,BAN,Second Urban Governance and Infrastructure Improvement (Sector),,,,,,,KfW,36.1,0.00,,
1061,2008,2425/0140,BAN,Skills Development,,0.00,50.0,0.0,0.0,50.00,SDC,6.0,0.00,6.00,17-Dec-2008
1062,2008,2466/0131,UZB,Surkhandarya Water Supply and Sanitation,,0.00,30.0,0.0,0.0,30.00,MDTF-WFPF,1.5,0.00,1.50,03-Nov-2008
1063,2008,9124,MON,Water Point and Extension Station Establishment for Poor Herding Families,,0.00,0.0,0.0,0.0,0.00,JFPR,2.0,0.00,2.00,30-Jul-2008
1064,2008,9122,FSM,Weno Water Supply Well Remediation,,0.00,0.0,0.0,0.0,0.00,JFPR,0.98,0.00,0.98,17-Jul-2008
1065,2009,9134,IND,Capacity Building and Livelihood Enhancement of Poor Water Users,,0.00,0.0,0.0,0.0,0.00,JFPR,2.0,0.00,2.00,19-Jun-2009
1066,2009,9141,NEP,Capacity Building for the Promotion of Legal Identity Among the Poor in Nepal,,0.00,0.0,0.0,0.0,0.00,JFPR,2.0,0.00,2.00,12-Oct-2009
1067,2009,2562,KAZ,CAREC Transport Corridor I (Zhambyl Oblast Section)[Western Europe-Western People' Republic of China International Transit Corridor] Investment Program - Tranche 2,,187.00,0.0,0.0,0.0,187.00,EBRD,0.0,180.00,"2,475.00",07-Oct-2009
1068,2009,2562,KAZ,CAREC Transport Corridor I (Zhambyl Oblast Section)[Western Europe-Western People' Republic of China International Transit Corridor] Investment Program - Tranche 2,,,,,,,IsDB,0.0,170.00,,
1069,2009,2562,KAZ,CAREC Transport Corridor I (Zhambyl Oblast Section)[Western Europe-Western People' Republic of China International Transit Corridor] Investment Program - Tranche 2,,,,,,,World Bank,0.0,"2,125.00",,
1070,2009,9139,MON,Demonstration Project for Improved Electricity Services to the Low-Income Communities in Rural Areas,,0.00,0.0,0.0,0.0,0.00,JFPR,2.4,0.00,2.40,09-Sep-2009
1071,2009,9129,BAN,Developing Inclusive Insurance Sector,,0.00,0.0,0.0,0.0,0.00,JFPR,2.0,0.00,2.00,27-Jan-2009
1072,2009,9137,LAO,Developing Model Health Villages in Northern Lao People's Democratic Republic,,0.00,0.0,0.0,0.0,0.00,JFPR,3.0,0.00,3.00,14-Aug-2009
1073,2009,2450,PHI,Development Policy Support Program (Subprogram 2),,250.00,0.0,0.0,0.0,250.00,JICA,0.0,100.00,100.00,08-May-2009
1074,2009,9138,MON,"Early Childhood Education for Rural, Nomadic, and Migrant Children",,0.00,0.0,0.0,0.0,0.00,JFPR,2.89,0.00,2.89,28-Aug-2009
1075,2009,0078,SOL,Emergency Assistance (Supplementary),,0.00,0.0,0.0,0.0,0.00,EC,4.04,0.00,4.04,27-Aug-2009
1076,2009,2409/0110/0146/8233/8239,BAN,Emergency Disaster Damage Rehabilitation (Sector) (Supplementary),,0.00,0.0,0.0,0.0,0.00,Netherlands,24.0,0.00,24.00,03-Feb-2009
1077,2009,2587/0183,NEP,Energy Access and Efficiency Improvement,,0.00,65.0,0.0,0.0,65.00,CEF-CEFPF,4.2,0.00,4.20,27-Nov-2009
1078,2009,2552/2553/8246,PAK,Energy Efficiency Investment Program - Tranche I,,40.00,20.0,0.0,0.0,60.00,AFD,0.0,25.00,25.00,22-Sep-2009
1079,2009,2515/0148,PHI,Enhancing Midwives' Entrepreneurial and Financial Literacy,,50.00,0.0,0.0,0.0,50.00,GDCF,0.4,0.00,0.40,25-Mar-2009
1080,2009,9135/0277/0382/0406,NEP,Establishing Women and Children Service Centers,,0.00,0.0,0.0,0.0,0.00,JFPR,0.75,0.00,0.75,03-Jul-2009
1081,2009,9130,PNG,Extending the Socioeconomic Benefits of an Improved Road Network to Roadside Communities,,0.00,0.0,0.0,0.0,0.00,JFPR,2.0,0.00,2.00,02-Mar-2009
1082,2009,9144,NEP,Flour Fortification in Chakki Mills,,0.00,0.0,0.0,0.0,0.00,JFPR,1.8,0.00,1.80,09-Dec-2009
1083,2009,9140,VIE,Formalizing Microfinance Institutions,,0.00,0.0,0.0,0.0,0.00,JFPR,1.5,0.00,1.50,05-Oct-2009
1084,2009,2539,CAM,Greater Mekong Subregion: Cambodia Northwest Provincial Road Improvement,,0.00,16.26,0.0,0.0,16.26,KEXIM,0.0,25.58,25.58,24-Aug-2009
1085,2009,2288/2602/0187,CAM,Greater Mekong Subregion: Rehabilitation of the Railway in Cambodia (Supplementary),,0.00,0.0,0.0,0.0,0.00,Australia,21.5,0.00,21.50,15-Dec-2009
1086,2009,2574/0171,PRC,Hebei Small Cities and Towns Development Sector,,100.00,0.0,0.0,0.0,100.00,MDTF-WFPF,0.25,0.00,0.25,06-Nov-2009
1087,2009,9143,SRI,Improving Connectivity to Support Livelihoods and Gender Equality,,0.00,0.0,0.0,0.0,0.00,JFPR,3.0,0.00,3.00,14-Dec-2009
1088,2009,2428/0194,PRC,Integrated Ecosystem and Water Resources Management in the Baiyangdian Basin,,100.00,0.0,0.0,0.0,100.00,GEF,2.98,0.00,2.98,30-Oct-2009
1089,2009,2550/0159,PRC,Liaoning Small Cities and Towns Development Demonstration Sector,,100.00,0.0,0.0,0.0,100.00,MDTF-WFPF,0.25,0.00,0.25,18-Sep-2009
1090,2009,2584,PHI,Local Government Financing and Budget Reform Program (Subprogram 2),,225.00,0.0,0.0,0.0,225.00,AFD,0.0,216.00,216.00,26-Nov-2009
1091,2009,2168/7/13/75/0193,SRI,North East Community Restoration and Development II (Supplementary),,0.00,0.0,0.0,0.0,0.00,Australia,7.28,0.00,7.28,17-Dec-2009
1092,2009,9142,TIM,Our Roads Our Future - Supporting Local Governance and Community-Based Infrastructure Works,,0.00,0.0,0.0,0.0,0.00,JFPR,3.0,0.00,3.00,20-Nov-2009
1093,2009,2593,BAN,Padma Multipurpose Bridge Design Project (Supplementary),,0.00,10.0,0.0,0.0,10.00,World Bank,0.0,1.50,1.50,02-Dec-2009
1094,2009,2542,BAN,Participatory Small-Scale Water Resources Sector,,0.00,55.0,0.0,0.0,55.00,IFAD,0.0,22.00,22.00,04-Sep-2009
1095,2009,2507/0142,PHI,Philippine Energy Efficiency,,31.10,0.0,0.0,0.0,31.10,ACEF,1.5,0.00,1.50,29-Jan-2009
1096,2009,9133,CAM,Piloting the Post-Harvest Technology and Skills Bridging Program for Rural Poor,,0.00,0.0,0.0,0.0,0.00,JFPR,2.0,0.00,2.00,20-Apr-2009
1097,2009,1881/3899(L),BAN,Post-Literacy and Continuing Education (Supplementary) 2,,0.00,0.0,0.0,0.0,0.00,SDC,2.5,0.00,2.50,10-Jun-2009
1098,2009,9136,MON,Protecting the Health Status of the Poor During the Financial Crisis,,0.00,0.0,0.0,0.0,0.00,JFPR,3.0,0.00,3.00,30-Jul-2009
1099,2009,2521,INO,Public Expenditure Support Facility Program,,"1,000.00",0.0,0.0,0.0,"1,000.00",Australia,0.0,"1,000.00","4,500.00",03-Jun-2009
1100,2009,2521,INO,Public Expenditure Support Facility Program,,,,,,,JBIC,0.0,"1,500.00",,
1101,2009,2521,INO,Public Expenditure Support Facility Program,,,,,,,World Bank,0.0,"2,000.00",,
1102,2009,9131,MON,Reducing Persistent Chronic Malnutrition in Children in Mongolia,,0.00,0.0,0.0,0.0,0.00,JFPR,2.0,0.00,2.00,16-Mar-2009
1103,2009,2114/0155,TAJ,Regional Customs Modernization and Infrastructure Development,,0.00,10.7,0.0,0.0,10.70,US,1.6,0.00,1.60,12-Aug-2009
1104,2009,9132,INO,Rice Fortification for the Poor,,0.00,0.0,0.0,0.0,0.00,JFPR,2.0,0.00,2.00,20-Mar-2009
1105,2009,0049/50,SOL,Road Improvement (Sector) (2nd Supplementary),,0.00,0.0,0.0,0.0,0.00,Australia,0.21,0.00,2.08,19-Jan-2009
1106,2009,0049/50,SOL,Road Improvement (Sector) (2nd Supplementary),,,,,,,Australia,1.87,0.00,,
1107,2009,2015/4209(L),BAN,Second Primary Education Development Program (Supplementary),,0.00,0.0,0.0,0.0,0.00,CIDA,30.0,0.00,30.00,30-Jan-2009
1108,2009,0175/0176/0177/0207/0210,SOL,Second Road Improvement (Sector),,0.00,0.0,15.0,0.0,15.00,AUS-PRIF,4.5,0.00,7.84,12-Nov-2009
1109,2009,0175/0176/0177/0207/0210,SOL,Second Road Improvement (Sector),,,,,,,EC,3.34,0.00,,
1110,2009,2572/0169,PRC,Shaanxi Qinling Biodiversity Conservation and Demonstration,,40.00,0.0,0.0,0.0,40.00,GEF,4.27,0.00,4.27,22-Oct-2009
1111,2009,2607/0188/0189,PRC,Shanxi Integrated Agricultural Development,,100.00,0.0,0.0,0.0,100.00,GDCF,0.2,0.00,0.70,16-Dec-2009
1112,2009,2607/0188/0189,PRC,Shanxi Integrated Agricultural Development,,,,,,,MDTF-WFPF,0.5,0.00,,
1113,2009,2606,PRC,Shanxi Small Cities and Towns Development Demonstration Sector,,100.00,0.0,0.0,0.0,100.00,MDTF-WFPF,0.25,0.00,0.25,18-Dec-2009
1114,2009,2505/7291,PRC,Small Hydropower Development,,58.57,0.0,0.0,0.0,58.57,China CDM Fund,0.0,14.60,65.85,13-Jan-2009
1115,2009,2505/7291,PRC,Small Hydropower Development,,,,,,,IFC 'A',0.0,51.25,,
1116,2009,0143,LAO,Small Towns Water Supply and Sanitation Sector,,0.00,0.0,23.0,0.0,23.00,Australia,5.3,0.00,5.80,02-Feb-2009
1117,2009,0143,LAO,Small Towns Water Supply and Sanitation Sector,,,,,,,GDCF,0.5,0.00,,
1118,2009,2523,MON,Social Sectors Support Program,,0.00,43.1,16.9,0.0,60.00,JICA,0.0,30.00,70.00,24-Jun-2009
1119,2009,2523,MON,Social Sectors Support Program,,,,,,,World Bank,0.0,40.00,,
1120,2009,2579/0179/8247,NEP,South Asia Tourism Infrastructure Development - Nepal,,0.00,12.75,12.75,0.0,25.50,OFID,0.0,15.00,15.00,16-Nov-2009
1121,2009,0144-0145,LAO,Sustainable Natural Resource Management and Productivity Enhancement,,0.00,0.0,20.0,0.0,20.00,IFAD,15.0,0.00,15.00,23-Feb-2009
1122,2009,2511/0147,VIE,Thanh Hoa City Comprehensive Socioeconomic Development,,0.00,72.0,0.0,0.0,72.00,KEXIM,0.0,32.70,34.70,05-Mar-2009
1123,2009,2511/0147,VIE,Thanh Hoa City Comprehensive Socioeconomic Development,,,,,,,MDTF-WFPF,1.2,0.00,,
1124,2009,2511/0147,VIE,Thanh Hoa City Comprehensive Socioeconomic Development,,,,,,,Netherlands Trust Fund for the Water Financing Partnership Facility,0.8,0.00,,
1125,2009,2599/0186/0191/0192/8243,CAM,Tonle Sap Poverty Reduction and Smallholder Development,,0.00,3.4,27.3,0.0,30.70,Finland,5.75,0.00,19.13,08-Dec-2009
1126,2009,2599/0186/0191/0192/8243,CAM,Tonle Sap Poverty Reduction and Smallholder Development,,,,,,,IFAD,6.69,6.69,,
1127,2009,0167/0170,AFG,Water Resources Development Investment Program - Tranche 1,,0.00,0.0,86.6,0.0,86.60,DFID,3.3,0.00,3.30,06-Oct-2009
1128,2010,2697,KAZ,CAREC Transport Corridor I (Zhambyl Oblast Section)[Western Europe-Western People's Republic of China International Transit Corridor] Investment Program - Tranche 3,,173.00,0.0,0.0,0.0,173.00,JICA (ACFA),0.0,68.00,68.00,15-Nov-2010
1129,2010,2500/2501/0216,INO,Citarum Watershed Management and Biodiversity Conservation,,20.00,30.0,0.0,0.0,50.00,GEF,3.75,0.00,3.75,04-Aug-2010
1130,2010,2626/0246,SRI,Conflict-Affected Region Emergency,,150.00,0.0,0.0,0.0,150.00,International Federation of Red Cross and Red Crescent Society,1.5,0.00,1.50,15-Apr-2010
1131,2010,2545,PHI,Development Policy Support Program (Subprogram 3),,250.00,0.0,0.0,0.0,250.00,JICA,0.0,100.00,100.00,14-Apr-2010
1132,2010,9146,BHU,Farm Roads to Support Poor Farmers' Livelihoods,,0.00,0.0,0.0,0.0,0.00,JFPR,3.0,0.00,3.00,14-Jul-2010
1133,2010,0236,MON,Fourth Health Sector Development,,0.00,14.0,0.0,0.0,14.00,WHO,0.45,0.00,0.45,29-Nov-2010
1134,2010,0118/0206,NEP,Governance Support Program (Subprogram I) (Supplementary),,0.00,0.0,0.0,0.0,0.00,CIDA,8.8,0.00,8.80,12-Apr-2010
1135,2010,0195,LAO,Greater Mekong Subregion Northern Power Transmission,,0.00,0.0,20.0,0.0,20.00,KEXIM,0.0,37.88,37.88,26-Jan-2010
1136,2010,2372/0095/2988/0337,VIE,Greater Mekong Subregion: Southern Coastal Corridor (Cambodia and Viet Nam) (Supplementary),,0.00,0.0,0.0,0.0,0.00,KEXIM,0.0,70.00,70.00,21-Dec-2010
1137,2010,2642/2643/0209,VIE,Health Human Resources Sector Development Program,,0.00,60.0,0.0,0.0,60.00,Australia,11.0,0.00,11.00,22-Jun-2010
1138,2010,2731,VIE,Ho Chi Minh City Urban Mass Rapid Transit Line 2 Investment Program - Tranche 1,,40.00,0.0,0.0,0.0,40.00,KfW,0.0,36.40,36.40,22-Dec-2010
1139,2010,9148,RMI,Improved Energy Supply for Poor Households,,0.00,0.0,0.0,0.0,0.00,JFPR,1.76,0.00,1.76,06-Aug-2010
1140,2010,9147,IND,Improving Small Farmers' Access to Market in Bihar and Maharashtra,,0.00,0.0,0.0,0.0,0.00,JFPR,3.0,0.00,3.00,30-Jul-2010
1141,2010,2632/0202/0203,PRC,Integrated Renewable Biomass Energy Development Sector,,66.08,0.0,0.0,0.0,66.08,CEF-CEFPF,3.0,0.00,16.80,16-Apr-2010
1142,2010,2632/0202/0203,PRC,Integrated Renewable Biomass Energy Development Sector,,,,,,,GEF,9.2,0.00,,
1143,2010,2632/0202/0203,PRC,Integrated Renewable Biomass Energy Development Sector,,,,,,,GTZ,4.6,0.00,,
1144,2010,2710-2711,SRI,Jaffna and Kilinochchi Water Supply and Sanitation,,20.00,70.0,0.0,0.0,90.00,AFD,0.0,40.00,40.00,29-Nov-2010
1145,2010,2619/0198/8245,INO,Java-Bali Electricity Distribution Performance Improvement,,50.00,0.0,0.0,0.0,50.00,AFD,0.0,50.00,51.00,22-Mar-2010
1146,2010,2619/0198/8245,INO,Java-Bali Electricity Distribution Performance Improvement,,,,,,,CEF-CEFPF,1.0,0.00,,
1147,2010,2656/0212/0239,NEP,Kathmandu Sustainable Urban Transport,,0.00,10.0,10.0,0.0,20.00,GEF,2.52,0.00,2.52,30-Nov-2010
1148,2010,2686/0226/0425,PNG,Microfinance Expansion,,0.00,13.0,0.0,0.0,13.00,Australia,6.0,0.00,6.00,28-Oct-2010
1149,2010,2701-2702,BAN,Padma Multipurpose Bridge,,539.00,76.0,0.0,0.0,615.00,IsDB,0.0,140.00,"1,640.00",25-Nov-2010
1150,2010,2701-2702,BAN,Padma Multipurpose Bridge,,,,,,,JICA,0.0,300.00,,
1151,2010,2701-2702,BAN,Padma Multipurpose Bridge,,,,,,,World Bank,0.0,"1,200.00",,
1152,2010,2542,BAN,Participatory Small-Scale Water Resources Sector (Supplementary),,0.00,0.0,0.0,0.0,0.00,IFAD,0.0,10.00,10.00,29-Jul-2010
1153,2010,9150,SRI,Post-Conflict Emergency Assistance for Livelihood Restoration of Resettled Internally Displaced People in the North,,0.00,0.0,0.0,0.0,0.00,JFPR,2.5,0.00,2.50,19-Aug-2010
1154,2010,9152,MON,Promoting Inclusive Financial Services for the Poor,,0.00,0.0,0.0,0.0,0.00,JFPR,2.5,0.00,2.50,17-Dec-2010
1155,2010,0233,NEP,Raising Incomes of Small and Medium Farmers,,0.00,0.0,20.1,0.0,20.10,SNV Netherlands Development Organisation,0.49,0.00,0.49,24-Nov-2010
1156,2010,2560,GEO,"Road Corridor Investment Program, Tranche 1",,0.00,118.8,0.0,0.0,118.80,JICA,0.0,170.00,170.00,14-Jan-2010
1157,2010,2718,KIR,Road Rehabilitation,,0.00,12.0,0.0,0.0,12.00,PRIF,4.61,0.00,20.61,10-Dec-2010
1158,2010,2718,KIR,Road Rehabilitation,,,,,,,World Bank,16.0,0.00,,
1159,2010,0228,BHU,Rural Renewable Energy Development,,0.00,0.0,21.59,0.0,21.59,SNV Netherlands Development Organisation,0.27,0.00,0.27,29-Oct-2010
1160,2010,2670,CAM,Rural Roads Improvement,,0.00,35.0,0.0,0.0,35.00,KEXIM,0.0,19.35,24.75,23-Sep-2010
1161,2010,2670,CAM,Rural Roads Improvement,,,,,,,NDF,5.4,0.00,,
1162,2010,0234/8255,LAO,Second Northern Greater Mekong Subregion Transport Network Improvement,,0.00,0.0,20.0,0.0,20.00,OFID,0.0,12.00,12.00,25-Nov-2010
1163,2010,0175/0176/0177/0207/0210,SOL,Second Road Improvement (Sector) (Supplementary),,0.00,0.0,0.0,0.0,0.00,Australia,0.28,0.00,0.64,20-May-2010
1164,2010,0175/0176/0177/0207/0210,SOL,Second Road Improvement (Sector) (Supplementary),,,,,,,NZAID,0.36,0.00,,
1165,2010,2650/8249,NEP,Secondary Towns Integrated Urban Environment Improvement,,0.00,60.0,0.0,0.0,60.00,OFID,0.0,17.00,17.00,06-Jul-2010
1166,2010,2723,INO,Sixth Development Policy Support Program,,200.00,0.0,0.0,0.0,200.00,JICA,0.0,100.00,700.00,14-Dec-2010
1167,2010,2723,INO,Sixth Development Policy Support Program,,,,,,,World Bank,0.0,600.00,,
1168,2010,9151,REG,Social Protection of the Vulnerable in the Pacific,,0.00,0.0,0.0,0.0,0.00,JFPR,3.0,0.00,3.00,13-Sep-2010
1169,2010,2628/EI7311/0201,THA,Solar Power,,70.00,0.0,0.0,0.0,70.00,CEF-CEFPF,2.0,0.00,2.00,16-Apr-2010
1170,2010,2636,VIE,Strengthening Water Management and Irrigation Systems Rehabilitation,,0.00,100.0,0.0,0.0,100.00,AFD,0.0,28.00,28.00,20-Apr-2010
1171,2010,9145,IND,Supporting Microentrepreneurship for Women's Empowerment,,0.00,0.0,0.0,0.0,0.00,JFPR,3.0,0.00,3.00,25-May-2010
1172,2010,2696,BAN,Sustainable Rural Infrastructure Improvement,,0.00,60.0,0.0,0.0,60.00,KfW,15.9,0.00,15.90,11-Nov-2010
1173,2010,2629/2630/8244,UZB,Talimarjan Power,,340.00,10.0,0.0,0.0,350.00,JICA (ACFA),0.0,300.00,300.00,20-Apr-2010
1174,2010,0243,SOL,Transport Sector Development,,0.00,0.0,12.0,0.0,12.00,Australia,30.0,0.00,60.00,15-Dec-2010
1175,2010,0243,SOL,Transport Sector Development,,,,,,,New Zealand,30.0,0.00,,
1176,2010,2722,PAK,Uch II Power,,100.00,0.0,0.0,0.0,100.00,IFC 'A',0.0,100.00,100.00,13-Dec-2010
1177,2010,9149,BHU,Upgrading Schools and Integrated Disaster Education Project,,0.00,0.0,0.0,0.0,0.00,JFPR,3.0,0.00,3.00,12-Aug-2010
1178,2010,2672/2673/0220/8253,CAM,Water Resources Management Sector Development Program (Project Loan),,0.00,10.0,2.8,0.0,12.80,OFID,0.0,12.00,12.00,23-Sep-2010
1179,2010,2620,ARM,Zvartnots Airport Expansion Project (Phase 2),,40.00,0.0,0.0,0.0,40.00,DEG,0.0,20.00,60.00,26-Mar-2010
1180,2010,2620,ARM,Zvartnots Airport Expansion Project (Phase 2),,,,,,,EBRD,0.0,40.00,,
1181,2011,9158,REG,"Improving Gender-Inclusive Access to Clean and Renewable Energy in Bhutan, Nepal and Sri Lanka",,0.00,0.0,0.0,0.0,0.00,JFPR,3.0,0.00,3.00,18-Mar-2011
1182,2011,9156,CAM,Improving Market Access for the Poor in Central Cambodia,,0.00,0.0,0.0,0.0,0.00,JFPR,1.9,0.00,1.90,16-Feb-2011
1183,2011,9155,BHU,Advancing Economic Opportunities of Women and Girls,,0.00,0.0,0.0,0.0,0.00,JFPR,1.95,0.00,1.95,04-Feb-2011
1184,2011,2695/0323,BAN,City Region Development,,0.00,120.0,0.0,0.0,120.00,KfW,14.86,0.00,14.86,31-Oct-2011
1185,2011,2826,VIE,"Comprehensive Socioeconomic Urban Development in Viet Tri, Hung Yen, and Dong Dang",,0.00,70.0,0.0,0.0,70.00,KEXIM,0.0,13.52,13.52,08-Dec-2011
1186,2011,2796/0267/8257,NEP,Decentralized Rural Infrastructure and Livelihood (Additional Financing),,0.00,18.0,7.0,0.0,25.00,OFID,0.0,20.00,27.06,31-Oct-2011
1187,2011,2796/0267/8257,NEP,Decentralized Rural Infrastructure and Livelihood (Additional Financing),,,,,,,SDC,7.06,0.00,,
1188,2011,9160,REG,Developing Sustainable Alternative Livelihoods in Coastal Fishing Communities in the Coral Triangle,,0.00,0.0,0.0,0.0,0.00,JFPR,2.0,0.00,2.00,02-Nov-2011
1189,2011,2808/G0270/G0271,NEP,Electricity Transmission Expansion and Supply Improvement,,0.00,56.0,19.0,0.0,75.00,Norway,25.0,0.00,25.00,15-Nov-2011
1190,2011,0280/0281/0282,AFG,Energy Sector Development Investment Program – Tranche 3,,0.00,0.0,43.0,0.0,43.00,Denmark,12.4,0.00,32.40,22-Dec-2011
1191,2011,0280/0281/0282,AFG,Energy Sector Development Investment Program – Tranche 3,,,,,,,DFID,20.0,0.00,,
1192,2011,9135/0277/0382/0406,NEP,Establishing Women and Children Service Centers (Supplementary),,0.00,0.0,0.0,0.0,0.00,DFID,0.2,0.00,0.20,18-May-2011
1193,2011,2744/G0250,PRC,Forestry and Ecological Restoration in Three Northwest Provinces,,100.00,0.0,0.0,0.0,100.00,GEF,5.1,0.00,5.10,29-Mar-2011
1194,2011,2741,VIE,Ha Noi Metro Rail System (Line 3: Nhon-Ha Noi Station Section),,293.00,0.0,0.0,0.0,293.00,AFD,0.0,143.00,563.00,29-Mar-2011
1195,2011,2741,VIE,Ha Noi Metro Rail System (Line 3: Nhon-Ha Noi Station Section),,,,,,,DGT,0.0,325.00,,
1196,2011,2741,VIE,Ha Noi Metro Rail System (Line 3: Nhon-Ha Noi Station Section),,,,,,,EIB,0.0,95.00,,
1197,2011,9154,SRI,Improving Community-Based Rural Water Supply and Sanitation in Post-Conflict Areas of Jaffna and Kilinochchi,,0.00,0.0,0.0,0.0,0.00,JFPR,2.0,0.00,2.00,04-Feb-2011
1198,2011,9153,BAN,Institutional Support for Migrant Workers' Remittance,,0.00,0.0,0.0,0.0,0.00,JFPR,2.0,0.00,2.00,18-Jan-2011
1199,2011,2820/3249/0273/0427,VAN,Interisland Shipping Support,,0.00,10.82,0.0,0.0,10.82,New Zealand,12.6,0.00,12.60,30-Nov-2011
1200,2011,2756,BAN,Khulna Water Supply,,0.00,75.0,0.0,0.0,75.00,JICA,0.0,184.00,184.00,14-Jun-2011
1201,2011,2610,VIE,Mong Duong 1 Thermal Power – Tranche 2,,902.85,0.0,0.0,0.0,902.85,KEXIM,0.0,510.00,510.00,05-Dec-2011
1202,2011,2217/2767/8252,SRI,National Highways Sector,,235.00,0.0,0.0,0.0,235.00,OFID,0.0,8.00,8.00,05-Aug-2011
1203,2011,G0264-0265,TON,Nuku'alofa Urban Sector Development,,0.00,0.0,6.06,0.0,6.06,Australia,6.44,0.00,6.44,17-Oct-2011
1204,2011,2025/2747,VIE,Phuoc Hoa Water Resources (Supplementary),,0.00,60.0,0.0,0.0,60.00,AFD,0.0,25.00,25.00,31-Mar-2011
1205,2011,2832/G0275-76,VAN,Port Vila Urban Development,,0.00,5.0,0.0,0.0,5.00,AUS-PRIF,4.5,0.00,31.00,13-Dec-2011
1206,2011,2832/G0275-76,VAN,Port Vila Urban Development,,,,,,,Australia,26.5,0.00,,
1207,2011,2769,BAN,Power System Efficiency Improvement,,300.00,0.0,0.0,0.0,300.00,IsDB,0.0,200.00,200.00,11-Aug-2011
1208,2011,2839/G0278/8254,CAM,Provincial Roads Improvement,,0.00,52.0,0.0,0.0,52.00,SCF-PPCR,7.0,10.00,17.00,16-Dec-2011
1209,2011,2453/2454/0253/0254,BAN,Public-Private Infrastructure Development Facility,CCF,0.00,0.0,0.0,1.3,1.30,ACEF,2.0,0.00,2.00,17-May-2011
1210,2011,9157,NEP,Reducing Child Malnutrition through Social Protection,,0.00,0.0,0.0,0.0,0.00,JFPR,2.0,0.00,2.00,28-Feb-2011
1211,2011,2817,INO,Regional Roads Development,,180.00,0.0,0.0,0.0,180.00,IsDB,0.0,65.00,65.00,24-Nov-2011
1212,2011,2836/8267,PHI,Road Improvement and Institutional Development,,62.00,0.0,0.0,0.0,62.00,OFID,0.0,30.00,30.00,15-Dec-2011
1213,2011,2718,KIR,Road Rehabilitation,,0.00,0.0,0.0,0.0,0.00,PRIF,1.18,0.00,5.18,01-Mar-2011
1214,2011,2718,KIR,Road Rehabilitation,,,,,,,World Bank,4.0,0.00,,
1215,2011,2785/0259/8274,PNG,Rural Primary Health Services Delivery,,0.00,20.0,0.0,0.0,20.00,Australia,40.0,0.00,51.20,30-Sep-2011
1216,2011,2785/0259/8274,PNG,Rural Primary Health Services Delivery,,,,,,,JICA,1.2,0.00,,
1217,2011,2785/0259/8274,PNG,Rural Primary Health Services Delivery,,,,,,,OFID,0.0,9.00,,
1218,2011,2785/0259/8274,PNG,Rural Primary Health Services Delivery,,,,,,,WHO,1.0,0.00,,
1219,2011,G0272/0289,NEP,School Sector Program,,0.00,0.0,65.0,0.0,65.00,Australia,15.6,0.00,264.50,22-Nov-2011
1220,2011,G0272/0289,NEP,School Sector Program,,,,,,,Denmark,17.9,0.00,,
1221,2011,G0272/0289,NEP,School Sector Program,,,,,,,DFID,4.0,0.00,,
1222,2011,G0272/0289,NEP,School Sector Program,,,,,,,EC,47.9,0.00,,
1223,2011,G0272/0289,NEP,School Sector Program,,,,,,,Finland,13.2,0.00,,
1224,2011,G0272/0289,NEP,School Sector Program,,,,,,,FTI,70.0,0.00,,
1225,2011,G0272/0289,NEP,School Sector Program,,,,,,,Norway,22.4,0.00,,
1226,2011,G0272/0289,NEP,School Sector Program,,,,,,,UNICEF,1.0,0.00,,
1227,2011,G0272/0289,NEP,School Sector Program,,,,,,,World Bank,72.5,0.00,,
1228,2011,0175/0176/0177/0207/0210,SOL,Second Road Improvement (Sector) (2nd Supplementary),,0.00,0.0,0.0,0.0,0.00,AUS-PRIF,4.04,0.00,4.04,08-Jun-2011
1229,2011,2795/0263/0387,KIR,South Tarawa Sanitation Improvement Sector,,0.00,7.56,0.0,0.0,7.56,Australia,13.95,0.00,13.95,17-Oct-2011
1230,2011,9159,NEP,Support for Targeted and Sustainable Development Programs for Highly Marginalized Groups,,0.00,0.0,0.0,0.0,0.00,JFPR,2.7,0.00,2.70,30-Mar-2011
1231,2011,2761,BAN,Third Primary Education Development,,0.00,320.0,0.0,0.0,320.00,Australia,35.0,0.00,735.50,05-Jul-2011
1232,2011,2761,BAN,Third Primary Education Development,,,,,,,CIDA,65.0,0.00,,
1233,2011,2761,BAN,Third Primary Education Development,,,,,,,DFID,190.0,0.00,,
1234,2011,2761,BAN,Third Primary Education Development,,,,,,,EC,70.0,0.00,,
1235,2011,2761,BAN,Third Primary Education Development,,,,,,,JICA,30.0,0.00,,
1236,2011,2761,BAN,Third Primary Education Development,,,,,,,Sida,45.0,0.00,,
1237,2011,2761,BAN,Third Primary Education Development,,,,,,,UNICEF,0.5,0.00,,
1238,2011,2761,BAN,Third Primary Education Development,,,,,,,World Bank,0.0,300.00,,
1239,2011,G0256,TON,Tonga-Fiji Submarine Cable,,0.00,0.0,9.7,0.0,9.70,World Bank,16.5,0.00,16.50,23-Aug-2011
1240,2011,2789,VIE,Transport Connections in Northern Mountainous Provinces,,0.00,80.0,0.0,0.0,80.00,NDF,2.78,0.00,2.78,30-Sep-2011
1241,2011,0261-0262,AFG,Transport Network Development Investment Program - Tranche 1,,0.00,0.0,189.0,0.0,189.00,AITF,33.0,0.00,33.00,12-Oct-2011
1242,2012,9169,PHI,Agribusiness Development Assistance for Smallholders in Mindanao,,0.00,0.0,0.0,0.0,0.00,JFPR,2.0,0.00,2.00,11-Dec-2012
1243,2012,2916,KAZ,CAREC Corridor 3 (Shymkent-Tashkent Section) [Link to the Western Europe-Western People's Republic of China International Transit Corridor] Road Improvement,,125.00,0.0,0.0,0.0,125.00,EBRD,0.0,196.50,196.50,05-Oct-2012
1244,2012,0301/8259,TAJ,Central Asia Regional Economic Cooperation Corridor 6 (Ayni-Uzbekistan Border Road) Improvement,,0.00,0.0,100.0,0.0,100.00,OFID,0.0,14.00,14.00,11-Sep-2012
1245,2012,2695/0323,BAN,City Region Development - Additional Financing,,0.00,0.0,0.0,0.0,0.00,Sida,13.0,0.00,13.00,08-Nov-2012
1246,2012,0303/2892/2893,SRI,Clean Energy and Network Efficiency Improvement,,100.00,30.0,0.0,0.0,130.00,CEF-CEFPF,1.5,0.00,1.50,18-Sep-2012
1247,2012,2913/0310/8258,BAN,Coastal Climate-Resilient Infrastructure,,0.00,20.0,0.0,0.0,20.00,IFAD,1.0,59.00,98.80,28-Sep-2012
1248,2012,2913/0310/8258,BAN,Coastal Climate-Resilient Infrastructure,,,,,,,KfW,8.8,0.00,,
1249,2012,2913/0310/8258,BAN,Coastal Climate-Resilient Infrastructure,,,,,,,SCF-PPCR,10.0,20.00,,
1250,2012,9166,SAM,Community Sanitation,,0.00,0.0,0.0,0.0,0.00,JFPR,2.0,0.00,2.00,31-Jul-2012
1251,2012,9165,AFG,Community-Based Irrigation Rehabilitation and Development,,0.00,0.0,0.0,0.0,0.00,JFPR,10.0,0.00,10.00,06-Jul-2012
1252,2012,0127/0292/0293,SOL,Domestic Maritime Support (Sector) (Supplementary),,0.00,0.0,0.0,0.0,0.00,Australia,4.3,0.00,6.80,23-May-2012
1253,2012,0127/0292/0293,SOL,Domestic Maritime Support (Sector) (Supplementary),,,,,,,New Zealand,2.5,0.00,,
1254,2012,2455/0116/0302,CAM,Emergency Food Assistance - Additional Financing,,0.00,17.5,17.5,0.0,35.00,GAFSP,24.5,0.00,24.50,11-Sep-2012
1255,2012,9167,AFG,Enhanced Agricultural Value Chains for Sustainable Livelihoods,,0.00,0.0,0.0,0.0,0.00,JFPR,18.5,0.00,18.50,19-Sep-2012
1256,2012,9161,PHI,Enhancing Access to Quality Early Childhood Education Services for Children in Poor Communities,,0.00,0.0,0.0,0.0,0.00,JFPR,1.5,0.00,1.50,20-Feb-2012
1257,2012,9164,MON,Establishment of Climate-Resilient Rural Livelihoods,,0.00,0.0,0.0,0.0,0.00,JFPR,2.5,0.00,2.50,08-Jun-2012
1258,2012,2963,MON,Fifth Health Sector Development,,0.00,30.0,0.0,0.0,30.00,WHO,0.48,0.00,0.48,10-Dec-2012
1259,2012,2852/3125/0285,CAM,Flood Damage Emergency Reconstruction,,0.00,55.0,0.0,0.0,55.00,Australia,5.25,0.00,5.25,27-Mar-2012
1260,2012,2862-64/0287/8270,BAN,Greater Dhaka Sustainable Urban Transport,,100.00,60.0,0.0,0.0,160.00,AFD,0.0,45.00,49.60,17-Apr-2012
1261,2012,2862-64/0287/8270,BAN,Greater Dhaka Sustainable Urban Transport,,,,,,,GEF,4.6,0.00,,
1262,2012,2969/0329,VIE,Greater Mekong Subregion Corridor Towns Development,,0.00,130.0,0.0,0.0,130.00,UFPF-UEIF,1.0,0.00,1.00,12-Dec-2012
1263,2012,2931/G0313-0314,LAO,Greater Mekong Subregion East-West Economic Corridor Towns Development,,0.00,26.6,14.2,0.0,40.80,UFPF-UEIF,0.64,0.00,0.64,06-Nov-2012
1264,2012,2970/0330/8262,CAM,Greater Mekong Subregion Flood and Drought Risk Management and Mitigation,,0.00,35.0,0.0,0.0,35.00,SCF-PPCR,5.8,4.00,9.80,12-Dec-2012
1265,2012,2936-2937/G0316-0317,VIE,Greater Mekong Subregion Flood and Drought Risk Management and Mitigation,,0.00,45.0,0.0,0.0,45.00,Australia,5.89,0.00,5.89,06-Nov-2012
1266,2012,2983/0334/0335/8265,CAM,Greater Mekong Subregion Southern Economic Corridor Towns Development,,0.00,37.0,0.0,0.0,37.00,SCF-PPCR,4.4,5.00,10.90,10-Dec-2012
1267,2012,2983/0334/0335/8265,CAM,Greater Mekong Subregion Southern Economic Corridor Towns Development,,,,,,,UFPF-UEIF,1.5,0.00,,
1268,2012,2288/2602/0187,CAM,Greater Mekong Subregion: Rehabilitation of the Railway in Cambodia (2nd Supplementary),,0.00,0.0,0.0,0.0,0.00,Australia,0.96,0.00,0.96,12-Jan-2012
1269,2012,2914,IND,Himachal Pradesh Clean Energy Development Investment Program - Tranche 4,,315.00,0.0,0.0,0.0,315.00,KfW,0.0,200.00,200.00,02-Oct-2012
1270,2012,2956,VIE,Ho Chi Minh City Urban Mass Rapid Transit Line 2 Investment Program - Tranche 2,,500.00,0.0,0.0,0.0,500.00,EIB,0.0,195.00,471.60,27-Nov-2012
1271,2012,2956,VIE,Ho Chi Minh City Urban Mass Rapid Transit Line 2 Investment Program - Tranche 2,,,,,,,KfW,0.0,276.60,,
1272,2012,2962,PRC,Hunan Xiangjiang Inland Waterway Transport,,150.00,0.0,0.0,0.0,150.00,China Construction Bank Corporation,0.0,65.40,65.40,07-Dec-2012
1273,2012,9163/0288,PNG,Improved Energy Access for Rural Communities,,0.00,0.0,0.0,0.0,0.00,JFPR,2.5,0.00,5.00,19-Apr-2012
1274,2012,9163/0288,PNG,Improved Energy Access for Rural Communities,,,,,,,New Zealand,2.5,0.00,,
1275,2012,2942,INO,Inclusive Growth through Improved Connectivity Program - Subprogram 1,,300.00,0.0,0.0,0.0,300.00,World Bank,0.0,100.00,100.00,16-Nov-2012
1276,2012,2867/0290,MLD,"Inclusive Micro, Small, and Medium-sized Enterprise Development",,0.00,5.57,4.45,0.0,10.02,IsDB,0.0,10.30,10.30,25-May-2012
1277,2012,2872,PHI,Increasing Competitiveness for Inclusive Growth Program - Subprogram 1,,350.00,0.0,0.0,0.0,350.00,JICA,0.0,100.00,100.00,26-Jun-2012
1278,2012,2957/0324-0325/8266,PHI,Integrated Natural Resources and Environmental Management,CCF,100.00,0.0,0.0,1.4,101.40,GEF,2.5,0.00,22.50,03-Dec-2012
1279,2012,2957/0324-0325/8266,PHI,Integrated Natural Resources and Environmental Management,,,,,,,IFAD,0.0,20.00,,
1280,2012,2838/0311,PRC,Jiangsu Yancheng Wetlands Protection - Additional Financing,,36.90,0.0,0.0,0.0,36.90,GEF,2.25,0.00,2.25,18-Sep-2012
1281,2012,9168,IND,Livelihood Improvement for River Erosion Victims in Assam,,0.00,0.0,0.0,0.0,0.00,JFPR,2.5,0.00,2.50,05-Oct-2012
1282,2012,2964/0326/8261,PHI,Market Transformation through Introduction of Energy-Efficient Electric Vehicles,,300.00,0.0,0.0,0.0,300.00,CTF,5.0,100.00,105.00,11-Dec-2012
1283,2012,2979/8264/0468,CAM,Medium-Voltage Sub-Transmission Expansion Sector,,0.00,45.0,0.0,0.0,45.00,OFID,0.0,10.00,10.00,14-Dec-2012
1284,2012,2966/0320,BAN,Power System Expansion and Efficiency Improvement Investment Program - Tranche 1,,185.00,0.0,0.0,0.0,185.00,EIB,7.0,91.00,183.00,12-Dec-2012
1285,2012,2966/0320,BAN,Power System Expansion and Efficiency Improvement Investment Program - Tranche 1,,,,,,,IsDB,0.0,85.00,,
1286,2012,2959,VIE,Power Transmission Investment Program - Tranche 2,,110.19,0.0,0.0,0.0,110.19,AFD,0.0,100.00,100.00,05-Dec-2012
1287,2012,9162,PHI,Promoting Partnerships and Innovation in Poor and Underserved Communities,,0.00,0.0,0.0,0.0,0.00,JFPR,1.5,0.00,1.50,09-Apr-2012
1288,2012,2875/7356/8256,THA,Provincial Solar Power,,0.00,0.0,0.0,0.0,0.00,CTF,0.0,15.00,15.00,25-Jun-2012
1289,2012,0049/50,SOL,Road Improvement (Sector) (3rd Supplementary),,0.00,0.0,0.0,0.0,0.00,Australia,0.74,0.00,1.63,27-Nov-2012
1290,2012,0049/50,SOL,Road Improvement (Sector) (3rd Supplementary),,,,,,,New Zealand,0.89,0.00,,
1291,2012,0244/0291,AFG,Road Network Development Investment Program - Tranche 2,,0.00,0.0,310.0,0.0,310.00,AITF,30.0,0.00,30.00,29-May-2012
1292,2012,2857/2858,TIM,Road Network Upgrading,,30.85,9.15,0.0,0.0,40.00,JICA,0.0,68.70,68.70,30-Mar-2012
1293,2012,G0272/0289,NEP,School Sector Program (Supplementary),,0.00,0.0,0.0,0.0,0.00,Australia,3.47,0.00,3.47,28-Mar-2012
1294,2012,0175/0176/0177/0207/0210,SOL,Second Road Improvement (Sector) (3rd Supplementary),,0.00,0.0,0.0,0.0,0.00,Australia,2.14,0.00,2.14,15-Mar-2012
1295,2012,2980/0331,PRC,Shaanxi Weinan Luyang Integrated Saline Land Management,,100.00,0.0,0.0,0.0,100.00,GEF,2.0,0.00,2.00,17-Dec-2012
1296,2012,2949/8263,BAN,South Asia Subregional Economic Cooperation Road Connectivity,,0.00,198.0,0.0,0.0,198.00,ADFD,0.0,30.00,60.00,22-Nov-2012
1297,2012,2949/8263,BAN,South Asia Subregional Economic Cooperation Road Connectivity,,,,,,,OFID,0.0,30.00,,
1298,2012,0305-0306/0368,NEP,Strengthening Public Management Program,,0.00,0.0,21.0,0.0,21.00,DFID,4.0,0.00,4.00,26-Sep-2012
1299,2012,2945/7376/CF8260,THA,Theppana Wind Power,,4.54,0.0,0.0,0.0,4.54,CTF,0.0,4.00,4.00,20-Nov-2012
1300,2012,0327-0328,AFG,Transport Network Development Investment Program - Tranche 2,,0.00,0.0,176.0,0.0,176.00,AITF,60.0,0.00,60.00,10-Dec-2012
1301,2012,2878/0298,BAN,Urban Primary Health Care Services Delivery,,0.00,50.0,0.0,0.0,50.00,Sida,20.0,0.00,20.00,18-Jul-2012
1302,2012,2934/2935/0315,MON,Urban Transport Development Investment Program - Tranche 1,,29.70,30.2,0.0,0.0,59.90,GEF,1.5,0.00,1.50,08-Nov-2012
1303,2013,3015/0354/8272,INO,West Kalimantan Power Grid Strengthening,,49.50,0.0,0.0,0.0,49.50,AFD,0.0,49.50,51.50,27-Aug-2013
1304,2013,3015/0354/8272,INO,West Kalimantan Power Grid Strengthening,,,,,,,CEF-CEFPF,2.0,0.00,,
1305,2013,3025/3026,UZB,Amu Bukhara Irrigation System Rehabilitation,,174.00,46.0,0.0,0.0,220.00,JICA,0.0,100.00,100.00,25-Sep-2013
1306,2013,0352,TAJ,Building Climate Resilience in the Pyanj River Basin,,0.00,0.0,0.0,0.0,0.00,SCF-PPCR,21.55,0.00,21.55,25-Jul-2013
1307,2013,0357/0358,NEP,Building Climate Resilience of Watersheds in Mountain Eco-Regions,,0.00,0.0,0.0,0.0,0.00,NDF,4.63,0.00,28.17,23-Sep-2013
1308,2013,0357/0358,NEP,Building Climate Resilience of Watersheds in Mountain Eco-Regions,,,,,,,SCF-PPCR,23.54,0.00,,
1309,2013,3056/0366,KGZ,"Central Asia Regional Economic Cooperation Corridor 3 (Bishkek-Osh Road) Improvement, Phase 4",,0.00,65.0,35.0,0.0,100.00,EDB,0.0,60.00,60.00,05-Nov-2013
1310,2013,3013/0353,VIE,Central Mekong Delta Region Connectivity,,410.00,0.0,0.0,0.0,410.00,Australia,134.0,0.00,394.00,05-Aug-2013
1311,2013,3013/0353,VIE,Central Mekong Delta Region Connectivity,,,,,,,KEXIM,0.0,260.00,,
1312,2013,2992/8268/7384,THA,Central Thailand Solar Power,,52.00,0.0,0.0,0.0,52.00,CTF,0.0,35.00,35.00,28-Feb-2013
1313,2013,0378,TON,Climate Resilience Sector,,0.00,0.0,0.0,0.0,0.00,SCF-PPCR,19.25,0.00,19.25,09-Dec-2013
1314,2013,3006/3007/0349/0350/8271,CAM,Climate-Resilient Rice Commercialization Sector Development Program,,0.00,55.0,0.0,0.0,55.00,GAFSP,14.6,0.00,24.10,27-Jun-2013
1315,2013,3006/3007/0349/0350/8271,CAM,Climate-Resilient Rice Commercialization Sector Development Program,,,,,,,SCF-PPCR,4.5,5.00,,
1316,2013,3094/0379,INO,Coral Reef Rehabilitation and Management Program-Coral Triangle Initiative,,45.52,0.0,0.0,0.0,45.52,GEF,8.0,0.00,8.00,13-Dec-2013
1317,2013,3051/8292,BAN,Dhaka Environmentally Sustainable Water Supply,,0.00,250.0,0.0,0.0,250.00,AFD,0.0,64.00,200.00,22-Oct-2013
1318,2013,3051/8292,BAN,Dhaka Environmentally Sustainable Water Supply,,,,,,,EIB,0.0,136.00,,
1319,2013,3008/3009,SRI,Education Sector Development Program,,100.00,100.0,0.0,0.0,200.00,World Bank,0.0,100.00,100.00,27-Jun-2013
1320,2013,9175,PHI,Emergency Assistance and Early Recovery for Poor Municipalities Affected by Typhoon Yolanda,,0.00,0.0,0.0,0.0,0.00,JFPR,20.0,0.00,20.00,13-Dec-2013
1321,2013,0365,VIE,Energy Efficiency for Ho Chi Minh City Water Supply,,0.00,0.0,0.0,0.0,0.00,ACEF,2.0,0.00,2.00,17-Oct-2013
1322,2013,9174,MYA,Enhancing Rural Livelihoods and Incomes,,0.00,0.0,0.0,0.0,0.00,JFPR,12.0,0.00,12.00,11-Dec-2013
1323,2013,9176,MYA,Greater Mekong Subregion (GMS) Capacity Building for HIV/AIDs Prevention,,0.00,0.0,0.0,0.0,0.00,JFPR,10.0,0.00,10.00,11-Dec-2013
1324,2013,2730,VIE,Greater Mekong Subregion Ben Luc-Long Thanh Expressway - Tranche 1,,350.00,0.0,0.0,0.0,350.00,JICA,0.0,181.45,181.45,19-Aug-2013
1325,2013,9173,REG,Greater Mekong Subregion: Livelihood Support for Corridor Towns,,0.00,0.0,0.0,0.0,0.00,JFPR,2.5,0.00,2.50,21-May-2013
1326,2013,2372/0095/2988/0337,VIE,Greater Mekong Subregion: Southern Coastal Corridor - Additional Financing,,0.00,25.0,0.0,0.0,25.00,Australia,12.43,0.00,12.43,11-Feb-2013
1327,2013,2835/0364,PRC,Hebei Energy Efficiency Improvement and Emission Reduction - Additional Financing,,100.00,0.0,0.0,0.0,100.00,GEF,3.65,0.00,3.65,09-Oct-2013
1328,2013,9171,TAJ,Improved Maternal and Child Health through Connectivity,,0.00,0.0,0.0,0.0,0.00,JFPR,2.5,0.00,2.50,07-Mar-2013
1329,2013,3068,INO,"Inclusive Growth through Improved Connectivity Program, Subprogram 2",,400.00,0.0,0.0,0.0,400.00,AFD,0.0,100.00,600.00,27-Nov-2013
1330,2013,3068,INO,"Inclusive Growth through Improved Connectivity Program, Subprogram 2",,,,,,,JICA,0.0,200.00,,
1331,2013,3068,INO,"Inclusive Growth through Improved Connectivity Program, Subprogram 2",,,,,,,World Bank,0.0,300.00,,
1332,2013,3090/3091/3092,PAK,Jamshoro Power Generation,,870.00,30.0,0.0,0.0,900.00,IsDB,0.0,150.00,150.00,09-Dec-2013
1333,2013,3083/8276,INO,Java-Bali 500-Kilovolt Power Transmission Crossing,,224.00,0.0,0.0,0.0,224.00,AIF,0.0,25.00,25.00,03-Dec-2013
1334,2013,3000/0342/8269,NEP,Kathmandu Valley Wastewater Management,,0.00,80.0,0.0,0.0,80.00,OFID,0.0,16.00,16.00,26-Apr-2013
1335,2013,0374/0375,AFG,North-South Power Transmission Enhancement,,0.00,0.0,99.0,0.0,99.00,AITF,117.0,0.00,117.00,25-Nov-2013
1336,2013,2993,ARM,North-South Road Corridor Investment Program—Tranche 3,,100.00,0.0,0.0,0.0,100.00,EIB,0.0,79.20,87.10,27-Sep-2013
1337,2013,2993,ARM,North-South Road Corridor Investment Program—Tranche 3,,,,,,,Neighbourhood Investment Facility,7.9,0.00,,
1338,2013,0347/0348/0444/0445/0446,TON,Outer Island Renewable Energy,,0.00,0.0,2.0,0.0,2.00,Australia,4.5,0.00,4.50,27-Jun-2013
1339,2013,9172,BAN,Pilot Project on Weather Index-Based Crop Insurance,,0.00,0.0,0.0,0.0,0.00,JFPR,2.0,0.00,2.00,27-Mar-2013
1340,2013,2928/0343,INO,Polytechnic Education Development,,75.00,0.0,0.0,0.0,75.00,CIDA,4.95,0.00,4.95,12-Apr-2013
1341,2013,3087,BAN,Power System Expansion and Efficiency Improvement Investment Plan - Tranche 2,,310.00,0.0,0.0,0.0,310.00,AFD,0.0,125.00,345.00,09-Dec-2013
1342,2013,3087,BAN,Power System Expansion and Efficiency Improvement Investment Plan - Tranche 2,,,,,,,IsDB,0.0,220.00,,
1343,2013,2920/8273,VIE,Public-Private Partnership Support - Additional Cofinancing,,0.00,20.0,0.0,0.0,20.00,AFD,0.0,10.00,10.00,23-Aug-2013
1344,2013,3075,PRC,Qinghai Delingha Concentrated Solar Thermal Power,,150.00,0.0,0.0,0.0,150.00,Export-Import Bank of China,0.0,75.58,75.58,02-Dec-2013
1345,2013,3052/8275,IND,Rajasthan Renewable Energy Transmission Investment Program - Tranche 1,,62.00,0.0,0.0,0.0,62.00,CTF,0.0,88.00,88.00,22-Oct-2013
1346,2013,0370/0371/0373,SAM,Renewable Energy Development and Power Sector Rehabilitation,APDRF,0.00,0.0,10.0,8.21,18.21,CEF-CEFPF,1.0,0.00,1.00,15-Nov-2013
1347,2013,0336,CAM,Rural Energy,,0.00,0.0,0.0,0.0,0.00,Australia,6.11,0.00,6.11,15-Jan-2013
1348,2013,3089/8277/8278,INO,Sarulla Geothermal Power Development,,250.00,0.0,0.0,0.0,250.00,CEFPF-CCFPSA,0.0,20.00,100.00,05-Dec-2013
1349,2013,3089/8277/8278,INO,Sarulla Geothermal Power Development,,,,,,,CTF,0.0,80.00,,
1350,2013,3045/3046,BAN,Second Public-Private Infrastructure Development Facility,,100.00,10.0,0.0,0.0,110.00,JICA,0.0,96.00,195.50,17-Oct-2013
1351,2013,3045/3046,BAN,Second Public-Private Infrastructure Development Facility,,,,,,,World Bank,0.0,99.50,,
1352,2013,3047,BAN,Secondary Education Sector Investment Program - Tranche 1,,0.00,90.0,0.0,0.0,90.00,KOICA,3.5,0.00,103.50,21-Oct-2013
1353,2013,3047,BAN,Secondary Education Sector Investment Program - Tranche 1,,,,,,,World Bank,0.0,100.00,,
1354,2013,2990/2991,NEP,Tanahu Hydropower,,0.00,150.0,0.0,0.0,150.00,ADFD,0.0,30.00,284.00,21-Feb-2013
1355,2013,2990/2991,NEP,Tanahu Hydropower,,,,,,,EIB,0.0,70.00,,
1356,2013,2990/2991,NEP,Tanahu Hydropower,,,,,,,JICA,0.0,184.00,,
1357,2013,0327-0328,AFG,Transport Network Development Investment Program — Tranche 2 (Supplementary),,0.00,0.0,0.0,0.0,0.00,AITF,27.0,0.00,27.00,20-Jun-2013
1358,2013,3098/3099/0380,MON,Ulaanbaatar Urban Services and Ger Areas Development Investment Program — Tranche 1,,27.50,22.5,0.0,0.0,50.00,EIB,0.0,28.38,32.08,12-Dec-2013
1359,2013,3098/3099/0380,MON,Ulaanbaatar Urban Services and Ger Areas Development Investment Program — Tranche 1,,,,,,,UFPF-UEIF,3.7,0.00,,
1360,2013,3041/0363,LAO,Water Supply and Sanitation Sector,,0.00,35.0,0.0,0.0,35.00,Phu Bia Mining Limited,6.0,0.00,6.00,09-Oct-2013
1361,2013,9170,KGZ,Women's Entrepreneurship Development,,0.00,0.0,0.0,0.0,0.00,JFPR,1.5,0.00,1.50,14-Jan-2013
1362,2014,3130/7407/8281,GEO,Adjaristsqali Hydropower,,75.00,0.0,0.0,0.0,75.00,CEFPF-CCFPSA,0.0,15.00,15.00,19-May-2014
1363,2014,3186,IND,Clean Energy Finance Investment Program – Tranche 1,,200.00,0.0,0.0,0.0,200.00,EIB,0.0,253.00,253.00,10-Dec-2014
1364,2014,3133/0394/0395/8284,BAN,Coastal Towns Environmental Infrastructure,,0.00,52.0,0.0,0.0,52.00,SCF-PPCR,10.4,30.00,42.00,27-Jun-2014
1365,2014,3133/0394/0395/8284,BAN,Coastal Towns Environmental Infrastructure,,,,,,,WFPF-SFPTF,1.6,0.00,,
1366,2014,9178,CAM,Community-Based Disaster Risk Reduction,,0.00,0.0,0.0,0.0,0.00,JFPR,2.5,0.00,2.50,03-Oct-2014
1367,2014,9179,THA,Community-Based Flood Risk Management and Disaster Response in the Chao Phraya Basin,,0.00,0.0,0.0,0.0,0.00,JFPR,2.0,0.00,2.00,22-Oct-2014
1368,2014,3124/8288,NEP,Community-Managed Irrigated Agriculture Sector – Additional Financing,,0.00,30.0,0.0,0.0,30.00,OFID,0.0,30.00,30.00,25-Nov-2014
1369,2014,0389/0390,TON,Cyclone Ian Recovery,,0.00,0.0,4.52,0.0,4.52,New Zealand,4.27,0.00,4.27,16-May-2014
1370,2014,0127/0292/0293,SOL,Domestic Maritime Support (Sector) (Supplementary),,0.00,0.0,0.0,0.0,0.00,New Zealand,2.5,0.00,2.50,17-Jun-2014
1371,2014,0414/0424/0443,NAU,Electricity Supply Security and Sustainability,,0.00,0.0,2.0,0.0,2.00,EC,2.7,0.00,2.70,07-Nov-2014
1372,2014,9135/0277/0382/0406,NEP,Establishing Women and Children Service Centers – Additional Financing,,0.00,0.0,0.0,0.0,0.00,DFID,3.2,0.00,3.50,25-Mar-2014
1373,2014,9135/0277/0382/0406,NEP,Establishing Women and Children Service Centers – Additional Financing,,,,,,,GDCF,0.3,0.00,,
1374,2014,3138/0396,BAN,Flood and Riverbank Erosion Risk Management Investment Program – Project 1,,0.00,65.0,0.0,0.0,65.00,Netherlands,15.3,0.00,15.30,03-Jul-2014
1375,2014,2852/3125/0285,CAM,Flood Damage Emergency Reconstruction – Additional Financing,,0.00,75.0,0.0,0.0,75.00,Australia,6.68,0.00,6.68,11-Apr-2014
1376,2014,3029/3030/8282,SRI,Greater Colombo Water and Wastewater Management Improvement Investment Program – Tranche 2,,70.00,18.0,0.0,0.0,88.00,AFD,0.0,70.00,70.00,09-Jun-2014
1377,2014,3146/3147/0084/8290,SRI,Green Power Development and Energy Efficiency Improvement Investment Program – Tranche 1,,121.00,29.0,0.0,0.0,150.00,AFD,0.0,30.00,30.00,29-Jul-2014
1378,2014,3161/8286,VIE,Ha Noi and Ho Chi Minh City Power Grid Development Sector,,172.70,0.0,0.0,0.0,172.70,AIF,0.0,100.00,100.00,23-Sep-2014
1379,2014,3227/3228,VIE,Improving Competitiveness Program,,140.00,90.0,0.0,0.0,230.00,JICA,0.0,150.00,400.00,28-Nov-2014
1380,2014,3227/3228,VIE,Improving Competitiveness Program,,,,,,,World Bank,0.0,250.00,,
1381,2014,3090/3091/3092,PAK,Jamshoro Power Generation (Supplementary),,0.00,0.0,0.0,0.0,0.00,IsDB,0.0,70.00,70.00,27-Feb-2014
1382,2014,2915/0388,PRC,Jiangxi Fuzhou Urban Integrated Infrastructure Improvement – Additional Financing,,100.00,0.0,0.0,0.0,100.00,GEF,2.55,0.00,2.55,14-May-2014
1383,2014,3216/0420,PRC,Jiangxi Ji'an Sustainable Urban Transport,,120.00,0.0,0.0,0.0,120.00,GEF,2.55,0.00,2.55,09-Dec-2014
1384,2014,3100,PHI,KALAHI-CIDSS National Community-Driven Development,,372.10,0.0,0.0,0.0,372.10,World Bank,0.0,479.00,479.00,23-Jun-2014
1385,2014,3148/0399,IND,Karnataka Integrated Urban Water Management Investment Program – Tranche 1,,75.00,0.0,0.0,0.0,75.00,UFPF-UEIF,1.8,0.00,1.80,29-Jul-2014
1386,2014,3111,PHI,Local Government Finance and Fiscal Decentralization Reform Program –  Subprogram 1,,250.00,0.0,0.0,0.0,250.00,AFD,0.0,150.00,150.00,13-Feb-2014
1387,2014,3218,PRC,Low-Carbon District Heating Project in Hohhot in Inner Mongolia Autonomous Region,,150.00,0.0,0.0,0.0,150.00,SPDB,0.0,162.38,162.38,09-Dec-2014
1388,2014,3123/8280,INO,Metropolitan Sanitation Management Investment,,80.00,0.0,0.0,0.0,80.00,AIF,0.0,40.00,88.83,31-Mar-2014
1389,2014,3123/8280,INO,Metropolitan Sanitation Management Investment,,,,,,,Australia,48.83,0.00,,
1390,2014,0411/0412,AFG,Northern Flood-Damaged Infrastructure Emergency Rehabilitation,,0.00,0.0,40.0,0.0,40.00,AITF,16.66,0.00,16.66,16-Oct-2014
1391,2014,3198,LAO,Northern Smallholder Livestock Commercialization,,0.00,21.0,0.0,0.0,21.00,IFAD,5.0,5.00,10.00,24-Nov-2014
1392,2014,2966/0320,BAN,Power System Expansion and Efficiency Improvement Investment Program – Tranche 1 (Supplementary),,0.00,0.0,0.0,0.0,0.00,EIB,0.0,21.00,21.00,19-Feb-2014
1393,2014,3150,ARM,Power Transmission Rehabilitation,,0.00,37.0,0.0,0.0,37.00,EBRD,10.89,19.11,30.00,31-Jul-2014
1394,2014,0409/0410/0429,MLD,Preparing Outer Islands for Sustainable Energy Development,,0.00,0.0,38.0,0.0,38.00,EIB,0.0,50.00,72.00,29-Sep-2014
1395,2014,0409/0410/0429,MLD,Preparing Outer Islands for Sustainable Energy Development,,,,,,,IsDB,0.0,10.00,,
1396,2014,0409/0410/0429,MLD,Preparing Outer Islands for Sustainable Energy Development,,,,,,,SCF-SREP,12.0,0.00,,
1397,2014,9177,MYA,Pro-Poor Community Infrastructure and Basic Services,,0.00,0.0,0.0,0.0,0.00,JFPR,4.0,0.00,4.00,27-Feb-2014
1398,2014,3182/3183/0413,IND,Rajasthan Urban Sector Development Program,,500.00,0.0,0.0,0.0,500.00,WFPF-SFPTF,2.0,0.00,2.00,24-Oct-2014
1399,2014,7409/8283,INO,Rantau Dedap Geothermal Development (Phase 1),,0.00,0.0,0.0,0.0,0.00,CTF,0.0,50.00,50.00,26-Jun-2014
1400,2014,2517/0384,VIE,Renewable Energy Development and Network Expansion and Rehabilitation for Remote Communes Sector – Additional Financing,,0.00,151.0,0.0,0.0,151.00,CEF-CEFPF,3.0,0.00,3.00,09-Apr-2014
1401,2014,3193/0415,COO,Renewable Energy Sector,,11.19,0.0,0.0,0.0,11.19,EC,7.26,0.00,7.26,21-Nov-2014
1402,2014,3020/3021/0404,TIM,Road Network Upgrading Sector – Additional Financing,,40.00,10.0,0.0,0.0,50.00,GEF-LDCF,4.5,0.00,4.50,11-Sep-2014
1403,2014,3151/401/402/466/467/8299/8300,,Rural Roads Improvement II,,0.00,54.0,0.0,0.0,54.00,Australia,6.67,0.00,53.07,08-Aug-2014
1404,2014,3151/401/402/466/467/8299/8300,,Rural Roads Improvement II,,,,,,,KEXIM,0.0,41.00,,
1405,2014,3151/401/402/466/467/8299/8300,,Rural Roads Improvement II,,,,,,,NDF,5.4,0.00,,
1406,2014,3131/0391,BAN,Skills for Employment Investment Program – Tranche 1,,0.00,100.0,0.0,0.0,100.00,SDC,10.0,0.00,10.00,03-Jun-2014
1407,2014,3119/3120,SRI,Skills Sector Enhancement Program,,50.00,50.0,0.0,0.0,100.00,GIZ,15.4,0.00,141.40,28-Mar-2014
1408,2014,3119/3120,SRI,Skills Sector Enhancement Program,,,,,,,KEXIM,0.0,26.00,,
1409,2014,3119/3120,SRI,Skills Sector Enhancement Program,,,,,,,World Bank,0.0,100.00,,
1410,2014,3139/0397/0398,NEP,South Asia  Subregional Economic Cooperation Power System Expansion,,0.00,180.0,0.0,0.0,180.00,EIB,0.0,120.00,191.20,04-Jul-2014
1411,2014,3139/0397/0398,NEP,South Asia  Subregional Economic Cooperation Power System Expansion,,,,,,,Norway,60.0,0.00,,
1412,2014,3139/0397/0398,NEP,South Asia  Subregional Economic Cooperation Power System Expansion,,,,,,,SCF-SREP,11.2,0.00,,
1413,2014,3169/3170,BAN,South Asia Subregional Economic Cooperation Railway Connectivity: Akhaura-Laksam Double Track,,400.00,105.0,0.0,0.0,505.00,EIB,0.0,175.00,175.00,30-Sep-2014
1414,2014,3117/0383,NEP,South Asia Tourism Infrastructure Development – Additional Financing,,0.00,30.0,0.0,0.0,30.00,ACEF,3.0,0.00,3.00,28-Mar-2014
1415,2014,2795/0263/0387,KIR,South Tarawa Sanitation Improvement Sector – Additional Financing,,0.00,0.0,0.0,0.0,0.00,MDTF-WFPF,0.61,0.00,0.61,14-May-2014
1416,2014,3158/8287,REG,Spice Value Chain Development Project,,16.50,0.0,0.0,0.0,16.50,SCF-PPCR,0.0,5.00,5.00,04-Sep-2014
1417,2014,3164,INO,Stepping Up Investments for Growth Acceleration Program – Subprogram 1,,400.00,0.0,0.0,0.0,400.00,KfW,0.0,200.00,200.00,25-Sep-2014
1418,2014,0416,KIR,Strengthening Fiscal Stability Program,,0.00,0.0,3.0,0.0,3.00,New Zealand,0.9,0.00,9.10,28-Nov-2014
1419,2014,0416,KIR,Strengthening Fiscal Stability Program,,,,,,,World Bank,8.2,0.00,,
1420,2014,3235/8291,VIE,Strengthening Sustainable Urban Transport for Ha Noi Metro Line 3,,0.00,4.2,0.0,0.0,4.20,CTF,0.0,48.95,48.95,12-Dec-2014
1421,2014,3219/7435/8289,THA,Subyai Wind Power,,53.00,0.0,0.0,0.0,53.00,CTF,0.0,30.00,30.00,04-Dec-2014
1422,2014,3126,PAK,Sustainable Energy Sector Reform Program – Subprogram 1,,0.00,400.0,0.0,0.0,400.00,JICA,0.0,49.00,649.00,24-Apr-2014
1423,2014,3126,PAK,Sustainable Energy Sector Reform Program – Subprogram 1,,,,,,,World Bank,0.0,600.00,,
1424,2014,3113/8279,VIE,Sustainable Urban Transport for Ho Chi Minh City Mass Rapid Transit Line 2,,0.00,10.0,0.0,0.0,10.00,CTF,0.0,48.95,48.95,20-Feb-2014
1425,2014,3141,UZB,Takhiatash Power Plant Efficiency Improvement,,300.00,0.0,0.0,0.0,300.00,UFRD,0.0,270.00,270.00,05-Dec-2014
1426,2014,2990/2991,NEP,Tanahu Hydropower,,0.00,0.0,0.0,0.0,0.00,EIB,0.0,15.00,15.00,18-Jul-2014
1427,2014,3157/0405,NEP,Third Small Towns Water Supply and Sanitation Sector,,0.00,60.0,0.0,0.0,60.00,OFID,0.0,20.00,21.30,19-Sep-2014
1428,2014,3157/0405,NEP,Third Small Towns Water Supply and Sanitation Sector,,,,,,,WFPF-SFPTF,1.3,0.00,,
1429,2014,3142/8285,BAN,Third Urban Governance and Infrastructure Improvement (Sector),,0.00,125.0,0.0,0.0,125.00,OFID,0.0,40.00,40.00,17-Jul-2014
1430,2014,3212/0419,KGZ,Toktogul Rehabilitation Phase 2,,0.00,65.5,44.5,0.0,110.00,EDB,0.0,100.00,100.00,02-Dec-2014
1431,2014,0422/0423,AFG,Transport Network Development Investment Program – Tranche 4,,0.00,0.0,0.0,0.0,0.00,EC,21.0,0.00,21.00,15-Dec-2014
1432,2015,3286,UZB,Advanced Electricity Metering Phase 4,,300.00,0.0,0.0,0.0,300.00,UFRD,0.0,70.00,70.00,18-Sep-2015
1433,2015,0126/0437,AFG,Agriculture Market Infrastructure—Additional Financing,,0.00,0.0,0.0,0.0,0.00,AITF,11.0,0.00,11.00,25-Sep-2015
1434,2015,3356,PRC,Beijing-Tianjin-Hebei Air Quality Improvement-Hebei Policy Reforms Program,,300.00,0.0,0.0,0.0,300.00,KfW,0.0,166.65,166.65,10-Dec-2015
1435,2015,2783/2784,PNG,Bridge Replacement for Improved Rural Access Sector,,40.00,50.0,0.0,0.0,90.00,EIB,0.0,50.00,50.00,24-Aug-2015
1436,2015,0447,PNG,Building Climate Resilience to Climate Change in Papua New Guinea,,0.00,0.0,0.0,0.0,0.00,SCF-PPCR,24.25,0.00,24.25,21-Oct-2015
1437,2015,3308,PRC,Chemical Industry Energy Efficiency and Emission Reduction,,100.00,0.0,0.0,0.0,100.00,China Construction Bank,0.0,81.73,81.73,30-Oct-2015
1438,2015,3186,IND,Clean Energy Finance Investment Program—Tranche 1,,0.00,0.0,0.0,0.0,0.00,JICA,0.0,280.00,280.00,16-Jan-2015
1439,2015,3124/8288,NEP,Community-Managed Irrigated Agriculture Sector—Additional Financing,,0.00,30.0,0.0,0.0,30.00,Kuwait Fund,0.0,17.00,17.00,05-May-2015
1440,2015,3331/3332/0459/0460/0461,VAN,Cyclone Pam Road Reconstruction Project,,0.00,2.8,9.81,0.0,12.61,GEF-LDCF,2.68,0.00,2.68,25-Nov-2015
1441,2015,9181,VAN,Cycone Pam School Reconstruction,,0.00,0.0,0.0,0.0,0.00,JFPR,5.0,0.00,5.00,16-Nov-2015
1442,2015,9180,NEP,Disaster Risk Reduction and Livelihood Restoration for Earthquake-Affected Communities,,0.00,0.0,0.0,0.0,0.00,JFPR,15.0,0.00,15.00,07-Oct-2015
1443,2015,0127/0292/0293,SOL,Domestic Maritime Support (Sector)–Additional Cofinancing,,0.00,0.0,0.0,0.0,0.00,New Zealand,0.29,0.00,0.29,28-Apr-2015
1444,2015,0438/0439,RMI,Ebeye Water Supply and Sanitation,,0.00,0.0,5.0,0.0,5.00,Australia,4.0,0.00,4.00,28-Sep-2015
1445,2015,9184,MYA,Economic Empowerment of the Poor and Women in the East-West Economic Corridor Project,,0.00,0.0,0.0,0.0,0.00,JFPR,3.0,0.00,3.00,15-Dec-2015
1446,2015,3339/8297,INO,Electricity Grid Strengthening—Sumatra Program,,575.00,0.0,0.0,0.0,575.00,AIF,0.0,25.00,525.00,02-Dec-2015
1447,2015,3339/8297,INO,Electricity Grid Strengthening—Sumatra Program,,,,,,,World Bank,0.0,500.00,,
1448,2015,0414/0424/0443,NAU,Electricity Supply Security and Sustainability—Additional Financing,,0.00,0.0,0.0,0.0,0.00,Australia,4.74,0.00,4.74,16-Oct-2015
1449,2015,0464/0465,AFG,Energy Supply Improvement Program—Tranche 1,,0.00,200.0,0.0,0.0,200.00,AITF,75.0,0.00,75.00,08-Dec-2015
1450,2015,3348/3349,SRI,Greater Colombo Water and Wastewater Management Improvement Investment Program—Tranche 3,,123.00,5.0,0.0,0.0,128.00,EIB,0.0,50.00,50.00,08-Dec-2015
1451,2015,0433,VIE,Greater Mekong Subregion Biodiversity Conservation Corridors—Additional Financing,,0.00,0.0,0.0,0.0,0.00,GEF,3.79,0.00,3.79,24-Jun-2015
1452,2015,0426,CAM,Greater Mekong Subregion Biodiversity Conservation Corridors—Additional Financing,,0.00,0.0,0.0,0.0,0.00,SCF-PPCR,7.4,0.00,7.40,13-Mar-2015
1453,2015,3310/8294,MYA,Greater Mekong Subregion East-West Economic Corridor Eindu to Kawkareik Road Improvement,,0.00,0.0,0.0,0.0,0.00,AIF,0.0,20.00,20.00,10-Nov-2015
1454,2015,3365,IND,Green Energy Corridor and Grid Strengthening Project,,500.00,0.0,0.0,0.0,500.00,KfW,0.0,625.00,625.00,09-Dec-2015
1455,2015,3363/3364/8302,VIE,Ha Noi Metro Rail System(Line 3: Nhon-Ha Noi Station Section)—Additional Financing,,59.00,5.8,0.0,0.0,64.80,AFD,0.0,75.90,296.40,10-Dec-2015
1456,2015,3363/3364/8302,VIE,Ha Noi Metro Rail System(Line 3: Nhon-Ha Noi Station Section)—Additional Financing,,,,,,,CTF,0.0,50.00,,
1457,2015,3363/3364/8302,VIE,Ha Noi Metro Rail System(Line 3: Nhon-Ha Noi Station Section)—Additional Financing,,,,,,,DGT,0.0,93.50,,
1458,2015,3363/3364/8302,VIE,Ha Noi Metro Rail System(Line 3: Nhon-Ha Noi Station Section)—Additional Financing,,,,,,,EIB,0.0,77.00,,
1459,2015,3279/3280,LAO,Health Sector Governance Program,,0.00,23.0,0.0,0.0,23.00,World Bank,13.2,13.20,26.40,18-Sep-2015
1460,2015,3271,UZB,Housing for Integrated Rural Development Investment Program—Tranche 3,,100.00,0.0,0.0,0.0,100.00,IsDB,0.0,100.00,100.00,20-Aug-2015
1461,2015,9182,MON,Improving School Dormitory Environment for Primary Students in Western Region,,0.00,0.0,0.0,0.0,0.00,JFPR,3.0,0.00,3.00,26-Nov-2015
1462,2015,9183,MON,Integrated Livelihoods Improvement and Sustainable Tourism in Khuvsgul Lake National Park,,0.00,0.0,0.0,0.0,0.00,JFPR,3.0,0.00,3.00,07-Dec-2015
1463,2015,3311/0454/8295,CAM,Integrated Urban Environmental Management in the Tonle Sap Basin,,0.00,37.0,0.0,0.0,37.00,SCF-PPCR,5.0,5.00,10.00,10-Nov-2015
1464,2015,2820/3249/0273/0427,VAN,Interisland Shipping Support—Additional Financing,,0.00,18.48,0.0,0.0,18.48,New Zealand,4.65,0.00,4.65,27-Feb-2015
1465,2015,3083/8276,INO,Java-Bali 500-Kilovolt Power Transmission Crossing—Additional Cofinancing,,0.00,0.0,0.0,0.0,0.00,KfW,0.0,57.00,57.00,28-Oct-2015
1466,2015,3316/0455,MYA,Mandalay Urban Services Improvement,,0.00,60.0,0.0,0.0,60.00,AFD,0.0,46.00,56.80,12-Nov-2015
1467,2015,3316/0455,MYA,Mandalay Urban Services Improvement,,,,,,,AsIF,6.8,0.00,,
1468,2015,3316/0455,MYA,Mandalay Urban Services Improvement,,,,,,,UCCRTF,4.0,0.00,,
1469,2015,2979/8264/0468,CAM,Medium-Voltage Sub-Transmission Expansion Sector— Additional Financing,,0.00,0.0,0.0,0.0,0.00,CEF-CEFPF,1.0,0.00,1.00,09-Dec-2015
1470,2015,2686/0226/0425,PNG,Microfinance Expansion — Additional Financing,,0.00,0.0,0.0,0.0,0.00,Australia,2.85,0.00,2.85,09-Feb-2015
1471,2015,3134/0451,PAK,National Highway Network Development in Balochistan,,122.60,0.0,0.0,0.0,122.60,DFID,72.4,0.00,72.40,03-Nov-2015
1472,2015,3300/0440,PAK,National Motorway M-4 Gojra–Shorkot Section,,178.00,0.0,0.0,0.0,178.00,DFID,92.0,0.00,92.00,30-Sep-2015
1473,2015,3121/0434,PAK,National Trade Corridor Highway Investment Program—Tranche 2,,117.60,0.0,0.0,0.0,117.60,DFID,82.4,0.00,82.40,31-Jul-2015
1474,2015,3197/0435,PAK,National Trade Corridor Highway Investment Program—Tranche 3,,87.80,0.0,0.0,0.0,87.80,DFID,39.2,0.00,39.20,31-Jul-2015
1475,2015,3346/3347,PAL,North Pacific Regional Connectivity Investment Project—Additional Financing,,16.47,8.53,0.0,0.0,25.00,World Bank,0.0,22.50,22.50,11-Dec-2015
1476,2015,3366/8301,THA,Northeastern Thailand Wind Power,,0.00,0.0,0.0,0.0,0.00,CTF,0.0,18.90,18.90,08-Dec-2015
1477,2015,2993,ARM,North-South Road Corridor Investment Program—Tranche 3 – Additional Cofinancing,,0.00,0.0,0.0,0.0,0.00,EDB,0.0,150.00,150.00,16-Apr-2015
1478,2015,8298,IND,Off-Grid Prepaid Solar Leasing,,0.00,0.0,0.0,0.0,0.00,CTF,0.0,6.00,6.00,01-Dec-2015
1479,2015,0347/0348/0444/0445/0446,TON,Outer Island Renewable Energy—Additional Financing,,0.00,0.0,1.44,0.0,1.44,Denmark-Energy 2,0.75,0.00,4.32,20-Oct-2015
1480,2015,0347/0348/0444/0445/0446,TON,Outer Island Renewable Energy—Additional Financing,,,,,,,EC,3.57,0.00,,
1481,2015,3350,BAN,Power System Expansion and Efficiency Improvement Investment Program—Tranche 3,,205.00,0.0,0.0,0.0,205.00,IsDB,0.0,220.00,220.00,08-Dec-2015
1482,2015,3374,VIE,Power Transmission Investment Program-Tranche 3,,231.31,0.0,0.0,0.0,231.31,KfW,0.0,71.00,71.00,18-Dec-2015
1483,2015,0409/0410/0429,MLD,Preparing Outer Islands for Sustainable Energy Development—Additional Financing,,0.00,0.0,38.0,0.0,38.00,JFJCM,5.0,0.00,5.00,19-Mar-2015
1484,2015,0456/0457,SAM,Renewable Energy Development and Power Sector Rehabilitation—Additional Financing,,0.00,0.0,0.0,0.0,0.00,EC,5.06,0.00,7.55,18-Nov-2015
1485,2015,0456/0457,SAM,Renewable Energy Development and Power Sector Rehabilitation—Additional Financing,,,,,,,New Zealand,2.49,0.00,,
1486,2015,3020/3021/0404,TIM,Road Network Upgrading,,0.00,0.0,0.0,0.0,0.00,EIB,0.0,50.00,50.00,20-Nov-2015
1487,2015,2718,KIR,Road Rehabilitation (Supplementary),,0.00,0.0,0.0,0.0,0.00,PRIF,7.0,0.00,13.97,23-Jun-2015
1488,2015,2718,KIR,Road Rehabilitation (Supplementary),,,,,,,World Bank,6.97,0.00,,
1489,2015,0336,CAM,Rural Energy—Additional Financing,,0.00,0.0,0.0,0.0,0.00,Australia,0.36,0.00,0.36,07-Aug-2015
1490,2015,3151/401-2/466-7/8299-300,CAM,Rural Roads Improvement II—Additional Financing,,0.00,0.0,0.0,0.0,0.00,AFD,0.0,40.00,67.85,08-Dec-2015
1491,2015,3151/401-2/466-7/8299-300,CAM,Rural Roads Improvement II—Additional Financing,,,,,,,Australia,11.85,0.00,,
1492,2015,3151/401-2/466-7/8299-300,CAM,Rural Roads Improvement II—Additional Financing,,,,,,,SCF-PPCR,9.0,7.00,,
1493,2015,0458,SAM,Samoa Submarine Cable,,0.00,0.0,25.0,0.0,25.00,Australia,1.5,0.00,17.50,20-Nov-2015
1494,2015,0458,SAM,Samoa Submarine Cable,,,,,,,World Bank,16.0,0.00,,
1495,2015,3315/8296,LAO,Second Greater Mekong Subregion Corridors Towns Development,,0.00,37.0,0.0,0.0,37.00,AIF,0.0,10.00,10.00,13-Nov-2015
1496,2015,2699/0231/0448,CAM,Second Greater Mekong Subregion Regional Communicable Diseases Control—Additional Financing,,0.00,27.0,10.0,0.0,37.00,HFPF-RMTF,4.0,0.00,4.00,26-Oct-2015
1497,2015,2699/0232/0449,LAO,Second Greater Mekong Subregion Regional Communicable Diseases Control—Additional Financing,,0.00,0.0,12.0,0.0,12.00,HFPF-RMTF,3.0,0.00,3.00,26-Oct-2015
1498,2015,2699/0450,VIE,Second Greater Mekong Subregion Regional Communicable Diseases Control—Additional Financing,,0.00,0.0,0.0,0.0,0.00,HFPF-RMTF,2.5,0.00,2.50,26-Oct-2015
1499,2015,3225/3226,BHU,Second Green Power Development,,70.00,25.25,25.25,0.0,120.50,Indian Commercial Bank,0.0,58.82,58.82,01-Nov-2015
1500,2015,3047,BAN,Secondary Education Sector Investment Program—Tranche 1 (Supplementary),,0.00,0.0,0.0,0.0,0.00,KEXIM,0.0,39.00,39.00,20-Jul-2015
1501,2015,3320,BAN,Secondary Education Sector Investment Program—Tranche 2,,0.00,185.0,0.0,0.0,185.00,World Bank,0.0,265.00,265.00,20-Nov-2015
1502,2015,2200/0036/3302/0441,BAN,Southwest Area Integrated Water Resources Planning and Management—Additional Financing,,0.00,45.0,0.0,0.0,45.00,Netherlands,7.0,0.00,7.00,30-Sep-2015
1503,2015,0442,TUV,Strengthened Fiscal Sustainability Program,,0.00,0.0,2.0,0.0,2.00,Australia,1.1,0.00,3.00,30-Sep-2015
1504,2015,0442,TUV,Strengthened Fiscal Sustainability Program,,,,,,,New Zealand,0.4,0.00,,
1505,2015,0442,TUV,Strengthened Fiscal Sustainability Program,,,,,,,World Bank,1.5,0.00,,
1506,2015,3309/0452/0453,TAJ,Strengthening Technical and Vocational Education and Training,,0.00,15.0,15.0,0.0,30.00,CEF-CEFPF,2.0,0.00,2.00,09-Nov-2015
1507,2015,3303/8293,INO,Sustainable and Inclusive Energy Program (Subprogram 1),,400.00,0.0,0.0,0.0,400.00,AFD,0.0,150.00,950.00,30-Sep-2015
1508,2015,3303/8293,INO,Sustainable and Inclusive Energy Program (Subprogram 1),,,,,,,AIF,0.0,100.00,,
1509,2015,3303/8293,INO,Sustainable and Inclusive Energy Program (Subprogram 1),,,,,,,KfW,0.0,200.00,,
1510,2015,3303/8293,INO,Sustainable and Inclusive Energy Program (Subprogram 1),,,,,,,World Bank,0.0,500.00,,
1511,2015,3321/3322,PAK,Sustainable Energy Sector Reform Program—Tranche 2,,100.00,300.0,0.0,0.0,400.00,World Bank,0.0,500.00,500.00,20-Nov-2015
1512,2015,3256,BAN,"Third Primary Education Development—Additional
Financing",,0.00,120.0,0.0,0.0,120.00,EC,55.48,0.00,555.58,20-May-2015
1513,2015,3256,BAN,"Third Primary Education Development—Additional
Financing",,,,,,,,,,,
1514,2015,3256,BAN,"Third Primary Education Development—Additional
Financing",,,,,,,GPE,100.0,0.00,,
1515,2015,3256,BAN,"Third Primary Education Development—Additional
Financing",,,,,,,UNICEF,0.1,0.00,,
1516,2015,3256,BAN,"Third Primary Education Development—Additional
Financing",,,,,,,World Bank,0.0,400.00,,
1517,2015,0469,PNG,Town Electrification Investment Program-Tranche 1—Additional Financing,,0.00,0.0,0.0,0.0,0.00,New Zealand,4.77,0.00,4.77,09-Dec-2015
1518,2015,3210,FIJ,Transport Infrastructure Investment Sector,,100.00,0.0,0.0,0.0,100.00,World Bank,0.0,50.00,50.00,22-Jun-2015
1519,2015,0261-0262,AFG,Transport Network Development Investment Program - Tranche 1,,0.00,0.0,0.0,0.0,0.00,AITF,1.0,0.00,1.00,08-Dec-2015
1520,2015,3340/0462,VIE,Urban Environment and Climate Change Adaptation,,100.00,0.0,0.0,0.0,100.00,UCCRTF,4.0,0.00,4.00,27-Nov-2015
1521,2015,3250/0471,LAO,Vientiane Sustainable Urban Transport,,0.00,35.0,0.0,0.0,35.00,AsIF,6.9,0.00,43.74,10-Mar-2015
1522,2015,3250/0471,LAO,Vientiane Sustainable Urban Transport,,,,,,,EIB,0.0,20.00,,
1523,2015,3250/0471,LAO,Vientiane Sustainable Urban Transport,,,,,,,GEF,1.84,0.00,,
1524,2015,3250/0471,LAO,Vientiane Sustainable Urban Transport,,,,,,,OFID,0.0,15.00,,
