Product Approval Number,Anchor Product,Approval Numbers,Loan/Grant Title,Total CF,Admin Arrangement,PCR Rating,Validation Rating,Remarks,Procurement Arrangement
8276,3083,3083/8276,Java-Bali 500-Kilovolt Power Transmission Crossing,25,Full Administration,,,first approval from the ASEAN Infrastructure Fund,
8280,3123,3123/8280,Metropolitan Sanitation Management Investment,40,Full Administration,,,,
8286,3161,3161/8286,Ha Noi and Ho Chi Minh City Power Grid Development Sector,100,Full Administration,,,,
8293,3303,3303/8293,Sustainable and Inclusive Energy Program (Subprogram 1),100,Full Administration,,,,
8294,3310,3310/8294,Greater Mekong Subregion East-West Economic Corridor Eindu to Kawkareik Road Improvement,20,Full Administration,,,B-Loan,
8296,3315,3315/8296,Second Greater Mekong Subregion Corridor Towns Development,10,Full Administration,,,,
8297,3339,3339/8297,Electricity Grid StrengtheningﾗSumatra Program,25,Full Administration,,,,
437,126,0126/0437,Agriculture Market InfrastructureﾗAdditional Financing,11,Full Administration,,,,
291,244,0244/0291,Road Network Development Investment Program - Tranche 2,30,Full Administration,,,"RRP Financial table mentions $30 million excluding admin charges of $600,000",
262,0261-0262,0261-0262,Transport Network Development Investment Program - Tranche 1,33,Full Administration,,,Afghanistan Infrastructure Trust Fund,
262,0261-0262,0261-0262,Transport Network Development Investment Program - Tranche 1 (Supplementary),1,Full Administration,,,,
328,0327-0328,0327-0328,Transport Network Development Investment Program - Tranche 2,60,Full Administration,,,,
328,0327-0328,0327-0328,Transport Network Development Investment Program ﾗ Tranche 2 (Supplementary),27,Full Administration,,,,
375,374,0374/0375,North-South Power Transmission Enhancement,117,Full Administration,,,from $57 million to $117 million as additional commitment of $60 million from USAID to AITF was received ref: new coding form issued 10 Dec 2013,
412,411,0411/0412,Northern Flood-Damaged Infrastructure Emergency Rehabilitation,16.66,Full Administration,,,,
465,464,0464/0465,Energy Supply Improvement ProgramﾗTranche 1,75,Full Administration,,,,
42,42,42,HIV/AIDS Prevention and Control in Rural Development Enclaves,3.5,Full Administration,,,ADB admin grant,
0049(L),49,0049/50,Road Improvement (Sector),6.1,Full Administration,Successful,,,
0049(L),49,0049/50,Road Improvement (Sector) (2nd Supplementary),0.21,Full Administration,Successful,,,
0049(L),49,0049/50,Road Improvement (Sector) (2nd Supplementary),1.87,Full Administration,Successful,,,
0049(L),49,0049/50,Road Improvement (Sector) (3rd Supplementary),0.74,Full Administration,Successful,,"$743,331.01 actual amount",
0049(L),49,0049/50,Road Improvement (Sector) (Supplementary),0.47,Full Administration,Successful,,,
82,82,0082/8241,Northern GMS Transport Network Improvement,14.5,Full Administration,,,,
292,127,0127/0292/0293,Domestic Maritime Support (Sector) (Supplementary),4.3,Full Administration,,,A$4 million,
143,143,143,Small Towns Water Supply and Sanitation Sector,5.3,Full Administration,,,Grant cancelled by AusAID in 24 August 2009,
177,175,0175/0176/0177/0207/0210,Second Road Improvement (Sector),4.5,Full Administration,,,,
177,175,0175/0176/0177/0207/0210,Second Road Improvement (Sector) (2nd Supplementary),4.04,Full Administration,,,AUS-PRIF,
210,175,0175/0176/0177/0207/0210,Second Road Improvement (Sector) (3rd Supplementary),2.14,Full Administration,,,,
210,175,0175/0176/0177/0207/0210,Second Road Improvement (Sector) (Supplementary),0.28,Full Administration,,," A$300,000; THIS SUPPL GRANT IS FUNDED JOINTLY BY AUS AND NZ WITH DIFFERENT APPROVAL NUMBERS = NZL GRANT 0207 FOR $358,012 ",
336,336,336,Rural Energy,6.11,Full Administration,,,"from AusAID; $4.11 million is denominated in US$, A$2 million assumes exchange rate of A$1 = US$1",
336,336,336,Rural EnergyﾗAdditional Financing,0.36,Full Administration,,,"$363,645 actual grant mount",
348,347,0347/0348/0444/0445/0446,Outer Island Renewable Energy,4.5,Full Administration,,,,
443,414,0414/0424/0443,Electricity Supply Security and SustainabilityﾗAdditional Financing,4.74,Full Administration,,,,
439,438,0438/0439,Ebeye Water Supply and Sanitation,4,Full Administration,,,,
,473,0473/0474,Fiscal Sustainability Reform Program,1.8,Full Administration,,,,
3398,1697,1697/3398(L),Primary Roads Restoration,0.86,Full Administration,S,,,
3632(L),1706,1706/3632(L),Employment-Oriented Skills Development,5.49,Full Administration,Partly successful,,Adj: in Dec01 previous amt is $2.49 now  $5.490. ADB admin 3632(L).,
3520(L),1768,1768/3520(L),Microfinance and Employment,0.91,Full Administration,Succesful,,,
43,1823,1823/G0043/G0044,Post-Conflict Emergency Rehabilitation (Supplementary),2,Full Administration,Succesful,Successful,Anchor loan app in 2000. Grant 0043 - addl grant cf of $2.0 m from Australia (7May06- change in scope). Adj Dec09 ADB amt from $10 to $11.56 (ref PCR 8Oct09).,
193,2168,2168/7/13/75/0193,North East Community Restoration and Development II (Supplementary),7.28,Full Administration,Successful,,,
187,2288,2288/2602/0187,Greater Mekong Subregion: Rehabilitation of the Railway in Cambodia (2nd Supplementary),0.96,Full Administration,,,,
187,2288,2288/2602/0187,Greater Mekong Subregion: Rehabilitation of the Railway in Cambodia (Supplementary),21.5,Full Administration,,,,
101,2368,2368/0087/0101/8232,Power Sector Expansion,8,Full Administration,,,ADF grant #0087.,
337,2372,2372/0095/2988/0337,Greater Mekong Subregion: Southern Coastal Corridor - Additional Financing,12.43,Full Administration,,,,
95,2372,2372/0095/2988/0337,Greater Mekong Subregion: Southern Coastal Corridor (Cambodia and Viet Nam),25.5,Full Administration,,,,
96,2373,2373/0096,Greater Mekong Subregion: Southern Coastal Corridor (Cambodia and Viet Nam),8,Full Administration,,,,
104,2406,2406/0104,Road Asset Management,4.8,Full Administration,,,,
209,2642,2642/2643/0209,Health Human Resources Sector Development Program,11,Full Administration,,,,
226,2686,2686/0226/0425,Microfinance Expansion,6,Full Administration,,,,
425,2686,2686/0226/0425,Microfinance Expansion ﾗ Additional Financing,2.85,Full Administration,,,,
259,2785,2785/0259/8274,Rural Primary Health Services Delivery,40,Full Administration,,,,
263,2795,2795/0263/0387,South Tarawa Sanitation Improvement Sector,13.95,Full Administration,,,,
276,2832,2832/G0275-76,Port Vila Urban Development,4.5,Full Administration,,,"was recorded as $5.40, should be 5,389k.  adjusted in 20 Feb 2012, decrease of 889k",
275,2832,2832/G0275-76,Port Vila Urban Development,26.5,Full Administration,,,"PIGGYBACKED TO L2832; RELATED TO G0276/AUS; EARLIER APPROVED AMT IS $25.611M - MINOR CHANGE IN SCOPE(REVISED COFIN ARRANGEMENTS DTD 20FEB12) INCREASED THIS AMT BY $889,000 ",
285,2852,2852/3125/0285,Flood Damage Emergency Reconstruction,5.25,Full Administration,,,,
285,2852,2852/3125/0285,Flood Damage Emergency Reconstruction ﾖ Additional Financing,6.68,Full Administration,,,,
317,2936-2937,2936-2937/G0316-0317,Greater Mekong Subregion Flood and Drought Risk Management and Mitigation,5.89,Full Administration,,,Through AusAID 5.8874,
353,3013,3013/0353,Central Mekong Delta Region Connectivity ,134,Full Administration,,,,
466,3151,3151/401-2/466-7/8299-300,Rural Roads Improvement IIﾗAdditional Financing,11.85,Full Administration,,,,
402,3151,3151/401/402/466/467/8299/8300,Rural Roads Improvement II,6.67,Full Administration,,,A$7.6 million,
265,G0264-0265,G0264-0265,Nuku'alofa Urban Sector Development,6.44,Full Administration,,,,
289,G0272,G0272/0289,School Sector Program (Supplementary),3.47,Full Administration,,,$3.465,
206,118,0118/0206,Governance Support Program (Subprogram I) (Supplementary),8.8,Full Administration,Successful,, THIS GRANT IS SUPPL TO G-0118 ,
4209(L),2015,2015/4209(L),Second Primary Education Development Program (Sector Loan),20,Full Administration,Successful,,"ADB admin. CAD30,600,000",
4209(L),2015,2015/4209(L),Second Primary Education Development Program (Supplementary),30,Full Administration,Successful,, PIGGYBACKED TO LOAN 2015 APPROVED 3 NOV 2003. ,
4559,2101,2101/4559 (L),Teaching Quality Improvement for Secondary Education,18,Full Administration,,,Ref final RRP (Joint grant cf is subject to final confirmation by CIDA.  ADB-administered grant fund.,
3,2163,2163/2164/0003,Community Water Services and Health,4,Full Administration,Partly Successful,,Aceh and Nias-North Sumatra emergency component. From multisector to water supply,
52,2227,2227/0033/0052,Western Basin Water Resources Management,8.35,Full Administration,,,,
110,2409,2409/0110/0146/8233/8239,Emergency Disaster Damage Rehabilitation (Sector),10,Full Administration,Highly Successful,,Grant #0110. Grant Agreement signed (28Mar08).,
343,2928,2928/0343,Polytechnic Education Development,4.95,Full Administration,,,,
8278,3089,3089/8277/8278,Sarulla Geothermal Power Development,20,Full Administration,,,,
8281,3130,3130/7407/8281,Adjaristsqali Hydropower,15,Full Administration,,,,
76,9024,9024/0076,Road Employment Project for Settlement and Integration of Returning Refugees and Displaced Persons (Supplementary),12.8,Full Administration,,,Grant Number 0076; The anchor proj (Grant 9024) was approved in 2002 with funding from JFPR ($15 - 3Oct02) and Kuwait Fund ($15m) on 26May2003.,
109,109,109,Capacity Building for Energy Efficiency Implementation,0.8,Full Administration,,,,
303,303,0303/2892/2893,Clean Energy and Network Efficiency Improvement,1.5,Full Administration,,,,
371,370,0370/0371/0373,Renewable Energy Development and Power Sector Rehabilitation,1,Full Administration,,,,
384,2517,2517/0384,Renewable Energy Development and Network Expansion and Rehabilitation for Remote Communes Sector ﾖ Additional Financing,3,Full Administration,,,memo of cofinancing approval with Michelle,
183,2587,2587/0183,Energy Access and Efficiency Improvement,4.2,Full Administration,,,,
198,2619,2619/0198/8245,Java-Bali Electricity Distribution Performance Improvement,1,Full Administration,,,,
201,2628,2628/EI7311/0201,Solar Power,2,Full Administration,,,CLEAN ENERGY FUND UNDER THE CLEAN ENERGY FINANCING PARTNERSHIP FACILITY; PIGGYBACKED TO NSP LOAN 2628/EI 7311. ,
202,2632,2632/0202/0203,Integrated Renewable Biomass Energy Development Sector,3,Full Administration,,,,
468,2979,2979/8264/0468,Medium-Voltage Sub-Transmission Expansion Sectorﾗ Additional Financing,1,Full Administration,,,,
354,3015,3015/0354/8272, West Kalimantan Power Grid Strengthening,2,Full Administration,,,,
453,3309,3309/0452/0453,Strengthening Technical and Vocational Education and Training,2,Full Administration,,,,
8278,3089,3089/8277/8278,Sarulla Geothermal Power Development,20,Full Administration,,,,
8281,3130,3130/7407/8281,Adjaristsqali Hydropower,15,Full Administration,,,,
,2875,2875/7356/8256,Provincial Solar Power,15,Full Administration,,,"12.60 in the financing plan, however, 15 million was approved as per conversation with Ms. Bing of 20 July 2012, use 15 million to make it consistent with report to CIF Trustee  Cofin 8256",
,2945,2945/7376/CF8260,Theppana Wind Power,4,Full Administration,,,,
326,2964,2964/0326/8261,Market Transformation through Introduction of Energy-Efficient Electric Vehicles,5,Full Administration,,,"The $5 million grant amount also includes $240,000 as project administration fees.",
8261,2964,2964/0326/8261,Market Transformation through Introduction of Energy-Efficient Electric Vehicles,100,Full Administration,,,Cofin 8261,
,2992,2992/8268/7384,Central Thailand Solar Power,35,Full Administration,,,,
8275,3052,3052/8275,Rajasthan Renewable Energy Transmission Investment Program - Tranche 1,88,Full Administration,,,,
8277,3089,3089/8277/8278,Sarulla Geothermal Power Development,80,Full Administration,,,,
8279,3113,3113/8279,Sustainable Urban Transport for Ho Chi Minh City Mass Rapid Transit Line 2,48.95,Full Administration,,,,
8289,3219,3219/7435/8289,Subyai Wind Power,30,Full Administration,,,,
8291,3235,3235/8291,Strengthening Sustainable Urban Transport for Ha Noi Metro Line 3,48.95,Full Administration,,,,
8302,3363,3363/3364/8302,Ha Noi Metro Rail System(Line 3: Nhon-Ha Noi Station Section)ﾗAdditional Financing,50,Full Administration,,,,
8301,3366,3366/8301,Northeastern Thailand Wind Power,18.9,Full Administration,,,,
8283,7409,7409/8283,Rantau Dedap Geothermal Development (Phase 1),50,Full Administration,,,,
8298,8298,8298,Off-Grid Prepaid Solar Leasing,6,Full Administration,,,,
282,280,0280/0281/0282,Energy Sector Development Investment Program ﾖ Tranche 3,12.4,Full Administration,,,,
446,347,0347/0348/0444/0445/0446,Outer Island Renewable EnergyﾗAdditional Financing,0.75,Full Administration,,,,
3712 (L),1835,1835/3712(L),Yellow River Flood Management Sector,0.3,Full Administration,Succesful,,,
3923(L),1840,1840/3923(L),Teacher Education,0.3,Full Administration,Succesful,,,
3927(L),1917,1917/3927(L),Secondary Education Support,23.7,Full Administration,Succesful,,,
451,3134,3134/0451,National Highway Network Development in Balochistan,72.4,Full Administration,,,,
406,9135,9135/0277/0382/0406,Establishing Women and Children Service Centers ﾖ Additional Financing,3.2,Full Administration,,,,
78,78,78,Emergency Assistance,4,Full Administration,Successful,,,
78,78,78,Emergency Assistance (Supplementary),4.04,Full Administration,Successful,,Additional cofinancing (supplementary),
127,127,0127/0292/0293,Domestic Maritime Support (Sector),4.65,Full Administration,,,"EC ADB admin grant $5.25 (RRP)- joint cofinancing.  Adj Jan2011 from $5.25 to $4.65 (ref COPP, GFIS - Ruth)",
176,175,0175/0176/0177/0207/0210,Second Road Improvement (Sector),3.34,Full Administration,,,,
445,347,0347/0348/0444/0445/0446,Outer Island Renewable EnergyﾗAdditional Financing,3.57,Full Administration,,,,
,389,0389/8030,South-East Sulawesi Transmigration and  Area Development,5.99,Full Administration,,,European Economic Community,
424,414,0414/0424/0443,Electricity Supply Security and Sustainability,2.7,Full Administration,,,Euro 2 million,
423,422,0422/0423,Transport Network Development Investment Program ﾖ Tranche 4,21,Full Administration,,,,
456,456,0456/0457,Renewable Energy Development and Power Sector RehabilitationﾗAdditional Financing,5.06,Full Administration,,,,
4209(L),2015,2015/4209(L),Second Primary Education Development Program (Sector Loan),100,Full Administration,Successful,,") ADB admin.  EUR103,000,000",
11,2167,2167/0006/0011/0045/8221,Tsunami-Affected Areas Rebuilding Project,53.2,Full Administration,Successful,,[ATG Grt No.006] EC grant (0011) of Euro 40 million to rehabilitate roads in the South under Component C.,
11,2167,2167/0006/0011/0045/8221,Tsunami-Affected Areas Rebuilding Project (Supplementary),16,Full Administration,Successful,,Grant 0011 (SUPPLEMENTARY-COMPONENT C) ,
37,2213,2213/0029/0037,Earthquake Emergency Assistance,37.5,Full Administration,Succesful,,,
415,3193,3193/0415,Renewable Energy Sector,7.26,Full Administration,,,,
35,34,0034/0035,Tonle Sap Sustainable Livelihoods,4.74,Full Administration,Partly successful,,,
75,2168,2168/7/13/75/0193,North East Community Restoration and Development II (Supplementary),0.5,Full Administration,Successful,,,
191,2599,2599/0186/0191/0192/8243,Tonle Sap Poverty Reduction and Smallholder Development,5.75,Full Administration,,,,
8221,2167,2167/0006/0011/0045/8221,Tsunami-Affected Areas Rebuilding Project,13.5,Full Administration,Successful,,Grant 0006,
302,2455,2455/0116/0302,Emergency Food Assistance - Additional Financing,24.5,Full Administration,,,,
349,3006,3006/3007/0349/0350/8271,Climate-Resilient Rice Commercialization Sector Development Program,14.6,Full Administration,,,,
143,143,143,Small Towns Water Supply and Sanitation Sector,0.5,Full Administration,,,,
148,2515,2515/0148,Enhancing Midwives' Entrepreneurial and Financial Literacy,0.4,Full Administration,,,,
189,2607,2607/0188/0189,Shanxi Integrated Agricultural Development,0.2,Full Administration,,,,
382,9135,9135/0277/0382/0406,Establishing Women and Children Service Centers ﾖ Additional Financing,0.3,Full Administration,,,,
433,433,433,Greater Mekong Subregion Biodiversity Conservation CorridorsﾗAdditional Financing,3.79,Full Administration,,,,
3158,1643,1643/3158(L)/3300(L),Sundarbans Biodiversity Conservation,12.2,Full Administration,Unsuccessful,Unsuccessful,"GEF(WB) app 10Mar98.  ADB Admin 3158(L). Adj Dec08 ADB $37 to 7.71; GEF $12,2 to 4.64. ref PCR Jun08. File to OAS",
3519(L),1767,1767/3519(L)/3778(L),Protected Area Management and Wildlife Conservations,9,Full Administration,Succesful,,Adj Dec01.  From $10.2  to $9.0.  ADB Admin 3519(L) app 13Sep01,
3945(L),1924,1924/3945(L),Efficient Utilization of Agricultural Wastes,6.36,Full Administration,Succesful,,"R197-02, 1Oct02  TA number was originally issued for this grant 3945",
4571 (L),2157,2157/4571(L),Sanjiang Plain Wetlands Protection,12.14,Full Administration,Successfull,,Approved by GEF (ref 24Mar05 letter of commitment from WB).,
80,2245-2246,2245-2246/0080,Land Improvement,3,Full Administration,,,This grant is p/b to UZB 2245-2246 approved in 24 Jul 2006.  GEF Grant 0080 (9Jan08).  GEF approved 16Jul2007.,
71,2311,2311/0071,Integrated Coastal Resources Management,9,Full Administration,,,,
111,2313,2313/0072/0111,Rural Development (Supplementary),3.5,Full Administration,,,,
194,2428,2428/0194,Integrated Ecosystem and Water Resources Management in the Baiyangdian Basin,2.98,Full Administration,,,PIGGYBACKED TO L-2428; GLOBAL ENVIRONMENT FACILITY; EARLIER GRANT AMT OF $2.930 MILLION REVISED AS PER GEF LETTER OF 23 FEB 2010 SUPERSEDING LETTER DATED 30OCT09 ,
113,2436,2436/0113,Ningxia Integrated Ecosystem and Agricultural Development,4.55,Full Administration,,,$4.545 m GEF joint cf will support a mulfocal appraoch to conserving biodiversy and combating land degradation.,
216,2500,2500/2501/0216,Citarum Watershed Management and Biodiversity Conservation,3.75,Full Administration,,,,
169,2572,2572/0169,Shaanxi Qinling Biodiversity Conservation and Demonstration,4.27,Full Administration,,,,
203,2632,2632/0202/0203,Integrated Renewable Biomass Energy Development Sector,9.2,Full Administration,,,,
239,2656,2656/0212/0239,Kathmandu Sustainable Urban Transport,2.52,Full Administration,,,,
250,2744,2744/G0250,Forestry and Ecological Restoration in Three Northwest Provinces,5.1,Full Administration,,,,
364,2835,2835/0364,Hebei Energy Efficiency Improvement and Emission Reduction - Additional Financing,3.65,Full Administration,,,,
311,2838,2838/0311,Jiangsu Yancheng Wetlands Protection - Additional Financing,2.25,Full Administration,,,,
287,2862-64,2862-64/0287/8270,Greater Dhaka Sustainable Urban Transport,4.6,Full Administration,,,"no cofinancing approval yet as of 16 May 2012, RSES just sent second submission of CEO endorsement 14 May 2012  GEF confirmation on August 22, 2012",
388,2915,2915/0388,Jiangxi Fuzhou Urban Integrated Infrastructure Improvement ﾖ Additional Financing,2.55,Full Administration,,,"Exact cofinancing amount from GEF is $2,546.30",
315,2934,2934/2935/0315,Urban Transport Development Investment Program - Tranche 1,1.5,Full Administration,,,,
325,2957,2957/0324-0325/8266,Integrated Natural Resources and Environmental Management,2.5,Full Administration,,,,
331,2980,2980/0331,Shaanxi Weinan Luyang Integrated Saline Land Management,2,Full Administration,,,,
379,3094,3094/0379,Coral Reef Rehabilitation and Management Program-Coral Triangle Initiative,8,Full Administration,,,,
,3216,3216/0420,Jiangxi Ji'an Sustainable Urban Transport,2.55,Full Administration,,,,
471,3250,3250/0471/8303,Vientiane Sustainable Urban Transport,1.84,Full Administration,,,,
4357(L),4357(L),4357(L),Capacity Building to Combat Land Degradation,7.7,Full Administration,Successful,Successful,,
404,3020,3020/3021/0404,Road Network Upgrading Sector ﾖ Additional Financing,4.5,Full Administration,,,,
461,3331,3331/3332/0459/0460/0461,Cyclone Pam Road Reconstruction Project,2.68,Full Administration,,,,
448,2699,2699/0231/0448,Second Greater Mekong Subregion Regional Communicable Diseases ControlﾗAdditional Financing,4,Full Administration,,,,
449,2699,2699/0232/0449,Second Greater Mekong Subregion Regional Communicable Diseases ControlﾗAdditional Financing,3,Full Administration,,,,
450,2699,2699/0450,Second Greater Mekong Subregion Regional Communicable Diseases ControlﾗAdditional Financing,2.5,Full Administration,,,,
102,2398-2399,2398-2399/0102,Lae Port Development,0.75,Full Administration,,,,
,378,378,Pabna Irrigation and Rural Development,30,Full Administration,,,From multisector to agriculture,
,396,396,Ashuganj Fertilizer (Supplementary),8,Full Administration,,,,
,615,615,Northwest Rural Development,14.5,Full Administration,,,,
,1581,1581,Third Rural Infrastructure Development,11,Full Administration,HS,,Adj Dec06 from $11.7 to $11. ADB $70 to $62.4. IFAD closed 19Sep05. PCR sent,
192,2599,2599/0186/0191/0192/8243,Tonle Sap Poverty Reduction and Smallholder Development,6.69,Full Administration,,,,
246,2626,2626/0246,Conflict-Affected Region Emergency,1.5,Full Administration,,,IFRC contribution of 1.6 million CHF,
365,365,365,Energy Efficiency for Ho Chi Minh City Water Supply,2,Full Administration,,,,
429,409,0409/0410/0429,Preparing Outer Islands for Sustainable Energy DevelopmentﾗAdditional Financing,5,Full Administration,,,,
254,2453,2453/2454/0253/0254,Public-Private Infrastructure Development Facility,2,Full Administration,,,,
141,2463-2464,2463-2464/0119/0141,Green Power Development,1,Full Administration,,,,
142,2507,2507/0142,Philippine Energy Efficiency,1.5,Full Administration,Successful,,,
383,3117,3117/0383,South Asia Tourism Infrastructure Development ﾖ Additional Financing,3,Full Administration,,,,
9000,9000,9000,Assisting Girl Street Children at Risk of Sexual Abuse,1,Full Administration,Satisfactory,,,
9001,9001,9001,Supporting the Sustainable Livelihood for the Poor in Southern Philippines,2.8,Full Administration,Partly Satisfactory,,Attached to Loan 1772  Infrastructure of the Rural Productivity Enhancement approved in 31 Oct 2000,
9002,9002,9002,"Low-Cost Sanitation, Community Awareness and Health Education Program",1.74,Full Administration,,,,
9003,9003,9003,On-Site Urban Upgrading for Vulnerable Slum Communities of Payatas,1,Full Administration,,,,
9004,9004,9004,Off-Site and Off-City Relocation of Vulnerable Slum Communities of Muntinlupa City,1,Full Administration,,,,
9005,9005,9005,Improving Nutrition for Poor Mothers and Children,6.85,Full Administration,,,"Azerbaijan, Kazakhstan, Kyrgyz Republic, Mongolia, Tajikistan, Uzbekistan",
9006,9006,9006,Community Action for Preventing HIV/AIDS,8,Full Administration,HS,,"Cambodia, Lao P.D.R., Viet Nam",
9007,9007,9007,Supporting Poor and Disadvantaged  Farmers through Civil Society Organizations,0.8,Full Administration,Partly Satisfactory,,,
9008,9008,9008,Tajikistan Rural Poverty Reduction,2.9,Full Administration,Highly Successful,,,
9009,9009,9009,Supporting Livelihood Improvement for the Poor through Water Management Associations,0.9,Full Administration,Generally Satisfactory,,,
9010,9010,9010,Supporting Innovative Poverty Reduction in Karakalpakstan,2.54,Full Administration,Satisfactory,,,
9011,9011,9011,Innovations for Participatory Flood Control by the Poor Along the Yellow River,1,Full Administration,,,,
9012,9012,9012,Supporting the Community-Managed Livelihood Improvement,1,Full Administration,,,,
9013,9013,9013,Integration of Internally Displaced Persons in Mingechevir Rayon,2.5,Full Administration,,,,
9014,9014,9014,Expanding Employment Opportunities for Poor Disabled Persons,1,Full Administration,Highly Satisfactory,,,
9015,9015,9015,Improving the Living Environment of the Poor in Ger Areas of Mongolia's Cities,2.2,Full Administration,Highly Successful,,,
9016,9016,9016,Supporting the Community-Based Basic Education for the Poor,3.2,Full Administration,Successful,,,
9017,9017,9017,Community-Based Livelihood Enhancement for the Rural Poor,1.8,Full Administration,Successful,,,
9018,9018,9018,Social Protection for Poor Women Vendors in Mindanao Cities,1,Full Administration,Successful,,,
9019,9019,9019,Community-Based Gender-Sensitive Basic Education for the Poor,4,Full Administration,Successful,,,
9020,9020,9020,Electronic Health Insurance Membership Card,0.5,Full Administration,Satisfactory,,,
9021,9021,9021,Rainwater Harvesting and Slum Development in Rajasthan,1.9,Full Administration,,,,
9022,9022,9022,Strategic Private Sector Partnerships for Urban Poverty Reduction in Metro Manila,3.6,Full Administration,Successful,,,
9023,9023,9023,Income for the Poor through Community-Based Environmental Improvements in Phnom Penh,1,Full Administration,Successful,,,
9024,9024,9024/0076,Road Employment Project for Settlement and Integration of Returning Refugees and Displaced Persons,15,Full Administration,Successful,,,
9025,9025,9025,Infrastructure Maintenance to Reduce Rural Poverty,0.9,Full Administration,Satisfactory,,,
9026,9026,9026,Sustaining Income and Basic Human Needs of the Poor in Disaster Prone Areas of Gujarat,3.4,Full Administration,,,,
9027,9027,9027,Improving the Livelihood of Poor Farmers in Southern Cambodia,1.8,Full Administration,Highly Satisfactory,,,
9028,9028,9028,Targeted Assistance for Education of Poor Girls and Poor Children in Ethnic Minority Areas,3,Full Administration,Successful,,,
9029,9029,9029,"Development of a Business Plan for a Center for Learning, Information, Communication, and Knowledge for Asia and the Pacific",0.18,Full Administration,Partly Successful,,,
9030,9030,9030,Primary Health Care Partnership for the Poor,3,Full Administration,Successful,,,
9031,9031,9031,Mobilizing the Poor for Better Access to Health,3.4,Full Administration,,,,
9032,9032,9032,Optimizing Productivity of Poor Water Users Associations,1,Full Administration,Satisfactory,,,
9033,9033,9033,Promoting Silk Income for the Rural Poor in Central Highlands,0.62,Full Administration,Successful,,,
9034,9034,9034,Reducing Poverty Among Ethnic Minority Women in the Nam Ngum River Basin,0.53,Full Administration,Successful,,,
9035,9035,9035,Solid Waste Management and Income Generation for Vientiane's Poor,1,Full Administration,Satisfactory,,,
9036,9036,9036,Improving Poor Farmers' Livelihoods through Postharvest Technology,0.75,Full Administration,Successful,,"Cambodia, Viet Nam",
9037,9037,9037,Emergency Road Rehabilitation,20,Full Administration,,,,
9038,9038,9038,Integrated Community Development in Northern Afghanistan,3,Full Administration,Partly Successful,,,
9039,9039,9039,Rural Recovery through Community-Based Irrigation Rehabilitation,5,Full Administration,Successful,,,
9040,9040,9040,School Improvement,2,Full Administration,,,,
9041,9041,9041,Asian Bonds Online Web Site,2.4,Full Administration,,,,
9042,9042,9042,Renewable Energy and Livelihood Development Project for the Poor in Negros Occidental,1.5,Full Administration,,,,
9043,9043,9043,Community Participation and Public Information Campaign for Health Improvement,1,Full Administration,Successful,,,
9044,9044,9044,Information and Communication Technology for Innovating Rural Education,1,Full Administration,Highly Successful,,,
9045,9045,9045,Power Fund for the Poor,1.5,Full Administration,,,,
9046,9046,9046,Poverty Reduction in Red River Basin Irrigation Systems,0.82,Full Administration,Highly Satisfactory,,,
9047,9047,9047,Improving Poor Farmers' Livelihoods through Rice Information Technology,1,Full Administration,Successful,,,
9048,9048,9048,Mainstreaming Labor-Based Maintenance to the National Roads Network,2.2,Full Administration,Successful,,,
9049,9049,9049,Sustainable Livelihood Development for Poor Coastal and Small Island Communities,1.5,Full Administration,,,,
9050,9050,9050,"Banking Automation to Support Outreach, Efficiency and Governance",0.65,Full Administration,,,,
9051,9051,9051,Developing a Database on Cross-Border Trade and Investment in BIMP-EAGA,0.3,Full Administration,,,,
9052,9052,9052,Sustainable Food Fortification,2,Full Administration,,,"Mongolia, Kazakhstan, Kyrgyz Republic, Tajikistan, Uzbekistan",
9053,9053,9053,Information and Communication Technology for Improving Rural Health Services,1,Full Administration,,,,
9054,9054,9054,Affordable Services and Water Conservation for the Urban Poor,1.5,Full Administration,,,,
9055,9055,9055,Reducing Vulnerability of the Poor to Natural Disasters,1,Full Administration,,,,
9056,9056,9056,Reducing Neonatal Mortality,1,Full Administration,,,,
9057,9057,9057,Health Care Financing for the Poor,1.85,Full Administration,,,,
9058,9058,9058,Expanding Benefits of the Poor through Urban Environmental Improvements,1,Full Administration,,,,
9059,9059,9059,Rural Livelihood Development,1,Full Administration,Successful,,,
9060,9060,9060,Balkh River Basin Water Resources Management,10,Full Administration,Unsuccessful,,,
9061,9061,9061,Improving Primary School Access in Disadvantaged Communes,1.87,Full Administration,Successful,,,
9062,9062,9062,Sustainable Agroforestry Systems for Livelihood Enhancement of the Rural Poor,1.5,Full Administration,Partly Successful,,,
9063,9063,9063,Maternal Mortality Reduction,1,Full Administration,Successful,,,
9064,9064,9064,Improving the Access of Poor Floating Communities on the Tonle Sap to Social Infrastructure and Livelihood Activities,1,Full Administration,Successful,,,
9065,9065,9065,Enriching Lives of the Urban Poor through Food Fortification,1.75,Full Administration,Highly Successful,,,
9066,9066,9066,Restoration of Livelihoods of the Tsunami-Affected Farmers in the Maldives,1,Full Administration,Successful,,,
9067,9067,9067,Enhancing Road Improvement Benefits to Poor Communities in North-West Frontier Province,1,Full Administration,Unsuccessful,,,
9068,9068,9068,Empowering the Rural Areas through Community E-Centers under the South Asia Subregional Economic Cooperation Program,1,Full Administration,,,,
9069,9069,9069,Improving the Well-Being of Road Workers,0.5,Full Administration,Highly Successful,,,
9070,9070,9070,Developing the Philippines Business Registry,0.7,Full Administration,Successful,,,
9071,9071,9071,Community-Based Agricultural Extension and Training in Mountainous Districts,0.9,Full Administration,Successful,,,
9072,9072,9072,Sustainable Livelihood Development for Coastal Communities in the Special Province of Nanggroe Aceh Darussalam,2.5,Full Administration,Successful,,,
9073,9073,9073,Rehabilitation of Coral Reef and Mangrove Resources in the Special Province of Nanggroe Aceh Darussalam,1.5,Full Administration,Successful,,,
9074,9074,9074,Seismically Upgraded Housing in Nanggroe Aceh Darussalam and North Sumatera,2,Full Administration,Partially Satisfactory,,,
9076,9076,9076,Public Works Restoration and Rehabilitation of Line Drainage Systems of Tsunami-Affected Local Government Roads,2,Full Administration,Successful,,,
9077,9077,9077,Post-Tsunami Utility Connections for the Poor,2,Full Administration,,,,
9078,9078,9078,Community-Based Rural Road Maintenance,1.8,Full Administration,Highly Successful,,,
9079,9079,9079,Restoration of Microenterprise and Microfinance in Aceh,2,Full Administration,Satisfactory,,,
9080,9080,9080,Social Development for Erosion-Affected Poor in the Jamuna-Meghna Floodplains,0.79,Full Administration,Successful,,,
9081,9081,9081,Women's Development Centers,1.8,Full Administration,,,,
9082,9082,9082,Support for the Local Government Performance Measurement System,0.73,Full Administration,Highly Successful,,,
9083,9083,9083,Nutritious Food for 6-24 Month Old Children Vulnerable to Malnutrition in Poor Areas,1.99,Full Administration,Satisfactory,,,
9085,9085,9085,Nonformal Skills Training for Unemployed Youth and Adults,1,Full Administration,,,,
9087,9087,9087,Supporting Information Sharing and Exchange among Civil Servants,0.5,Full Administration,Partly Successful,,,
9088,9088,9088,Developing Financial Cooperatives,0.9,Full Administration,Highly Satisfactory,,,
9089,9089,9089,Community-Based Rural Power Supply,2,Full Administration,,,,
9090,9090,9090,"Iron and Folic Acid Fortification in Small-Scale Milling to Improve the Lives of the Poor, Especially Women and Children",2,Full Administration,,,,
9091,9091,9091,Basic Education for Children with Special Needs,1.5,Full Administration,,,,
9092,9092,9092,Immediate Support to Poor and Vulnerable Households in Inaccessible Areas Devastated by the 2005 Earthquake,5,Full Administration,Successful,,,
9093,9093,9093,Rural Electricians Training Program,1,Full Administration,Successful,,,
9094,9094,9094,Restoration and Diversification of Livelihoods for Tsunami-Affected Poor and Marginalized People in the States of Tamil Nadu and Kerala,5,Full Administration,,,,
9095,9095,9095,Catalyzing Microfinance for the Poor,1.98,Full Administration,Successful,,,
9096,9096,9096,Upgrading of ICT and MIS at the Agriculture Promotion Bank,0.47,Full Administration,,,,
9097,9097,9097/2257/0054,North-South Corridor,20,Full Administration,Successful,,,
9098,9098,9098,Improving Vitamin A Nutrition and Deworming for Poor and Vulnerable Children,1,Full Administration,Satisfactory,,,
9099,9099,9099,Expansion of Learning Opportunities for Ethnic Minority Youth,1.5,Full Administration,,,,
9100,9100,9100,Rural Business Support,18,Full Administration,Successful,,,
9101,9101,9101,Improving the Livelihoods of Poor Farmers and Disadvantaged Groups in the Eastern Development Region,1,Full Administration,,,,
9102,9102,9102,Southern Leyte Landslide,3,Full Administration,Successful,,,
9103,9103,9103,Rural Skills Development,1.99,Full Administration,Successful,,,
9104,9104,9104,Improving Livelihoods of Rural Women through Development of Handicrafts Industry,2,Full Administration,Successful,,,
9105,9105,9105,Microfinance for the Poorest,2,Full Administration,,,,
9106,9106,9106,Community-Driven Development for Urban Poor in Ger Areas,1.5,Full Administration,,,,
9107,9107,9107,Enhancing Capacity of Local Government Agencies and Lao Women's Union for Sustainable Poverty Reduction in Northern Lao PDR,0.53,Full Administration,Successful,,,
9108,9108,9108,Improving Access to Quality Basic Education for Children with Special Needs,1,Full Administration,Successful,,,
9109,9109,9109,Community-Based Heating Supply in Rural Remote Areas,2,Full Administration,,,,
9110,9110,9110,Strengthening Decentralized Support for Vulnerable and Conflict-Affected Families and Children,2,Full Administration,,,,
9111,9111,9111,Sustainable Access for Isolated Rural Communities,2,Full Administration,Successful,,,
9112,9112,9112,Thanh Hoa Province Small Scale Infrastructure Investments and Services in Urban and Peri-Urban Areas,2,Full Administration,Successful,,,
9113,9113,9113,Lae Port Livelihood and Social Improvement,1.5,Full Administration,,,,
9114,9114,9114,Building Community Capacity for Poverty Reduction Initiatives,1.5,Full Administration,,,,
9115,9115,9115,Access to Health Services for Disadvantaged Groups in Ulaanbaatar,2,Full Administration,,,,
9116,9116,9116,Improvement of Rural Access Roads and Livelihood Development for the Poor,2,Full Administration,,,,
9117,9117,9117,Alternative Livelihood for Upland Ethnic Groups in Houaphanh Province,1.82,Full Administration,,,,
9118,9118,9118,Developing Microinsurance Project,1,Full Administration,,,,
9119,9119,9119,Community-Based Early Childhood Care and Development,1.9,Full Administration,,,,
9120,9120,9120,Livelihood Improvement of Vulnerable Ethnic Minority Communities Affected by the Song Bung 4 Hydropower Project in Quang Nam Province,2,Full Administration,Successful,,,
9121,9121,9121,Community-Based Local Road Upgrading and Maintenance in the Western Region of Mongolia,2,Full Administration,Partly Successful,,,
9122,9122,9122,Weno Water Supply Well Remediation,0.98,Full Administration,,,,
9123,9123,9123,Demand-Driven Skills Training for Poverty Reduction in the Cuu Long (Mekong) River Delta,1.3,Full Administration,,,,
9124,9124,9124,Water Point and Extension Station Establishment for Poor Herding Families,2,Full Administration,Successful,,,
9125,9125,9125,Poverty Reduction through Community-Based Natural Resource Management,2,Full Administration,Satisfactory,,,
9126,9126,9126,Community Participatory Flood Management,3,Full Administration,Successful,,,
9127,9127,9127,Energy Conservation and Emissions Reduction from Poor Households,2,Full Administration,,,Attached to Loan  Loan/TA Number :  L1548-MON Project Name :  Ulaanbaatar Heat Efficiency Project Date of ADB Approval :  25 Sep 1997,
9128,9128,9128/0134,Development of Mini Hydropower Plants in Badakshan and Bamyan Provinces,12,Full Administration,,,,
9129,9129,9129,Developing Inclusive Insurance Sector,2,Full Administration,,,,
9130,9130,9130,Extending the Socioeconomic Benefits of an Improved Road Network to Roadside Communities,2,Full Administration,,,,
9131,9131,9131,Reducing Persistent Chronic Malnutrition in Children in Mongolia,2,Full Administration,,,,
9132,9132,9132,Rice Fortification for the Poor,2,Full Administration,,,,
9133,9133,9133,Piloting the Post-Harvest Technology and Skills Bridging Program for Rural Poor,2,Full Administration,Satisfactory,,,
9134,9134,9134,Capacity Building and Livelihood Enhancement of Poor Water Users,2,Full Administration,,,,
9135,9135,9135/0277/0382/0406,Establishing Women and Children Service Centers,0.75,Full Administration,,,,
9136,9136,9136,Protecting the Health Status of the Poor During the Financial Crisis,3,Full Administration,,,,
9137,9137,9137,Developing Model Health Villages in Northern Lao People's Democratic Republic,3,Full Administration,Successful,,,
9138,9138,9138,"Early Childhood Education for Rural, Nomadic, and Migrant Children",2.89,Full Administration,,,,
9139,9139,9139,Demonstration Project for Improved Electricity Services to the Low-Income Communities in Rural Areas,2.4,Full Administration,,,,
9140,9140,9140,Formalizing Microfinance Institutions,1.5,Full Administration,,,,
9141,9141,9141,Capacity Building for the Promotion of Legal Identity Among the Poor in Nepal,2,Full Administration,,,,
9142,9142,9142,Our Roads Our Future - Supporting Local Governance and Community-Based Infrastructure Works,3,Full Administration,,,,
9143,9143,9143,Improving Connectivity to Support Livelihoods and Gender Equality,3,Full Administration,,,,
9144,9144,9144,Flour Fortification in Chakki Mills,1.8,Full Administration,,,,
9145,9145,9145,Supporting Microentrepreneurship for Women's Empowerment,3,Full Administration,,,,
9146,9146,9146,Farm Roads to Support Poor Farmers' Livelihoods,3,Full Administration,,,,
9147,9147,9147,Improving Small Farmers' Access to Market in Bihar and Maharashtra,3,Full Administration,,,,
9148,9148,9148,Improved Energy Supply for Poor Households,1.76,Full Administration,,,,
9149,9149,9149,Upgrading Schools and Integrated Disaster Education Project,3,Full Administration,Highly Successful,,,
9150,9150,9150,Post-Conflict Emergency Assistance for Livelihood Restoration of Resettled Internally Displaced People in the North,2.5,Full Administration,,,,
9151,9151,9151,Social Protection of the Vulnerable in the Pacific,3,Full Administration,,,"Cook Islands, Marshall Islands, and Tonga",
9152,9152,9152,Promoting Inclusive Financial Services for the Poor,2.5,Full Administration,,,,
9153,9153,9153,Institutional Support for Migrant Workers' Remittance,2,Full Administration,,,,
9154,9154,9154,Improving Community-Based Rural Water Supply and Sanitation in Post-Conflict Areas of Jaffna and Kilinochchi,2,Full Administration,,,,
9155,9155,9155,Advancing Economic Opportunities of Women and Girls,1.95,Full Administration,,,,
9156,9156,9156, Improving Market Access for the Poor in Central Cambodia,1.9,Full Administration,,,,
9157,9157,9157,Reducing Child Malnutrition through Social Protection,2,Full Administration,,,,
9158,9158,9158," Improving Gender-Inclusive Access to Clean and Renewable Energy in Bhutan, Nepal and Sri Lanka",3,Full Administration,,,,
9159,9159,9159,Support for Targeted and Sustainable Development Programs for Highly Marginalized Groups,2.7,Full Administration,,,,
9160,9160,9160,Developing Sustainable Alternative Livelihoods in Coastal Fishing Communities in the Coral Triangle,2,Full Administration,,,Indonesia and the Philippines,
9161,9161,9161,Enhancing Access to Quality Early Childhood Education Services for Children in Poor Communities,1.5,Full Administration,,,,
9162,9162,9162,Promoting Partnerships and Innovation in Poor and Underserved Communities,1.5,Full Administration,,,,
9163,9163,9163/0288,Improved Energy Access for Rural Communities,2.5,Full Administration,,,,
9164,9164,9164,Establishment of Climate-Resilient Rural Livelihoods,2.5,Full Administration,,,,
9165,9165,9165,Community-Based Irrigation Rehabilitation and Development,10,Full Administration,,,,
9166,9166,9166,Community Sanitation,2,Full Administration,,,,
9167,9167,9167,Enhanced Agricultural Value Chains for Sustainable Livelihoods,18.5,Full Administration,,,,
9168,9168,9168,Livelihood Improvement for River Erosion Victims in Assam,2.5,Full Administration,,,,
9169,9169,9169,Agribusiness Development Assistance for Smallholders in Mindanao,2,Full Administration,,,,
9170,9170,9170,Women's Entrepreneurship Development,1.5,Full Administration,,,,
9171,9171,9171,Improved Maternal and Child Health through Connectivity,2.5,Full Administration,,,,
9172,9172,9172,Pilot Project on Weather Index-Based Crop Insurance,2,Full Administration,,,,
9173,9173,9173,Greater Mekong Subregion: Livelihood Support for Corridor Towns,2.5,Full Administration,,,,
9174,9174,9174,Enhancing Rural Livelihoods and Incomes,12,Full Administration,,,,
9175,9175,9175,Emergency Assistance and Early Recovery for Poor Municipalities Affected by Typhoon Yolanda ,20,Full Administration,,,,
9176,9176,9176,Greater Mekong Subregion (GMS) Capacity Building for HIV/AIDs Prevention,10,Full Administration,,,,
9177,9177,9177,Pro-Poor Community Infrastructure and Basic Services,4,Full Administration,,,,
9178,9178,9178,Community-Based Disaster Risk Reduction,2.5,Full Administration,,,,
9179,9179,9179,Community-Based Flood Risk Management and Disaster Response in the Chao Phraya Basin,2,Full Administration,,,,
9180,9180,9180,Disaster Risk Reduction and Livelihood Restoration for Earthquake-Affected Communities,15,Full Administration,,,,
9181,9181,9181,Cycone Pam School Reconstruction,5,Full Administration,,,,
9182,9182,9182,Improving School Dormitory Environment for Primary Students in Western Region,3,Full Administration,,,,
9183,9183,9183,Integrated Livelihoods Improvement and Sustainable Tourism in Khuvsgul Lake National Park,3,Full Administration,,,,
,9184,9184,Economic Empowerment of the Poor and Women in the East-West Economic Corridor,3,Full Administration,,,,
,9185,9185,Emergency Support for Chin State Livelihoods Restoration Project,10,Full Administration,,,,
429,409,0409/0410/0429,Preparing Outer Islands for Sustainable Energy DevelopmentﾗAdditional Financing,5,Full Administration,,,,
9178,9178,9178,Community-Based Disaster Risk Reduction,2.5,Full Administration,,,,
9179,9179,9179,Community-Based Flood Risk Management and Disaster Response in the Chao Phraya Basin,2,Full Administration,,,,
9181,9181,9181,Cycone Pam School Reconstruction,5,Full Administration,,,,
9182,9182,9182,Improving School Dormitory Environment for Primary Students in Western Region,3,Full Administration,,,,
9183,9183,9183,Integrated Livelihoods Improvement and Sustainable Tourism in Khuvsgul Lake National Park,3,Full Administration,,,,
,9184,9184,Economic Empowerment of the Poor and Women in the East-West Economic Corridor,3,Full Administration,,,,
70,2307,2307/0070,Customs Modernization,0.5,Full Administration,Highly Successful,,,
131,2466,2466/0131,Surkhandarya Water Supply and Sanitation,1.5,Full Administration,,,,
147,2511,2511/0147,Thanh Hoa City Comprehensive Socioeconomic Development,1.2,Full Administration,,,,
159,2550,2550/0159,Liaoning Small Cities and Towns Development Demonstration Sector,0.25,Full Administration,,,,
171,2574,2574/0171,Hebei Small Cities and Towns Development Sector,0.25,Full Administration,,,,
190,2606,2606,Shanxi Small Cities and Towns Development Demonstration Sector,0.25,Full Administration,,,,
188,2607,2607/0188/0189,Shanxi Integrated Agricultural Development,0.5,Full Administration,,,,
387,2795,2795/0263/0387,South Tarawa Sanitation Improvement Sector ﾖ Additional Financing,0.61,Full Administration,,,,
401,3151,3151/401/402/466/467/8299/8300,Rural Roads Improvement II,5.4,Full Administration,,,Euro $4 million,
2,2,2,Earthquake and Tsunami Emergency Support,3.5,Full Administration,Succesful,,Asian Tsunami Fund Grant #0002.,
1842(L),1137,1137/1633(L)/1842(L),Second NGO Microcredit (Supplementary),1.8,Full Administration,GS,,,
2564,1381,1381/2564,Beneficiary Participation and Project Management,6.8,Full Administration,S,,"Addl 200,000 not recorded here.   Adj Dec05 from $6.8 to $5.886 ref PCR. - YLeones MBT: Anchor loan was approved on 26 Sep 1995, Board doc on admin of IFAD loan and NET grant was approved on 2 May 1996 per MF and LTAA. ",
2564,1381,1381/2564,Beneficiary Participation and Project Management (Supplementary),0.2,Full Administration,S,,,
2563(L),1403,1403/2563(L),Forestry Sector,14.15,Full Administration,Partly successful,Partly successful,,
2852,1515,1515/2852(L),Forestry Sector,7,Full Administration,Succesful,,ADB admin grant 2852(L). PCR Dec07 - adj Dec08 bnk 35 to 10.49 cfg from $7 to $6.782.  File to OAS Aug10.,
3300,1643,1643/3158(L)/3300(L),Sundarbans Biodiversity Conservation (Supplementary),3.5,Full Administration,Unsuccessful,Unsuccessful,,
3477(L),1716,1716/3477(L),Coastal Resource Management,12.76,Full Administration,Succesful,,ADB admin 3477(L),
3778(L),1767,1767/3519(L)/3778(L),Protected Area Management and Wildlife Conservations,4,Full Administration,Succesful,,ADB Admin 3778(L) app 13Sep01.,
3683,1831,1831/3683(L),Small Scale Water Resources Development Sector II,24.3,Full Administration,Successful,,"(R91-01, 21Jun01)",
3742 (L),1846,1846/3742(L),North East Community Restoration and Development,0.5,Full Administration,HS,,,
3892,1855,1855/3892(L),Second Red River Basin Sector,10.6,Full Administration,Succesful,,"anchor loan was approved on 13-Nov-01  Adj. Additional cf from NET in 27Jun02. In 2002 was listed under approvals, adj in 2003 included in 2001.",
47,1863,1863/0047,Decentralized Basic Education,28,Full Administration,Succesful,,,
4008,1953,1953/4007(L)/4008(L),Commune Council Development,2.4,Full Administration,Highly Successful,,,
4022,1964,1964/4022(L),Sustainable Capacity Building for Decentralization,8.54,Full Administration,Successful,,Grant 4022 (L). Adj from $8.8 to $8.54 ref 19Jun06 OGC memo. Adj Dec07.,
4032,1974,1974/4032(L),Modernizing Government and Fiscal Reform in Kerala,50,Full Administration,Partly successful,Partly Successful,Adj Dec07. from $50 to $25 re PCR para 34. MBT: adjusted to reflect correct amount of $50m ,
4209(L),2015,2015/4209(L),Second Primary Education Development Program (Sector Loan),50,Full Administration,Successful,,) ADB admin.,
4299,2064,2064/2065/4299(L),Participatory Irrigation Sector,15,Full Administration,Successful,,# 4299(L),
4560(L),2109,2109/4560(L),Supporting Public Resource Management Reforms in Balochistan,1.92,Full Administration,Unsuccessful,Unsuccessful,ADB administered. NET approval 8 Dec 2004. (TA Loan),
24,2126,2126/2127/0024,State Audit Reform Sector Development Program,5,Full Administration,Partly successful,,ADB admin TA# 4473 ($1.3)-TA 4474 ($3.7) - Support for the Implementation of the State Audit Reform Program (Grant -0024). PCR Mar2010.,
38,2156,2156/0038/0039,Emergency Flood Damage Rehabilitation,13,Full Administration,Highly Successful,Successful,Grant cf was approved 15Nov05 ref Bd Paper Major change in Proj Scope & Implementation Arrangements R286-05(25Oct05).,
3,2163,2163/2164/0003,Community Water Services and Health,5,Full Administration,Partly Successful,,,
45,2167,2167/0006/0011/0045/8221,Tsunami-Affected Areas Rebuilding Project (Supplementary),8.74,Full Administration,Succesful,,Grant 0045 (SUPPLEMENTARY-HOUSING DEVELOPMENT COMPONENT) ,
2193,2193(L),2193(L),Energy Efficiency Support,3,Full Administration,GS,,"Energy Conservation & Environment Imprv, ADB loan 1212 was cancelled. Listed in Dec06  Grant 2193(L) Energy Efficiency Support. File to OAS Aug10.",
36,2200,2200/0036/3302/0441,Southwest Area Integrated Water Resources Planning and Management,12.5,Full Administration,,,ADB Administered,
,2200,2200/0036/3302/0441,Southwest Area Integrated Water Resources Planning and ManagementﾗAdditional Financing,7,Full Administration,,,,
64,2264,2264/0064,Infrastructure Reform Sector Development Program (Project Loan),7.56,Full Administration,,,ADB admin grant $7.56 m.,
146,2409,2409/0110/0146/8233/8239,Emergency Disaster Damage Rehabilitation (Sector) (Supplementary),24,Full Administration,Highly Successful,,"Grant 0146; PIGGYBACKED AND SUPPLEMENTARY TO LOAN 2409, RELATED TO GRANT 0110.",
130,2477,2477/0129-0130,Dry Zone Urban Water and Sanitation,2,Full Administration,,,,
147,2511,2511/0147,Thanh Hoa City Comprehensive Socioeconomic Development,0.8,Full Administration,,,,
396,3138,3138/0396,Flood and Riverbank Erosion Risk Management Investment Program ﾖ Project 1,15.3,Full Administration,,,,
42,42,42,HIV/AIDS Prevention and Control in Rural Development Enclaves,3.5,Full Administration,,,ADB admin grant,
50,49,0049/50,Road Improvement (Sector),9.75,Full Administration,Successful,,,
50,49,0049/50,Road Improvement (Sector) (3rd Supplementary),0.89,Full Administration,Successful,,"$892,603 amount approved",
293,127,0127/0292/0293,Domestic Maritime Support (Sector)ﾖAdditional Cofinancing,0.29,Full Administration,,,"$301,760 actual amount, changed to $285,196 based on re-issued coding form (7 July 2015)",
293,127,0127/0292/0293,Domestic Maritime Support (Sector) (Supplementary),2.5,Full Administration,,,,
293,127,0127/0292/0293,Domestic Maritime Support (Sector) (Supplementary),2.5,Full Administration,,,,
207,175,0175/0176/0177/0207/0210,Second Road Improvement (Sector) (Supplementary),0.36,Full Administration,,," NZ$500,000; THIS SUPPL GRANT IS RELATED TO SUPPL GRANT -0177 FINANCED BY AUS ",
390,389,0389/0390,Cyclone Ian Recovery,4.27,Full Administration,,,"Letter of Commitment from NZL amounting to NZ$5 million, dated 22 April 2014",
457,456,0456/0457,Renewable Energy Development and Power Sector RehabilitationﾗAdditional Financing,2.49,Full Administration,,,,
,469,469,Town Electrification Investment Program-Tranche 1ﾗAdditional Financing,4.77,Full Administration,,,,
44,1823,1823/G0043/G0044,Post-Conflict Emergency Rehabilitation (Supplementary),6.5,Full Administration,Succesful,Successful,Anchor loan app in 2000. Grant 0044 - addl grant cf of $6.5 m from New Zealand (24May06-change in scope). PCR Oct09.,
288,9163,9163/0288,Improved Energy Access for Rural Communities,2.5,Full Administration,,,,
0542 (FG),542,542,Rural Electrification,5.03,Full Administration,,,"NOR grant made on 4 March 1982 per PCR, RRP says $5.03 approved 17 Nov 1981",
0977 (FG),977,977,Primary Education (Girls) Sector,4.5,Full Administration,GS,,Adj Dec06. from $4.5 to $3.9 01/Nov/1990(?) MBT: adjusted from $3.9 to $4.5 based on approvals published in pp170-17 of ADB AR 1990,
1633(L),1137,1137/1633(L)/1842(L),Second NGO Microcredit,3,Full Administration,GS,,1633 (L) Credit Program for the Poorest of the Poor,
2232,1213,1213/2232(L),Rural Poor Cooperative,1.31,Full Administration,S,,"PCR IN 245-01, 8Nov01  Grants 2232(L). From multisector to Agri",
2194(L),1300,1300/2194(L),Telecommunications,2,Full Administration,S,,,
2277(L),1327,1327/2277(L),Microcredit,1,Full Administration,S,,Adj Dec06 - listed in Dec06 - ADB admin 2277(L).  File to OAS Feb08.,
4209(L),2015,2015/4209(L),Second Primary Education Development Program (Sector Loan),40,Full Administration,Successful,,") ADB admin.  NOK349,000,000",
62,2043,2043/2044/0062,Conflict Affected Areas Rehabilitation,8.6,Full Administration,,,Additional grant cf $8.6 m (Nkr 56 million) from NOR for the reconstruction & extension of medium-voltage power lines beyond the original scope of the Proj. Ref major proj change paper.(Sep06).,
75,2168,2168/7/13/75/0193,North East Community Restoration and Development II (Supplementary),1,Full Administration,Successful,,,
19,2188-2189,2188-2189/G0019,Gas Transmission and Development,5,Full Administration,,,"Ref RRP MFA, NOR to financed capacity bldg component of the Gas Transmission & Dev Proj (G0019). Cf agreement signed by MFA 11Oct06.",
271,2808,2808/G0270/G0271,Electricity Transmission Expansion and Supply Improvement,25,Full Administration,,,"Gov't of Norway has provided a firm commitment, with final approval anticipated by December 2011",
397,3139,3139/0397/0398,South Asia  Subregional Economic Cooperation Power System Expansion,60,Full Administration,,,,
363,3041,3041/0363,Water Supply and Sanitation Sector,6,Full Administration,,,,
352,352,352,Building Climate Resilience in the Pyanj River Basin,21.55,Full Administration,,,,
357,357,0357/0358,Building Climate Resilience of Watersheds in Mountain Eco-Regions,23.54,Full Administration,,,,
378,378,378,Climate Resilience Sector,19.25,Full Administration,,,,
426,426,426,Greater Mekong Subregion Biodiversity Conservation CorridorsﾗAdditional Financing,7.4,Full Administration,,,,
447,447,447,Building Climate Resilience to Climate Change in Papua New Guinea,24.25,Full Administration,,,,
278,2839,2839/G0278/8254,Provincial Roads Improvement,7,Full Administration,,,,
8254,2839,2839/G0278/8254,Provincial Roads Improvement,10,Full Administration,,,,
310,2913,2913/0310/8258,Coastal Climate-Resilient Infrastructure,10,Full Administration,,,,
8258,2913,2913/0310/8258,Coastal Climate-Resilient Infrastructure,20,Full Administration,,,Co-Fin 8258,
330,2970,2970/0330/8262,Greater Mekong Subregion Flood and Drought Risk Management and Mitigation,5.8,Full Administration,,,,
8262,2970,2970/0330/8262,Greater Mekong Subregion Flood and Drought Risk Management and Mitigation,4,Full Administration,,,,
335,2983,2983/0334/0335/8265,Greater Mekong Subregion Southern Economic Corridor Towns Development,4.4,Full Administration,,,,
8265,2983,2983/0334/0335/8265,Greater Mekong Subregion Southern Economic Corridor Towns Development,5,Full Administration,,,,
350,3006,3006/3007/0349/0350/8271,Climate-Resilient Rice Commercialization Sector Development Program,4.5,Full Administration,,,,
8271,3006,3006/3007/0349/0350/8271,Climate-Resilient Rice Commercialization Sector Development Program,5,Full Administration,,,,
394,3133,3133/0394/0395/8284,Coastal Towns Environmental Infrastructure,10.4,Full Administration,,,,
8284,3133,3133/0394/0395/8284,Coastal Towns Environmental Infrastructure,30,Full Administration,,,,
467,3151,3151/401-2/466-7/8299-300,Rural Roads Improvement IIﾗAdditional Financing,9,Full Administration,,,,
8300,3151,3151/401-2/466-7/8299-300,Rural Roads Improvement IIﾗAdditional Financing,7,Full Administration,,,,
8287,3158,3158/8287,Spice Value Chain Development Project,5,Full Administration,,,,
454,3311,3311/0454/8295,Integrated Urban Environmental Management in the Tonle Sap Basin,5,Full Administration,,,,
8295,3311,3311/0454/8295,Integrated Urban Environmental Management in the Tonle Sap Basin,5,Full Administration,,,,
410,409,0409/0410/0429,Preparing Outer Islands for Sustainable Energy Development,12,Full Administration,,,,
398,3139,3139/0397/0398,South Asia  Subregional Economic Cooperation Power System Expansion,11.2,Full Administration,,,,
128,2474,2474/0128,Dryland Sustainable Agriculture,0.35,Full Administration,,, PIGGYBACKED TO PRC-2474; AMOUNT CANCELLED/WITHDRAWN BY SPAIN; GRANT NOT REMOVED FROM APPROVALS DBASE BEC. GRANT WAS SIGNED AND DECLARED EFFECTIVE ,
,1581,1581,Third Rural Infrastructure Development,7.1,Full Administration,HS,,"Ref 2Feb06 BRM memo. Final cancellation of undisbursed loan amt of SKR1,565,254.82 lcd 26Oct05. Adj $7.2 to 7.1.",
4007,1953,1953/4007(L)/4008(L),Commune Council Development,3,Full Administration,Highly Successful,,old remarks: Sida grant approved (29-Apr-05). Adj Dec06 ($0.57) added to 2002 anchor loan.  Del MBT: Sida grant adjusted from 3.57 to 3.00; 0.57 additional cofinancing encoded as supplementary cof in 29 Apr 2005 for accuracy,
4007,1953,1953/4007(L)/4008(L),Commune Council Development (Supplementary),0.57,Full Administration,Highly Successful,,,
4209(L),2015,2015/4209(L),Second Primary Education Development Program (Sector Loan),29,Full Administration,Successful,,") ADB admin. SEK250,000,000",
4314 (L),2076,2076/4314(L),Health Care in the Central Highlands,5.58,Full Administration,Succesful,,Approved by Sida on 4-May-2004.,
39,2156,2156/0038/0039,Emergency Flood Damage Rehabilitation,14.7,Full Administration,Highly Successful,Successful, - do -,
13,2168,2168/7/13/75/0193,North East Community Restoration and Development II,5.9,Full Administration,Successful,,[ADF Loan - $26; ADF Grant - $14 Grant No. 007] SKr 40 m for the rehab of provincial & rural roads in the North East.,
9,2172,2172/0008/0009/0010,Second Urban Primary Health Care,5,Full Administration,Highly Successful,,SWE Grant #0009,
323,2695,2695/0323,City Region Development - Additional Financing,13,Full Administration,,,,
298,2878,2878/0298,Urban Primary Health Care Services Delivery,20,Full Administration,,,,
3899(L),1881,1881/3899(L),Post-Literacy and Continuing Education (Supplementary),2.5,Full Administration,,,Anchor loan approved in 2001. Additional cfg from SDC grant #3899(L) p/b to BAN 1881 and suppl to 3899(L) cf by DFID for $12m app 12Jul02,
3899(L),1881,1881/3899(L),Post-Literacy and Continuing Education (Supplementary) 2,2.5,Full Administration,,, PIGGYBACKED TO BAN-1881 LOAN APPROVED 13 DEC 2001 AND SUPPLEMENTARY TO BAN-3899(L)GRANT COFINANCED BY DFID FOR $12.0 MILLION APPROVED 12 JUL 2002 AND $2.50 MILLION BY SWITZERLAND APPROVED 1 JUL 2008 ,
56,2259,2259/0056/8229,Northern Region Sustainable Livelihoods through Livestock Development,3.5,Full Administration,,,Grant #0056(SWI). ADB admin grant for Sustainable Upland Livelihoods Dev.,
140,2425,2425/0140,Skills Development,6,Full Administration,,,SDC not listed in the RRP. Paper on Major change in proj implementation app 17Dec08 - SDC financing. RRP dated 06-Jun-2008,
391,3131,3131/0391,Skills for Employment Investment Program ﾖ Tranche 1,10,Full Administration,,,,
60,2269,2269/0060,Forests for Livelihood Improvement in the Central Highlands Sector,8,Full Administration,,,"TFF = Trust Fund for Forests (FIN, NET, SWE, SWI). TFF grant #0060.",
472,3100,3100/0472,KALAHI-CIDSS National Community-Driven Development,5,Full Administration,,,,
455,3316,3316/0455,Mandalay Urban Services Improvement,4,Full Administration,,,,
462,3340,3340/0462,Urban Environment and Climate Change Adaptation,4,Full Administration,,,,
314,2931,2931/G0313-0314,Greater Mekong Subregion East-West Economic Corridor Towns Development,0.64,Full Administration,,,0.638,
329,2969,2969/0329,Greater Mekong Subregion Corridor Towns Development,1,Full Administration,,,,
334,2983,2983/0334/0335/8265,Greater Mekong Subregion Southern Economic Corridor Towns Development,1.5,Full Administration,,,,
380,3098,3098/3099/0380,Ulaanbaatar Urban Services and Ger Areas Development Investment Program ﾗ Tranche 1,3.7,Full Administration,,,,
399,3148,3148/0399,Karnataka Integrated Urban Water Management Investment Program ﾖ Tranche 1,1.8,Full Administration,,,,
477,3389,3389/0477,Water District Development Sector,2,Full Administration,,,,
170,167,0167/0170,Water Resources Development Investment Program - Tranche 1,3.3,Full Administration,,,,
281,280,0280/0281/0282,Energy Sector Development Investment Program ﾖ Tranche 3,20,Full Administration,,,,
306,0305-0306,0305-0306/0368,Strengthening Public Management Program,4,Full Administration,,,,
3785(L),1876,1876/3785(L),Road Network Development,9.6,Full Administration,Succesful,,Adj Dec06. DFID amt from $9.6 to $8.4 ref BTOR Midterm RM 7Jul06. #3785(L). returned to $9.6 to reflect original approval,
3899(L),1881,1881/3899(L),Post-Literacy and Continuing Education,12,Full Administration,,,"Untied, ADB administered. Anchor loan was approved on 13-Dec-01. Adj Dec04 from 2002 was transferred to 2001 DFID app 12Jul02.",
3800(L),1883,1883/3800(L),Central Region Livelihood Improvement,16.45,Full Administration,Succesful,,"Adj Dec04  $16.40 to $16.45. ADB admin grant.  Ref 16Apr08 VRM email, cf amt $13.033. Ref PPR $3.4 was cancelled, Adj Dec08 from $16.45 to $13.033 (ref amendment to MOU 2May07). Adj 7Jun'14 to reflect approval of $16.45",
3994(L),1940,1940/G3994,Health Sector Support,10.36,Full Administration,Successful,,,
3994(L),1940,1940/G3994,Health Sector Support (Supplementary),1.8,Full Administration,Successful,,Additional grant financing of $1.8m from DFID 3994(L). Ref in grant financing paper,
4209(L),2015,2015/4209(L),Second Primary Education Development Program (Sector Loan),150,Full Administration,Successful,,) ADB admin.,
4505(L),2144,2144/2145/4505(L),Punjab Devolved Social Services Program,30,Full Administration,Partly successful,,ADB admin $30 million for the Program and an additional $20 m for a piggy-backed TA(#4504).,
3,2163,2163/2164/0003,Community Water Services and Health,7.5,Full Administration,Partly Successful,,,
10,2172,2172/0008/0009/0010,Second Urban Primary Health Care,25,Full Administration,Highly Successful,,UKG Grant #0010,
53,2254,2254/0053,Second Rural Infrastructure Improvement,56.7,Full Administration,,,"$56.7 admin grant, $4.2 non DVA grant",
434,3121,3121/0434,National Trade Corridor Highway Investment ProgramﾗTranche 2 ,82.4,Full Administration,,,,
451,3134,3134/0451,National Highway Network Development in Balochistan,72.4,Full Administration,,,,
435,3197,3197/0435,National Trade Corridor Highway Investment ProgramﾗTranche 3 ,39.2,Full Administration,,,,
440,3300,3300/0440,National Motorway M-4 GojraﾖShorkot Section,92,Full Administration,,,"ﾣ58,850,000 in the Pres.' Recommendation. PECP MoU signed on 25 June 2015. DFID's approval to cofinance M4 received on 21 July 2015 (email ref. Saad Paracha).",
406,9135,9135/0277/0382/0406,Establishing Women and Children Service Centers ﾖ Additional Financing,3.2,Full Administration,,,,
277,9135,9135/0277/0382/0406,Establishing Women and Children Service Centers (Supplementary),0.2,Full Administration,,,,
155,2114,2114/0155,Regional Customs Modernization and Infrastructure Development,1.6,Full Administration,Succesful,, RELATED TO TAJ-2114 APPROVED 26 NOV 2004. ,
395,3133,3133/0394/0395/8284,Coastal Towns Environmental Infrastructure,1.6,Full Administration,,,,
405,3157,3157/0405/8304,Third Small Towns Water Supply and Sanitation Sector,1.3,Full Administration,,,,
413,3182,3182/3183/0413,Rajasthan Urban Sector Development Program,2,Full Administration,,,,
