partner,year,approval_numbers_cofin,approval_number,proj_no,loan_grant_title
Australia,2007,2372/0095/2988/0337,2372,36353-013,Greater Mekong Subregion: Southern Coastal Corridor (Cambodia and Viet Nam)
Australia,2007,2372/0095/2988/0337,0095,36353-013,Greater Mekong Subregion: Southern Coastal Corridor (Cambodia and Viet Nam)
Australia,2007,2372/0095/2988/0337,2988,36353-013,Greater Mekong Subregion: Southern Coastal Corridor (Cambodia and Viet Nam)
Australia,2007,2372/0095/2988/0337,0337,36353-013,Greater Mekong Subregion: Southern Coastal Corridor (Cambodia and Viet Nam)
Finland,2007,2168/7/13/75/0193,2168,36601-013,North East Community Restoration and Development II (Supplementary)
Finland,2007,2168/7/13/75/0193,0007,36601-013,North East Community Restoration and Development II (Supplementary)
Finland,2007,2168/7/13/75/0193,0013,36601-013,North East Community Restoration and Development II (Supplementary)
Finland,2007,2168/7/13/75/0193,0075,36601-013,North East Community Restoration and Development II (Supplementary)
Finland,2007,2168/7/13/75/0193,0193,36601-013,North East Community Restoration and Development II (Supplementary)
Korea,2007,2372/0095/2988/0337,2372,36353-013,Greater Mekong Subregion: Southern Coastal Corridor (Cambodia and Viet Nam)
Korea,2007,2372/0095/2988/0337,0095,36353-013,Greater Mekong Subregion: Southern Coastal Corridor (Cambodia and Viet Nam)
Korea,2007,2372/0095/2988/0337,2988,36353-013,Greater Mekong Subregion: Southern Coastal Corridor (Cambodia and Viet Nam)
Korea,2007,2372/0095/2988/0337,0337,36353-013,Greater Mekong Subregion: Southern Coastal Corridor (Cambodia and Viet Nam)
Norway,2007,2168/7/13/75/0193,2168,36601-013,North East Community Restoration and Development II (Supplementary)
Norway,2007,2168/7/13/75/0193,0007,36601-013,North East Community Restoration and Development II (Supplementary)
Norway,2007,2168/7/13/75/0193,0013,36601-013,North East Community Restoration and Development II (Supplementary)
Norway,2007,2168/7/13/75/0193,0075,36601-013,North East Community Restoration and Development II (Supplementary)
Norway,2007,2168/7/13/75/0193,0193,36601-013,North East Community Restoration and Development II (Supplementary)
Australia,2008,0049/50,0049,39581-012,Road Improvement (Sector) (Supplementary)
Australia,2008,0049/50,0050,39581-012,Road Improvement (Sector) (Supplementary)
EC,2008,0127/0292/0293,0127,40263-033,Domestic Maritime Support (Sector)
EC,2008,0127/0292/0293,0292,40263-033,Domestic Maritime Support (Sector)
EC,2008,0127/0292/0293,0293,40263-033,Domestic Maritime Support (Sector)
IsDB,2008,2453/2454/0253/0254,2453,40517-013,Public-Private Infrastructure Development Facility
IsDB,2008,2453/2454/0253/0254,2454,40517-013,Public-Private Infrastructure Development Facility
IsDB,2008,2453/2454/0253/0254,0253,40517-013,Public-Private Infrastructure Development Facility
IsDB,2008,2453/2454/0253/0254,0254,40517-013,Public-Private Infrastructure Development Facility
Australia,2009,0049/50,0049,39581-012,Road Improvement (Sector) (2nd Supplementary)
Australia,2009,0049/50,0050,39581-012,Road Improvement (Sector) (2nd Supplementary)
Australia,2009,0049/50,0049,39581-012,Road Improvement (Sector) (2nd Supplementary)
Australia,2009,0049/50,0050,39581-012,Road Improvement (Sector) (2nd Supplementary)
Australia,2009,2168/7/13/75/0193,2168,36601-013,North East Community Restoration and Development II (Supplementary)
Australia,2009,2168/7/13/75/0193,0007,36601-013,North East Community Restoration and Development II (Supplementary)
Australia,2009,2168/7/13/75/0193,0013,36601-013,North East Community Restoration and Development II (Supplementary)
Australia,2009,2168/7/13/75/0193,0075,36601-013,North East Community Restoration and Development II (Supplementary)
Australia,2009,2168/7/13/75/0193,0193,36601-013,North East Community Restoration and Development II (Supplementary)
Australia,2009,2288/2602/0187,2288,37269-023,Greater Mekong Subregion: Rehabilitation of the Railway in Cambodia (Supplementary)
Australia,2009,2288/2602/0187,2602,37269-023,Greater Mekong Subregion: Rehabilitation of the Railway in Cambodia (Supplementary)
Australia,2009,2288/2602/0187,0187,37269-023,Greater Mekong Subregion: Rehabilitation of the Railway in Cambodia (Supplementary)
France,2009,2552/2553/8246,2552,42051-023,Energy Efficiency Investment Program - Tranche I
France,2009,2552/2553/8246,2553,42051-023,Energy Efficiency Investment Program - Tranche I
France,2009,2552/2553/8246,8246,42051-023,Energy Efficiency Investment Program - Tranche I
Japan,2009,9135/0277/0382/0406,9135,38097-013,Establishing Women and Children Service Centers
Japan,2009,9135/0277/0382/0406,0277,38097-013,Establishing Women and Children Service Centers
Japan,2009,9135/0277/0382/0406,0382,38097-013,Establishing Women and Children Service Centers
Japan,2009,9135/0277/0382/0406,0406,38097-013,Establishing Women and Children Service Centers
MDTF-WFPF,2009,2550/0159,2550,42382-013,Liaoning Small Cities and Towns Development Demonstration Sector
MDTF-WFPF,2009,2550/0159,0159,42382-013,Liaoning Small Cities and Towns Development Demonstration Sector
MDTF-WFPF,2009,2606,2606,42383-023,Shanxi Small Cities and Towns Development Demonstration Sector
Australia,2010,2686/0226/0425,2686,44304-014,Microfinance Expansion
Australia,2010,2686/0226/0425,0226,44304-014,Microfinance Expansion
Australia,2010,2686/0226/0425,0425,44304-014,Microfinance Expansion
International Federation of Red Cross and Red Crescent Society,2010,2626/0246,2626,44065-013,Conflict-Affected Region Emergency
International Federation of Red Cross and Red Crescent Society,2010,2626/0246,0246,44065-013,Conflict-Affected Region Emergency
Korea,2010,2372/0095/2988/0337,2372,36353-013,Greater Mekong Subregion: Southern Coastal Corridor (Cambodia and Viet Nam) (Supplementary)
Korea,2010,2372/0095/2988/0337,0095,36353-013,Greater Mekong Subregion: Southern Coastal Corridor (Cambodia and Viet Nam) (Supplementary)
Korea,2010,2372/0095/2988/0337,2988,36353-013,Greater Mekong Subregion: Southern Coastal Corridor (Cambodia and Viet Nam) (Supplementary)
Korea,2010,2372/0095/2988/0337,0337,36353-013,Greater Mekong Subregion: Southern Coastal Corridor (Cambodia and Viet Nam) (Supplementary)
PRIF,2010,2718,2718,44281-013,Road Rehabilitation
World Bank,2010,2718,2718,44281-013,Road Rehabilitation
Australia,2011,2761,2761,42122-013,Third Primary Education Development
Australia,2011,2795/0263/0387,2795,43072-013,South Tarawa Sanitation Improvement Sector
Australia,2011,2795/0263/0387,0263,43072-013,South Tarawa Sanitation Improvement Sector
Australia,2011,2795/0263/0387,0387,43072-013,South Tarawa Sanitation Improvement Sector
Australia,2011,G0272/0289,0289,35174-082,School Sector Program
Canada,2011,2761,2761,42122-013,Third Primary Education Development
Denmark,2011,G0272/0289,0289,35174-082,School Sector Program
EC,2011,2761,2761,42122-013,Third Primary Education Development
EC,2011,G0272/0289,0289,35174-082,School Sector Program
EIB,2011,2741,2741,40080-013,Ha Noi Metro Rail System (Line 3: Nhon-Ha Noi Station Section)
Finland,2011,G0272/0289,0289,35174-082,School Sector Program
France,2011,2025/2747,2025,29296-013,Phuoc Hoa Water Resources (Supplementary)
France,2011,2025/2747,2747,29296-013,Phuoc Hoa Water Resources (Supplementary)
France,2011,2741,2741,40080-013,Ha Noi Metro Rail System (Line 3: Nhon-Ha Noi Station Section)
France,2011,2741,2741,40080-013,Ha Noi Metro Rail System (Line 3: Nhon-Ha Noi Station Section)
France,2011,2741,2741,40080-013,Ha Noi Metro Rail System (Line 3: Nhon-Ha Noi Station Section)
FTI,2011,G0272/0289,0289,35174-082,School Sector Program
Germany,2011,2695/0323,2695,39298-013,City Region Development
Germany,2011,2695/0323,0323,39298-013,City Region Development
IsDB,2011,2769,2769,37113-013,Power System Efficiency Improvement
IsDB,2011,2817,2817,38479-034,Regional Roads Development
Japan,2011,2453/2454/0253/0254,2453,40517-013,Public-Private Infrastructure Development Facility
Japan,2011,2453/2454/0253/0254,2454,40517-013,Public-Private Infrastructure Development Facility
Japan,2011,2453/2454/0253/0254,0253,40517-013,Public-Private Infrastructure Development Facility
Japan,2011,2453/2454/0253/0254,0254,40517-013,Public-Private Infrastructure Development Facility
Japan,2011,2756,2756,42171-013,Khulna Water Supply
Japan,2011,2761,2761,42122-013,Third Primary Education Development
Japan,2011,2785/0259/8274,2785,41509-013,Rural Primary Health Services Delivery
Japan,2011,2785/0259/8274,0259,41509-013,Rural Primary Health Services Delivery
Japan,2011,2785/0259/8274,8274,41509-013,Rural Primary Health Services Delivery
Japan,2011,9153,9153,42149-012,Institutional Support for Migrant Workers' Remittance
Japan,2011,9154,9154,44082-012,Improving Community-Based Rural Water Supply and Sanitation in Post-Conflict Areas of Jaffna and Kilinochchi
Japan,2011,9155,9155,44134-012,Advancing Economic Opportunities of Women and Girls
Japan,2011,9156,9156,44363-012, Improving Market Access for the Poor in Central Cambodia
Japan,2011,9157,9157,43103-012,Reducing Child Malnutrition through Social Protection
Japan,2011,9158,9158,44135-012," Improving Gender-Inclusive Access to Clean and Renewable Energy in Bhutan, Nepal and Sri Lanka"
Japan,2011,9159,9159,42321-012,Support for Targeted and Sustainable Development Programs for Highly Marginalized Groups
Japan,2011,9160,9160,44129-012,Developing Sustainable Alternative Livelihoods in Coastal Fishing Communities in the Coral Triangle
Korea,2011,2610,2610,39595-033,Mong Duong 1 Thermal Power ﾖ Tranche 2
Korea,2011,2826,2826,41462-013,"Comprehensive Socioeconomic Urban Development in Viet Tri, Hung Yen, and Dong Dang"
NDF,2011,2789,2789,41433-013,Transport Connections in Northern Mountainous Provinces
New Zealand,2011,2820/3249/0273/0427,2820,42392-013,Interisland Shipping Support
New Zealand,2011,2820/3249/0273/0427,3249,42392-013,Interisland Shipping Support
New Zealand,2011,2820/3249/0273/0427,0273,42392-013,Interisland Shipping Support
New Zealand,2011,2820/3249/0273/0427,0427,42392-013,Interisland Shipping Support
Norway,2011,G0272/0289,0289,35174-082,School Sector Program
OFID,2011,2217/2767/8252,2217,38357-013,National Highways Sector
OFID,2011,2217/2767/8252,2767,38357-013,National Highways Sector
OFID,2011,2217/2767/8252,8252,38357-013,National Highways Sector
OFID,2011,2796/0267/8257,2796,38426-023,Decentralized Rural Infrastructure and Livelihood (Additional Financing)
OFID,2011,2796/0267/8257,0267,38426-023,Decentralized Rural Infrastructure and Livelihood (Additional Financing)
OFID,2011,2796/0267/8257,8257,38426-023,Decentralized Rural Infrastructure and Livelihood (Additional Financing)
PRIF,2011,2718,2718,44281-013,Road Rehabilitation
SCF-PPCR,2011,2839/G0278/8254,2839,43309-013,Provincial Roads Improvement
SCF-PPCR,2011,2839/G0278/8254,8254,43309-013,Provincial Roads Improvement
Sweden,2011,2761,2761,42122-013,Third Primary Education Development
Switzerland,2011,2796/0267/8257,2796,38426-023,Decentralized Rural Infrastructure and Livelihood (Additional Financing)
Switzerland,2011,2796/0267/8257,0267,38426-023,Decentralized Rural Infrastructure and Livelihood (Additional Financing)
Switzerland,2011,2796/0267/8257,8257,38426-023,Decentralized Rural Infrastructure and Livelihood (Additional Financing)
UNICEF,2011,2761,2761,42122-013,Third Primary Education Development
UNICEF,2011,G0272/0289,0289,35174-082,School Sector Program
U.K.,2011,2761,2761,42122-013,Third Primary Education Development
U.K.,2011,9135/0277/0382/0406,9135,38097-013,Establishing Women and Children Service Centers (Supplementary)
U.K.,2011,9135/0277/0382/0406,0277,38097-013,Establishing Women and Children Service Centers (Supplementary)
U.K.,2011,9135/0277/0382/0406,0382,38097-013,Establishing Women and Children Service Centers (Supplementary)
U.K.,2011,9135/0277/0382/0406,0406,38097-013,Establishing Women and Children Service Centers (Supplementary)
U.K.,2011,G0272/0289,0289,35174-082,School Sector Program
WHO,2011,2785/0259/8274,2785,41509-013,Rural Primary Health Services Delivery
WHO,2011,2785/0259/8274,0259,41509-013,Rural Primary Health Services Delivery
WHO,2011,2785/0259/8274,8274,41509-013,Rural Primary Health Services Delivery
World Bank,2011,2718,2718,44281-013,Road Rehabilitation
World Bank,2011,2761,2761,42122-013,Third Primary Education Development
World Bank,2011,G0272/0289,0289,35174-082,School Sector Program
ADFD,2012,2949/8263,2949,40540-014,South Asia Subregional Economic Cooperation Road Connectivity
ADFD,2012,2949/8263,8263,40540-014,South Asia Subregional Economic Cooperation Road Connectivity
AITF,2012,0244/0291,0244,42095-033,Road Network Development Investment Program - Tranche 2
AITF,2012,0244/0291,0291,42095-033,Road Network Development Investment Program - Tranche 2
Australia,2012,0127/0292/0293,0127,40263-033,Domestic Maritime Support (Sector) (Supplementary)
Australia,2012,0127/0292/0293,0292,40263-033,Domestic Maritime Support (Sector) (Supplementary)
Australia,2012,0127/0292/0293,0293,40263-033,Domestic Maritime Support (Sector) (Supplementary)
Australia,2012,2288/2602/0187,2288,37269-023,Greater Mekong Subregion: Rehabilitation of the Railway in Cambodia (2nd Supplementary)
Australia,2012,2288/2602/0187,2602,37269-023,Greater Mekong Subregion: Rehabilitation of the Railway in Cambodia (2nd Supplementary)
Australia,2012,2288/2602/0187,0187,37269-023,Greater Mekong Subregion: Rehabilitation of the Railway in Cambodia (2nd Supplementary)
Australia,2012,2852/3125/0285,2852,46009-003,Flood Damage Emergency Reconstruction
Australia,2012,2852/3125/0285,3125,46009-003,Flood Damage Emergency Reconstruction
Australia,2012,2852/3125/0285,0285,46009-003,Flood Damage Emergency Reconstruction
Australia,2012,G0272/0289,0289,35174-082,School Sector Program (Supplementary)
"Australia,Australia",2012,0049/50,0049,39581-012,Road Improvement (Sector) (3rd Supplementary)
"Australia,Australia",2012,0049/50,0050,39581-012,Road Improvement (Sector) (3rd Supplementary)
CEF-CEFPF,2012,0303/2892/2893,0303,43576-013,Clean Energy and Network Efficiency Improvement
CEF-CEFPF,2012,0303/2892/2893,2892,43576-013,Clean Energy and Network Efficiency Improvement
CEF-CEFPF,2012,0303/2892/2893,2893,43576-013,Clean Energy and Network Efficiency Improvement
CTF,2012,2964/0326/8261,2964,43207-013,Market Transformation through Introduction of Energy-Efficient Electric Vehicles
CTF,2012,2964/0326/8261,0326,43207-013,Market Transformation through Introduction of Energy-Efficient Electric Vehicles
CTF,2012,2964/0326/8261,8261,43207-013,Market Transformation through Introduction of Energy-Efficient Electric Vehicles
CTF,2012,2964/0326/8261,2964,43207-013,Market Transformation through Introduction of Energy-Efficient Electric Vehicles
CTF,2012,2964/0326/8261,0326,43207-013,Market Transformation through Introduction of Energy-Efficient Electric Vehicles
CTF,2012,2964/0326/8261,8261,43207-013,Market Transformation through Introduction of Energy-Efficient Electric Vehicles
EBRD,2012,2916,2916,46145-001,CAREC Corridor 3 (Shymkent-Tashkent Section) [Link to the Western Europe-Western People's Republic of China International Transit Corridor] Road Improvement
EIB,2012,2956,2956,39500-033,Ho Chi Minh City Urban Mass Rapid Transit Line 2 Investment Program - Tranche 2
EIB,2012,2966/0320,2966,42378-015,Power System Expansion and Efficiency Improvement Investment Program - Tranche 1
EIB,2012,2966/0320,0320,42378-015,Power System Expansion and Efficiency Improvement Investment Program - Tranche 1
EIB,2012,2966/0320,2966,42378-015,Power System Expansion and Efficiency Improvement Investment Program - Tranche 1
EIB,2012,2966/0320,0320,42378-015,Power System Expansion and Efficiency Improvement Investment Program - Tranche 1
France,2012,2862-64/0287/8270,0287,42169-013,Greater Dhaka Sustainable Urban Transport
France,2012,2862-64/0287/8270,8270,42169-013,Greater Dhaka Sustainable Urban Transport
France,2012,2959,2959,42039-035,Power Transmission Investment Program - Tranche 2
GAFSP,2012,2455/0116/0302,2455,42186-014,Emergency Food Assistance - Additional Financing
GAFSP,2012,2455/0116/0302,0116,42186-014,Emergency Food Assistance - Additional Financing
GAFSP,2012,2455/0116/0302,0302,42186-014,Emergency Food Assistance - Additional Financing
GEF,2012,2838/0311,2838,40685-023,Jiangsu Yancheng Wetlands Protection - Additional Financing
GEF,2012,2838/0311,0311,40685-023,Jiangsu Yancheng Wetlands Protection - Additional Financing
GEF,2012,2862-64/0287/8270,0287,42169-013,Greater Dhaka Sustainable Urban Transport
GEF,2012,2862-64/0287/8270,8270,42169-013,Greater Dhaka Sustainable Urban Transport
GEF,2012,2934/2935/0315,2934,39256-024,Urban Transport Development Investment Program - Tranche 1
GEF,2012,2934/2935/0315,2935,39256-024,Urban Transport Development Investment Program - Tranche 1
GEF,2012,2934/2935/0315,0315,39256-024,Urban Transport Development Investment Program - Tranche 1
GEF,2012,2957/0324-0325/8266,2957,41220-013,Integrated Natural Resources and Environmental Management
GEF,2012,2957/0324-0325/8266,8266,41220-013,Integrated Natural Resources and Environmental Management
GEF,2012,2980/0331,2980,44037-014,Shaanxi Weinan Luyang Integrated Saline Land Management
GEF,2012,2980/0331,0331,44037-014,Shaanxi Weinan Luyang Integrated Saline Land Management
Germany,2012,2913/0310/8258,2913,45084-002,Coastal Climate-Resilient Infrastructure
Germany,2012,2913/0310/8258,0310,45084-002,Coastal Climate-Resilient Infrastructure
Germany,2012,2913/0310/8258,8258,45084-002,Coastal Climate-Resilient Infrastructure
Germany,2012,2914,2914,41627-053,Himachal Pradesh Clean Energy Development Investment Program - Tranche 4
Germany,2012,2956,2956,39500-033,Ho Chi Minh City Urban Mass Rapid Transit Line 2 Investment Program - Tranche 2
IFAD,2012,2913/0310/8258,2913,45084-002,Coastal Climate-Resilient Infrastructure
IFAD,2012,2913/0310/8258,0310,45084-002,Coastal Climate-Resilient Infrastructure
IFAD,2012,2913/0310/8258,8258,45084-002,Coastal Climate-Resilient Infrastructure
IFAD,2012,2913/0310/8258,2913,45084-002,Coastal Climate-Resilient Infrastructure
IFAD,2012,2913/0310/8258,0310,45084-002,Coastal Climate-Resilient Infrastructure
IFAD,2012,2913/0310/8258,8258,45084-002,Coastal Climate-Resilient Infrastructure
IFAD,2012,2957/0324-0325/8266,2957,41220-013,Integrated Natural Resources and Environmental Management
IFAD,2012,2957/0324-0325/8266,8266,41220-013,Integrated Natural Resources and Environmental Management
IsDB,2012,2867/0290,2867,43566-013,"Inclusive Micro, Small, and Medium-sized Enterprise Development"
IsDB,2012,2867/0290,0290,43566-013,"Inclusive Micro, Small, and Medium-sized Enterprise Development"
IsDB,2012,2966/0320,2966,42378-015,Power System Expansion and Efficiency Improvement Investment Program - Tranche 1
IsDB,2012,2966/0320,0320,42378-015,Power System Expansion and Efficiency Improvement Investment Program - Tranche 1
Japan,2012,2857/2858,2857,45094-001,Road Network Upgrading
Japan,2012,2857/2858,2858,45094-001,Road Network Upgrading
Japan,2012,2872,2872,43396-013,Increasing Competitiveness for Inclusive Growth Program - Subprogram 1
Japan,2012,9161,9161,45127-001,Enhancing Access to Quality Early Childhood Education Services for Children in Poor Communities
Japan,2012,9162,9162,45320-001,Promoting Partnerships and Innovation in Poor and Underserved Communities
Japan,2012,9163/0288,9163,41504-024,Improved Energy Access for Rural Communities
Japan,2012,9163/0288,0288,41504-024,Improved Energy Access for Rural Communities
Japan,2012,9164,9164,45145-001,Establishment of Climate-Resilient Rural Livelihoods
Japan,2012,9165,9165,36222-013,Community-Based Irrigation Rehabilitation and Development
Japan,2012,9166,9166,45520-001,Community Sanitation
Japan,2012,9167,9167,45259-001,Enhanced Agricultural Value Chains for Sustainable Livelihoods
Japan,2012,9168,9168,43069-012,Livelihood Improvement for River Erosion Victims in Assam
Japan,2012,9169,9169,44359-012,Agribusiness Development Assistance for Smallholders in Mindanao
New Zealand,2012,0049/50,0049,39581-012,Road Improvement (Sector) (3rd Supplementary)
New Zealand,2012,0049/50,0050,39581-012,Road Improvement (Sector) (3rd Supplementary)
New Zealand,2012,0127/0292/0293,0127,40263-033,Domestic Maritime Support (Sector) (Supplementary)
New Zealand,2012,0127/0292/0293,0292,40263-033,Domestic Maritime Support (Sector) (Supplementary)
New Zealand,2012,0127/0292/0293,0293,40263-033,Domestic Maritime Support (Sector) (Supplementary)
New Zealand,2012,9163/0288,9163,41504-024,Improved Energy Access for Rural Communities
New Zealand,2012,9163/0288,0288,41504-024,Improved Energy Access for Rural Communities
OFID,2012,0301/8259,0301,45432-002,Central Asia Regional Economic Cooperation Corridor 6 (Ayni-Uzbekistan Border Road) Improvement
OFID,2012,0301/8259,8259,45432-002,Central Asia Regional Economic Cooperation Corridor 6 (Ayni-Uzbekistan Border Road) Improvement
OFID,2012,2949/8263,2949,40540-014,South Asia Subregional Economic Cooperation Road Connectivity
OFID,2012,2949/8263,8263,40540-014,South Asia Subregional Economic Cooperation Road Connectivity
OFID,2012,2979/8264/0468,2979,42361-014,Medium-Voltage Sub-Transmission Expansion Sector
OFID,2012,2979/8264/0468,8264,42361-014,Medium-Voltage Sub-Transmission Expansion Sector
OFID,2012,2979/8264/0468,0468,42361-014,Medium-Voltage Sub-Transmission Expansion Sector
P.R.C.,2012,2962,2962,43031-013,Hunan Xiangjiang Inland Waterway Transport
SCF-PPCR,2012,2913/0310/8258,2913,45084-002,Coastal Climate-Resilient Infrastructure
SCF-PPCR,2012,2913/0310/8258,0310,45084-002,Coastal Climate-Resilient Infrastructure
SCF-PPCR,2012,2913/0310/8258,8258,45084-002,Coastal Climate-Resilient Infrastructure
SCF-PPCR,2012,2913/0310/8258,2913,45084-002,Coastal Climate-Resilient Infrastructure
SCF-PPCR,2012,2913/0310/8258,0310,45084-002,Coastal Climate-Resilient Infrastructure
SCF-PPCR,2012,2913/0310/8258,8258,45084-002,Coastal Climate-Resilient Infrastructure
SCF-PPCR,2012,2970/0330/8262,2970,40190-013,Greater Mekong Subregion Flood and Drought Risk Management and Mitigation
SCF-PPCR,2012,2970/0330/8262,0330,40190-013,Greater Mekong Subregion Flood and Drought Risk Management and Mitigation
SCF-PPCR,2012,2970/0330/8262,8262,40190-013,Greater Mekong Subregion Flood and Drought Risk Management and Mitigation
SCF-PPCR,2012,2970/0330/8262,2970,40190-013,Greater Mekong Subregion Flood and Drought Risk Management and Mitigation
SCF-PPCR,2012,2970/0330/8262,0330,40190-013,Greater Mekong Subregion Flood and Drought Risk Management and Mitigation
SCF-PPCR,2012,2970/0330/8262,8262,40190-013,Greater Mekong Subregion Flood and Drought Risk Management and Mitigation
SCF-PPCR,2012,2983/0334/0335/8265,2983,43319-033,Greater Mekong Subregion Southern Economic Corridor Towns Development
SCF-PPCR,2012,2983/0334/0335/8265,0334,43319-033,Greater Mekong Subregion Southern Economic Corridor Towns Development
SCF-PPCR,2012,2983/0334/0335/8265,0335,43319-033,Greater Mekong Subregion Southern Economic Corridor Towns Development
SCF-PPCR,2012,2983/0334/0335/8265,8265,43319-033,Greater Mekong Subregion Southern Economic Corridor Towns Development
SCF-PPCR,2012,2983/0334/0335/8265,2983,43319-033,Greater Mekong Subregion Southern Economic Corridor Towns Development
SCF-PPCR,2012,2983/0334/0335/8265,0334,43319-033,Greater Mekong Subregion Southern Economic Corridor Towns Development
SCF-PPCR,2012,2983/0334/0335/8265,0335,43319-033,Greater Mekong Subregion Southern Economic Corridor Towns Development
SCF-PPCR,2012,2983/0334/0335/8265,8265,43319-033,Greater Mekong Subregion Southern Economic Corridor Towns Development
Sweden,2012,2695/0323,2695,39298-013,City Region Development - Additional Financing
Sweden,2012,2695/0323,0323,39298-013,City Region Development - Additional Financing
Sweden,2012,2878/0298,2878,42177-013,Urban Primary Health Care Services Delivery
Sweden,2012,2878/0298,0298,42177-013,Urban Primary Health Care Services Delivery
UFPF-UEIF,2012,2931/G0313-0314,2931,43319-022,Greater Mekong Subregion East-West Economic Corridor Towns Development
UFPF-UEIF,2012,2969/0329,2969,43319-043,Greater Mekong Subregion Corridor Towns Development
UFPF-UEIF,2012,2969/0329,0329,43319-043,Greater Mekong Subregion Corridor Towns Development
UFPF-UEIF,2012,2983/0334/0335/8265,2983,43319-033,Greater Mekong Subregion Southern Economic Corridor Towns Development
UFPF-UEIF,2012,2983/0334/0335/8265,0334,43319-033,Greater Mekong Subregion Southern Economic Corridor Towns Development
UFPF-UEIF,2012,2983/0334/0335/8265,0335,43319-033,Greater Mekong Subregion Southern Economic Corridor Towns Development
UFPF-UEIF,2012,2983/0334/0335/8265,8265,43319-033,Greater Mekong Subregion Southern Economic Corridor Towns Development
U.K.,2012,0305-0306/0368,0368,36172-063,Strengthening Public Management Program
WHO,2012,2963,2963,45009-002,Fifth Health Sector Development
World Bank,2012,2942,2942,46093-001,Inclusive Growth through Improved Connectivity Program - Subprogram 1
ADFD,2013,2990/2991,2990,43281-013,Tanahu Hydropower
ADFD,2013,2990/2991,2991,43281-013,Tanahu Hydropower
AIF,2013,3083/8276,3083,42362-013,Java-Bali 500-Kilovolt Power Transmission Crossing
AIF,2013,3083/8276,8276,42362-013,Java-Bali 500-Kilovolt Power Transmission Crossing
AITF,2013,0374/0375,0374,46392-001,North-South Power Transmission Enhancement
AITF,2013,0374/0375,0375,46392-001,North-South Power Transmission Enhancement
Australia,2013,336,0336,45303-001,Rural Energy
Australia,2013,0347/0348/0444/0445/0446,0347,43452-023,Outer Island Renewable Energy
Australia,2013,0347/0348/0444/0445/0446,0348,43452-023,Outer Island Renewable Energy
Australia,2013,0347/0348/0444/0445/0446,0444,43452-023,Outer Island Renewable Energy
Australia,2013,0347/0348/0444/0445/0446,0445,43452-023,Outer Island Renewable Energy
Australia,2013,0347/0348/0444/0445/0446,0446,43452-023,Outer Island Renewable Energy
Australia,2013,2372/0095/2988/0337,2372,36353-013,Greater Mekong Subregion: Southern Coastal Corridor - Additional Financing
Australia,2013,2372/0095/2988/0337,0095,36353-013,Greater Mekong Subregion: Southern Coastal Corridor - Additional Financing
Australia,2013,2372/0095/2988/0337,2988,36353-013,Greater Mekong Subregion: Southern Coastal Corridor - Additional Financing
Australia,2013,2372/0095/2988/0337,0337,36353-013,Greater Mekong Subregion: Southern Coastal Corridor - Additional Financing
Australia,2013,3013/0353,3013,40255-033,Central Mekong Delta Region Connectivity 
Australia,2013,3013/0353,0353,40255-033,Central Mekong Delta Region Connectivity 
Canada,2013,2928/0343,2928,42099-013,Polytechnic Education Development
Canada,2013,2928/0343,0343,42099-013,Polytechnic Education Development
CEF-CEFPF,2013,0370/0371/0373,0370,46044-002,Renewable Energy Development and Power Sector Rehabilitation
CEF-CEFPF,2013,0370/0371/0373,0371,46044-002,Renewable Energy Development and Power Sector Rehabilitation
CEF-CEFPF,2013,0370/0371/0373,0373,46044-002,Renewable Energy Development and Power Sector Rehabilitation
CEF-CEFPF,2013,3015/0354/8272,3015,41074-013, West Kalimantan Power Grid Strengthening
CEF-CEFPF,2013,3015/0354/8272,0354,41074-013, West Kalimantan Power Grid Strengthening
CEF-CEFPF,2013,3015/0354/8272,8272,41074-013, West Kalimantan Power Grid Strengthening
CTF,2013,3052/8275,3052,45224-003,Rajasthan Renewable Energy Transmission Investment Program - Tranche 1
CTF,2013,3052/8275,8275,45224-003,Rajasthan Renewable Energy Transmission Investment Program - Tranche 1
EDB,2013,3056/0366,3056,45169-001,"Central Asia Regional Economic Cooperation Corridor 3 (Bishkek-Osh Road) Improvement, Phase 4"
EDB,2013,3056/0366,0366,45169-001,"Central Asia Regional Economic Cooperation Corridor 3 (Bishkek-Osh Road) Improvement, Phase 4"
EIB,2013,2990/2991,2990,43281-013,Tanahu Hydropower
EIB,2013,2990/2991,2991,43281-013,Tanahu Hydropower
EIB,2013,2993,2993,42145-043,North-South Road Corridor Investment ProgramﾗTranche 3
EIB,2013,3051/8292,3051,42173-013,Dhaka Environmentally Sustainable Water Supply
EIB,2013,3051/8292,8292,42173-013,Dhaka Environmentally Sustainable Water Supply
EIB,2013,3098/3099/0380,3098,45007-004,Ulaanbaatar Urban Services and Ger Areas Development Investment Program ﾗ Tranche 1
EIB,2013,3098/3099/0380,3099,45007-004,Ulaanbaatar Urban Services and Ger Areas Development Investment Program ﾗ Tranche 1
EIB,2013,3098/3099/0380,0380,45007-004,Ulaanbaatar Urban Services and Ger Areas Development Investment Program ﾗ Tranche 1
France,2013,2920/8273,2920,44507-003,Public-Private Partnership Support - Additional Cofinancing
France,2013,2920/8273,8273,44507-003,Public-Private Partnership Support - Additional Cofinancing
France,2013,3015/0354/8272,3015,41074-013, West Kalimantan Power Grid Strengthening
France,2013,3015/0354/8272,0354,41074-013, West Kalimantan Power Grid Strengthening
France,2013,3015/0354/8272,8272,41074-013, West Kalimantan Power Grid Strengthening
France,2013,3051/8292,3051,42173-013,Dhaka Environmentally Sustainable Water Supply
France,2013,3051/8292,8292,42173-013,Dhaka Environmentally Sustainable Water Supply
France,2013,3068,3068,46093-004,"Inclusive Growth through Improved Connectivity Program, Subprogram 2"
France,2013,3087,3087,42378-016,Power System Expansion and Efficiency Improvement Investment Plan - Tranche 2
GAFSP,2013,3006/3007/0349/0350/8271,3006,44321-013,Climate-Resilient Rice Commercialization Sector Development Program
GAFSP,2013,3006/3007/0349/0350/8271,3007,44321-013,Climate-Resilient Rice Commercialization Sector Development Program
GAFSP,2013,3006/3007/0349/0350/8271,0349,44321-013,Climate-Resilient Rice Commercialization Sector Development Program
GAFSP,2013,3006/3007/0349/0350/8271,0350,44321-013,Climate-Resilient Rice Commercialization Sector Development Program
GAFSP,2013,3006/3007/0349/0350/8271,8271,44321-013,Climate-Resilient Rice Commercialization Sector Development Program
GEF,2013,2835/0364,2835,44012-013,Hebei Energy Efficiency Improvement and Emission Reduction - Additional Financing
GEF,2013,2835/0364,0364,44012-013,Hebei Energy Efficiency Improvement and Emission Reduction - Additional Financing
GEF,2013,3094/0379,3094,46421-001,Coral Reef Rehabilitation and Management Program-Coral Triangle Initiative
GEF,2013,3094/0379,0379,46421-001,Coral Reef Rehabilitation and Management Program-Coral Triangle Initiative
IsDB,2013,3087,3087,42378-016,Power System Expansion and Efficiency Improvement Investment Plan - Tranche 2
IsDB,2013,3090/3091/3092,3090,47094-001,Jamshoro Power Generation
IsDB,2013,3090/3091/3092,3091,47094-001,Jamshoro Power Generation
IsDB,2013,3090/3091/3092,3092,47094-001,Jamshoro Power Generation
Japan,2013,365,0365,46265-001,Energy Efficiency for Ho Chi Minh City Water Supply
Japan,2013,2730,2730,41414-043,Greater Mekong Subregion Ben Luc-Long Thanh Expressway - Tranche 1
Japan,2013,2990/2991,2990,43281-013,Tanahu Hydropower
Japan,2013,2990/2991,2991,43281-013,Tanahu Hydropower
Japan,2013,3025/3026,3025,44458-013,Amu Bukhara Irrigation System Rehabilitation
Japan,2013,3025/3026,3026,44458-013,Amu Bukhara Irrigation System Rehabilitation
Japan,2013,3045/3046,3045,42180-013,Second Public-Private Infrastructure Development Facility
Japan,2013,3045/3046,3046,42180-013,Second Public-Private Infrastructure Development Facility
Japan,2013,3068,3068,46093-004,"Inclusive Growth through Improved Connectivity Program, Subprogram 2"
Japan,2013,9170,9170,46010-001,Women's Entrepreneurship Development
Japan,2013,9171,9171,46077-001,Improved Maternal and Child Health through Connectivity
Japan,2013,9172,9172,46284-001,Pilot Project on Weather Index-Based Crop Insurance
Japan,2013,9173,9173,46074-001,Greater Mekong Subregion: Livelihood Support for Corridor Towns
Japan,2013,9174,9174,47311-001,Enhancing Rural Livelihoods and Incomes
Japan,2013,9175,9175,47338-001,Emergency Assistance and Early Recovery for Poor Municipalities Affected by Typhoon Yolanda 
Japan,2013,9176,9176,46490-001,Greater Mekong Subregion (GMS) Capacity Building for HIV/AIDs Prevention
Korea,2013,3013/0353,3013,40255-033,Central Mekong Delta Region Connectivity 
Korea,2013,3013/0353,0353,40255-033,Central Mekong Delta Region Connectivity 
Korea,2013,3047,3047,44213-016,Secondary Education Sector Investment Program - Tranche 1 (Supplementary)
NDF,2013,0357/0358,0357,44214-024,Building Climate Resilience of Watersheds in Mountain Eco-Regions
NDF,2013,0357/0358,0358,44214-024,Building Climate Resilience of Watersheds in Mountain Eco-Regions
Neighbourhood Investment Facility,2013,2993,2993,42145-043,North-South Road Corridor Investment ProgramﾗTranche 3
OFID,2013,3000/0342/8269,3000,43524-014,Kathmandu Valley Wastewater Management
OFID,2013,3000/0342/8269,0342,43524-014,Kathmandu Valley Wastewater Management
OFID,2013,3000/0342/8269,8269,43524-014,Kathmandu Valley Wastewater Management
Phu Bia Mining Limited,2013,3041/0363,3041,45301-002,Water Supply and Sanitation Sector
Phu Bia Mining Limited,2013,3041/0363,0363,45301-002,Water Supply and Sanitation Sector
P.R.C.,2013,3075,3075,46058-002,Qinghai Delingha Concentrated Solar Thermal Power
SCF-PPCR,2013,352,0352,45354-002,Building Climate Resilience in the Pyanj River Basin
SCF-PPCR,2013,0357/0358,0357,44214-024,Building Climate Resilience of Watersheds in Mountain Eco-Regions
SCF-PPCR,2013,0357/0358,0358,44214-024,Building Climate Resilience of Watersheds in Mountain Eco-Regions
SCF-PPCR,2013,378,0378,46351-002,Climate Resilience Sector
SCF-PPCR,2013,3006/3007/0349/0350/8271,3006,44321-013,Climate-Resilient Rice Commercialization Sector Development Program
SCF-PPCR,2013,3006/3007/0349/0350/8271,3007,44321-013,Climate-Resilient Rice Commercialization Sector Development Program
SCF-PPCR,2013,3006/3007/0349/0350/8271,0349,44321-013,Climate-Resilient Rice Commercialization Sector Development Program
SCF-PPCR,2013,3006/3007/0349/0350/8271,0350,44321-013,Climate-Resilient Rice Commercialization Sector Development Program
SCF-PPCR,2013,3006/3007/0349/0350/8271,8271,44321-013,Climate-Resilient Rice Commercialization Sector Development Program
SCF-PPCR,2013,3006/3007/0349/0350/8271,3006,44321-013,Climate-Resilient Rice Commercialization Sector Development Program
SCF-PPCR,2013,3006/3007/0349/0350/8271,3007,44321-013,Climate-Resilient Rice Commercialization Sector Development Program
SCF-PPCR,2013,3006/3007/0349/0350/8271,0349,44321-013,Climate-Resilient Rice Commercialization Sector Development Program
SCF-PPCR,2013,3006/3007/0349/0350/8271,0350,44321-013,Climate-Resilient Rice Commercialization Sector Development Program
SCF-PPCR,2013,3006/3007/0349/0350/8271,8271,44321-013,Climate-Resilient Rice Commercialization Sector Development Program
UFPF-UEIF,2013,3098/3099/0380,3098,45007-004,Ulaanbaatar Urban Services and Ger Areas Development Investment Program ﾗ Tranche 1
UFPF-UEIF,2013,3098/3099/0380,3099,45007-004,Ulaanbaatar Urban Services and Ger Areas Development Investment Program ﾗ Tranche 1
UFPF-UEIF,2013,3098/3099/0380,0380,45007-004,Ulaanbaatar Urban Services and Ger Areas Development Investment Program ﾗ Tranche 1
World Bank,2013,3008/3009,3008,39293-037,Education Sector Development Program
World Bank,2013,3008/3009,3009,39293-037,Education Sector Development Program
World Bank,2013,3045/3046,3045,42180-013,Second Public-Private Infrastructure Development Facility
World Bank,2013,3045/3046,3046,42180-013,Second Public-Private Infrastructure Development Facility
World Bank,2013,3047,3047,44213-016,Secondary Education Sector Investment Program - Tranche 1
World Bank,2013,3068,3068,46093-004,"Inclusive Growth through Improved Connectivity Program, Subprogram 2"
"France,AFD",2014,3146/3147/0084/8290,3146,47037-004,Green Power Development and Energy Efficiency Improvement Investment Program ﾖ Tranche 1
"France,AFD",2014,3146/3147/0084/8290,3147,47037-004,Green Power Development and Energy Efficiency Improvement Investment Program ﾖ Tranche 1
"France,AFD",2014,3146/3147/0084/8290,0084,47037-004,Green Power Development and Energy Efficiency Improvement Investment Program ﾖ Tranche 1
"France,AFD",2014,3146/3147/0084/8290,8290,47037-004,Green Power Development and Energy Efficiency Improvement Investment Program ﾖ Tranche 1
AIF,2014,3161/8286,3161,46391-001,Ha Noi and Ho Chi Minh City Power Grid Development Sector
AIF,2014,3161/8286,8286,46391-001,Ha Noi and Ho Chi Minh City Power Grid Development Sector
AITF,2014,0411/0412,0411,48326-001,Northern Flood-Damaged Infrastructure Emergency Rehabilitation
AITF,2014,0411/0412,0412,48326-001,Northern Flood-Damaged Infrastructure Emergency Rehabilitation
"Australia,Australia",2014,2852/3125/0285,2852,46009-003,Flood Damage Emergency Reconstruction ﾖ Additional Financing
"Australia,Australia",2014,2852/3125/0285,3125,46009-003,Flood Damage Emergency Reconstruction ﾖ Additional Financing
"Australia,Australia",2014,2852/3125/0285,0285,46009-003,Flood Damage Emergency Reconstruction ﾖ Additional Financing
"Australia,Australia",2014,3151/401/402/466/467/8299/8300,3151,42334-014,Rural Roads Improvement II
"Australia,Australia",2014,3151/401/402/466/467/8299/8300,0401,42334-014,Rural Roads Improvement II
"Australia,Australia",2014,3151/401/402/466/467/8299/8300,0402,42334-014,Rural Roads Improvement II
"Australia,Australia",2014,3151/401/402/466/467/8299/8300,0466,42334-014,Rural Roads Improvement II
"Australia,Australia",2014,3151/401/402/466/467/8299/8300,0467,42334-014,Rural Roads Improvement II
"Australia,Australia",2014,3151/401/402/466/467/8299/8300,8299,42334-014,Rural Roads Improvement II
"Australia,Australia",2014,3151/401/402/466/467/8299/8300,8300,42334-014,Rural Roads Improvement II
Canada,2014,3130/7407/8281,3130,47919-014,Adjaristsqali Hydropower
Canada,2014,3130/7407/8281,7407,47919-014,Adjaristsqali Hydropower
Canada,2014,3130/7407/8281,8281,47919-014,Adjaristsqali Hydropower
CEF-CEFPF,2014,2517/0384,2517,42182-013,Renewable Energy Development and Network Expansion and Rehabilitation for Remote Communes Sector ﾖ Additional Financing
CEF-CEFPF,2014,2517/0384,0384,42182-013,Renewable Energy Development and Network Expansion and Rehabilitation for Remote Communes Sector ﾖ Additional Financing
CTF,2014,3113/8279,3113,45200-002,Sustainable Urban Transport for Ho Chi Minh City Mass Rapid Transit Line 2
CTF,2014,3113/8279,8279,45200-002,Sustainable Urban Transport for Ho Chi Minh City Mass Rapid Transit Line 2
CTF,2014,3219/7435/8289,3219,48233-001,Subyai Wind Power
CTF,2014,3219/7435/8289,7435,48233-001,Subyai Wind Power
CTF,2014,3219/7435/8289,8289,48233-001,Subyai Wind Power
CTF,2014,3235/8291,3235,40080-024,Strengthening Sustainable Urban Transport for Ha Noi Metro Line 3
CTF,2014,3235/8291,8291,40080-024,Strengthening Sustainable Urban Transport for Ha Noi Metro Line 3
CTF,2014,7409/8283,7409,47937-001,Rantau Dedap Geothermal Development (Phase 1)
CTF,2014,7409/8283,8283,47937-001,Rantau Dedap Geothermal Development (Phase 1)
EBRD,2014,3150,3150,46416-002,Power Transmission Rehabilitation
EBRD,2014,3150,3150,46416-002,Power Transmission Rehabilitation
EC,2014,0414/0424/0443,0414,46455-004,Electricity Supply Security and Sustainability
EC,2014,0414/0424/0443,0424,46455-004,Electricity Supply Security and Sustainability
EC,2014,0414/0424/0443,0443,46455-004,Electricity Supply Security and Sustainability
EC,2014,0422/0423,0422,44482-025,Transport Network Development Investment Program ﾖ Tranche 4
EC,2014,0422/0423,0423,44482-025,Transport Network Development Investment Program ﾖ Tranche 4
EC,2014,3193/0415,3193,46453-002,Renewable Energy Sector
EC,2014,3193/0415,0415,46453-002,Renewable Energy Sector
EDB,2014,3212/0419,3212,46348-003,Toktogul Rehabilitation Phase 2
EDB,2014,3212/0419,0419,46348-003,Toktogul Rehabilitation Phase 2
EIB,2014,0409/0410/0429,0409,46122-003,Preparing Outer Islands for Sustainable Energy Development
EIB,2014,0409/0410/0429,0410,46122-003,Preparing Outer Islands for Sustainable Energy Development
EIB,2014,0409/0410/0429,0429,46122-003,Preparing Outer Islands for Sustainable Energy Development
EIB,2014,2966/0320,2966,42378-015,Power System Expansion and Efficiency Improvement Investment Program ﾖ Tranche 1 (Supplementary)
EIB,2014,2966/0320,0320,42378-015,Power System Expansion and Efficiency Improvement Investment Program ﾖ Tranche 1 (Supplementary)
EIB,2014,2990/2991,2990,43281-013,Tanahu Hydropower
EIB,2014,2990/2991,2991,43281-013,Tanahu Hydropower
EIB,2014,3139/0397/0398,3139,44219-014,South Asia  Subregional Economic Cooperation Power System Expansion
EIB,2014,3139/0397/0398,0397,44219-014,South Asia  Subregional Economic Cooperation Power System Expansion
EIB,2014,3139/0397/0398,0398,44219-014,South Asia  Subregional Economic Cooperation Power System Expansion
EIB,2014,3169/3170,3169,46168-001,South Asia Subregional Economic Cooperation Railway Connectivity: Akhaura-Laksam Double Track
EIB,2014,3169/3170,3170,46168-001,South Asia Subregional Economic Cooperation Railway Connectivity: Akhaura-Laksam Double Track
EIB,2014,3186,3186,46268-002,Clean Energy Finance Investment Program ﾖ Tranche 1 
France,2014,3029/3030/8282,3029,45148-007,Greater Colombo Water and Wastewater Management Improvement Investment Program ﾖ Tranche 2
France,2014,3029/3030/8282,3030,45148-007,Greater Colombo Water and Wastewater Management Improvement Investment Program ﾖ Tranche 2
France,2014,3029/3030/8282,8282,45148-007,Greater Colombo Water and Wastewater Management Improvement Investment Program ﾖ Tranche 2
France,2014,3111,3111,44253-013,Local Government Finance and Fiscal Decentralization Reform Program ﾖ  Subprogram 1
"France,AFD",2014,3146/3147/0084/8290,3146,47037-004,Green Power Development and Energy Efficiency Improvement Investment Program ﾖ Tranche 1
"France,AFD",2014,3146/3147/0084/8290,3147,47037-004,Green Power Development and Energy Efficiency Improvement Investment Program ﾖ Tranche 1
"France,AFD",2014,3146/3147/0084/8290,0084,47037-004,Green Power Development and Energy Efficiency Improvement Investment Program ﾖ Tranche 1
"France,AFD",2014,3146/3147/0084/8290,8290,47037-004,Green Power Development and Energy Efficiency Improvement Investment Program ﾖ Tranche 1
GDCF,2014,9135/0277/0382/0406,9135,38097-013,Establishing Women and Children Service Centers ﾖ Additional Financing
GDCF,2014,9135/0277/0382/0406,0277,38097-013,Establishing Women and Children Service Centers ﾖ Additional Financing
GDCF,2014,9135/0277/0382/0406,0382,38097-013,Establishing Women and Children Service Centers ﾖ Additional Financing
GDCF,2014,9135/0277/0382/0406,0406,38097-013,Establishing Women and Children Service Centers ﾖ Additional Financing
GEF,2014,2915/0388,2915,44007-013,Jiangxi Fuzhou Urban Integrated Infrastructure Improvement ﾖ Additional Financing
GEF,2014,2915/0388,0388,44007-013,Jiangxi Fuzhou Urban Integrated Infrastructure Improvement ﾖ Additional Financing
GEF,2014,3216/0420,3216,45022-002,Jiangxi Ji'an Sustainable Urban Transport
GEF,2014,3216/0420,0420,45022-002,Jiangxi Ji'an Sustainable Urban Transport
Germany,2014,3164,3164,48134-001,Stepping Up Investments for Growth Acceleration Program ﾖ Subprogram 1
"Germany,Germany",2014,3119/3120,3119,42251-018,Skills Sector Enhancement Program
"Germany,Germany",2014,3119/3120,3120,42251-018,Skills Sector Enhancement Program
IFAD,2014,3198,3198,47300-002,Northern Smallholder Livestock Commercialization
IFAD,2014,3198,3198,47300-002,Northern Smallholder Livestock Commercialization
IsDB,2014,0409/0410/0429,0409,46122-003,Preparing Outer Islands for Sustainable Energy Development
IsDB,2014,0409/0410/0429,0410,46122-003,Preparing Outer Islands for Sustainable Energy Development
IsDB,2014,0409/0410/0429,0429,46122-003,Preparing Outer Islands for Sustainable Energy Development
IsDB,2014,3090/3091/3092,3090,47094-001,Jamshoro Power Generation (Supplementary)
IsDB,2014,3090/3091/3092,3091,47094-001,Jamshoro Power Generation (Supplementary)
IsDB,2014,3090/3091/3092,3092,47094-001,Jamshoro Power Generation (Supplementary)
Japan,2014,3117/0383,3117,39399-034,South Asia Tourism Infrastructure Development ﾖ Additional Financing
Japan,2014,3117/0383,0383,39399-034,South Asia Tourism Infrastructure Development ﾖ Additional Financing
Japan,2014,9177,9177,47187-001,Pro-Poor Community Infrastructure and Basic Services
"Japan,JFPR",2014,9178,9178,46009-002,Community-Based Disaster Risk Reduction
"Japan,JFPR",2014,9179,9179,46270-002,Community-Based Flood Risk Management and Disaster Response in the Chao Phraya Basin
"Japan,JICA",2014,3126,3126,47015-001,Sustainable Energy Sector Reform Program ﾖ Subprogram 1 (additional)
"Japan,JICA",2014,3227/3228,3227,47293-001,Improving Competitiveness Program
"Japan,JICA",2014,3227/3228,3228,47293-001,Improving Competitiveness Program
"Japan,JFPR",2014,9178,9178,46009-002,Community-Based Disaster Risk Reduction
"Japan,JFPR",2014,9179,9179,46270-002,Community-Based Flood Risk Management and Disaster Response in the Chao Phraya Basin
"Japan,JICA",2014,3126,3126,47015-001,Sustainable Energy Sector Reform Program ﾖ Subprogram 1 (additional)
"Japan,JICA",2014,3227/3228,3227,47293-001,Improving Competitiveness Program
"Japan,JICA",2014,3227/3228,3228,47293-001,Improving Competitiveness Program
Korea,2014,3119/3120,3119,42251-018,Skills Sector Enhancement Program
Korea,2014,3119/3120,3120,42251-018,Skills Sector Enhancement Program
Korea,2014,3151/401/402/466/467/8299/8300,3151,42334-014,Rural Roads Improvement II
Korea,2014,3151/401/402/466/467/8299/8300,0401,42334-014,Rural Roads Improvement II
Korea,2014,3151/401/402/466/467/8299/8300,0402,42334-014,Rural Roads Improvement II
Korea,2014,3151/401/402/466/467/8299/8300,0466,42334-014,Rural Roads Improvement II
Korea,2014,3151/401/402/466/467/8299/8300,0467,42334-014,Rural Roads Improvement II
Korea,2014,3151/401/402/466/467/8299/8300,8299,42334-014,Rural Roads Improvement II
Korea,2014,3151/401/402/466/467/8299/8300,8300,42334-014,Rural Roads Improvement II
MDTF-WFPF,2014,2795/0263/0387,2795,43072-013,South Tarawa Sanitation Improvement Sector ﾖ Additional Financing
MDTF-WFPF,2014,2795/0263/0387,0263,43072-013,South Tarawa Sanitation Improvement Sector ﾖ Additional Financing
MDTF-WFPF,2014,2795/0263/0387,0387,43072-013,South Tarawa Sanitation Improvement Sector ﾖ Additional Financing
NDF,2014,3151/401/402/466/467/8299/8300,3151,42334-014,Rural Roads Improvement II
NDF,2014,3151/401/402/466/467/8299/8300,0401,42334-014,Rural Roads Improvement II
NDF,2014,3151/401/402/466/467/8299/8300,0402,42334-014,Rural Roads Improvement II
NDF,2014,3151/401/402/466/467/8299/8300,0466,42334-014,Rural Roads Improvement II
NDF,2014,3151/401/402/466/467/8299/8300,0467,42334-014,Rural Roads Improvement II
NDF,2014,3151/401/402/466/467/8299/8300,8299,42334-014,Rural Roads Improvement II
NDF,2014,3151/401/402/466/467/8299/8300,8300,42334-014,Rural Roads Improvement II
Netherlands,2014,3138/0396,3138,44167-014,Flood and Riverbank Erosion Risk Management Investment Program ﾖ Project 1
Netherlands,2014,3138/0396,0396,44167-014,Flood and Riverbank Erosion Risk Management Investment Program ﾖ Project 1
New Zealand,2014,0127/0292/0293,0127,40263-033,Domestic Maritime Support (Sector) (Supplementary)
New Zealand,2014,0127/0292/0293,0292,40263-033,Domestic Maritime Support (Sector) (Supplementary)
New Zealand,2014,0127/0292/0293,0293,40263-033,Domestic Maritime Support (Sector) (Supplementary)
"New Zealand,New Zealand",2014,0389/0390,0389,48192-001,Cyclone Ian Recovery
"New Zealand,New Zealand",2014,0389/0390,0390,48192-001,Cyclone Ian Recovery
"New Zealand,New Zealand",2014,416,0416,47314-001,Strengthening Fiscal Stability Program
Norway,2014,3139/0397/0398,3139,44219-014,South Asia  Subregional Economic Cooperation Power System Expansion
Norway,2014,3139/0397/0398,0397,44219-014,South Asia  Subregional Economic Cooperation Power System Expansion
Norway,2014,3139/0397/0398,0398,44219-014,South Asia  Subregional Economic Cooperation Power System Expansion
OFID,2014,3124/8288,3124,33209-014,Community-Managed Irrigated Agriculture Sector ﾖ Additional Financing
OFID,2014,3124/8288,8288,33209-014,Community-Managed Irrigated Agriculture Sector ﾖ Additional Financing
OFID,2014,3142/8285,3142,39295-013,Third Urban Governance and Infrastructure Improvement (Sector)
OFID,2014,3142/8285,8285,39295-013,Third Urban Governance and Infrastructure Improvement (Sector)
OFID,2014,3157/0405/8304,3157,35173-013,Third Small Towns Water Supply and Sanitation Sector
OFID,2014,3157/0405/8304,0405,35173-013,Third Small Towns Water Supply and Sanitation Sector
OFID,2014,3157/0405/8304,8304,35173-013,Third Small Towns Water Supply and Sanitation Sector
"P.R.C.,SpDB",2014,3218,3218,47052-002,Low-Carbon District Heating Project in Hohhot in Inner Mongolia Autonomous Region
SCF-PPCR,2014,3133/0394/0395/8284,3133,44212-013,Coastal Towns Environmental Infrastructure
SCF-PPCR,2014,3133/0394/0395/8284,0394,44212-013,Coastal Towns Environmental Infrastructure
SCF-PPCR,2014,3133/0394/0395/8284,0395,44212-013,Coastal Towns Environmental Infrastructure
SCF-PPCR,2014,3133/0394/0395/8284,8284,44212-013,Coastal Towns Environmental Infrastructure
SCF-PPCR,2014,3133/0394/0395/8284,3133,44212-013,Coastal Towns Environmental Infrastructure
SCF-PPCR,2014,3133/0394/0395/8284,0394,44212-013,Coastal Towns Environmental Infrastructure
SCF-PPCR,2014,3133/0394/0395/8284,0395,44212-013,Coastal Towns Environmental Infrastructure
SCF-PPCR,2014,3133/0394/0395/8284,8284,44212-013,Coastal Towns Environmental Infrastructure
SCF-PPCR,2014,3158/8287,3158,48901-014,Spice Value Chain Development Project
SCF-PPCR,2014,3158/8287,8287,48901-014,Spice Value Chain Development Project
SCF-SREP,2014,0409/0410/0429,0409,46122-003,Preparing Outer Islands for Sustainable Energy Development
SCF-SREP,2014,0409/0410/0429,0410,46122-003,Preparing Outer Islands for Sustainable Energy Development
SCF-SREP,2014,0409/0410/0429,0429,46122-003,Preparing Outer Islands for Sustainable Energy Development
SCF-SREP,2014,3139/0397/0398,3139,44219-014,South Asia  Subregional Economic Cooperation Power System Expansion
SCF-SREP,2014,3139/0397/0398,0397,44219-014,South Asia  Subregional Economic Cooperation Power System Expansion
SCF-SREP,2014,3139/0397/0398,0398,44219-014,South Asia  Subregional Economic Cooperation Power System Expansion
"P.R.C.,SpDB",2014,3218,3218,47052-002,Low-Carbon District Heating Project in Hohhot in Inner Mongolia Autonomous Region
Switzerland,2014,3131/0391,3131,42466-015,Skills for Employment Investment Program ﾖ Tranche 1
Switzerland,2014,3131/0391,0391,42466-015,Skills for Employment Investment Program ﾖ Tranche 1
UFPF-UEIF,2014,3148/0399,3148,43253-025,Karnataka Integrated Urban Water Management Investment Program ﾖ Tranche 1
UFPF-UEIF,2014,3148/0399,0399,43253-025,Karnataka Integrated Urban Water Management Investment Program ﾖ Tranche 1
"Uzbekistan,UFRD",2014,3141,3141,45306-001,Takhiatash Power Plant Efficiency Improvement
"U.K.,United Kingdom",2014,9135/0277/0382/0406,9135,38097-013,Establishing Women and Children Service Centers ﾖ Additional Financing
"U.K.,United Kingdom",2014,9135/0277/0382/0406,0277,38097-013,Establishing Women and Children Service Centers ﾖ Additional Financing
"U.K.,United Kingdom",2014,9135/0277/0382/0406,0382,38097-013,Establishing Women and Children Service Centers ﾖ Additional Financing
"U.K.,United Kingdom",2014,9135/0277/0382/0406,0406,38097-013,Establishing Women and Children Service Centers ﾖ Additional Financing
"Uzbekistan,UFRD",2014,3141,3141,45306-001,Takhiatash Power Plant Efficiency Improvement
"U.K.,United Kingdom",2014,9135/0277/0382/0406,9135,38097-013,Establishing Women and Children Service Centers ﾖ Additional Financing
"U.K.,United Kingdom",2014,9135/0277/0382/0406,0277,38097-013,Establishing Women and Children Service Centers ﾖ Additional Financing
"U.K.,United Kingdom",2014,9135/0277/0382/0406,0382,38097-013,Establishing Women and Children Service Centers ﾖ Additional Financing
"U.K.,United Kingdom",2014,9135/0277/0382/0406,0406,38097-013,Establishing Women and Children Service Centers ﾖ Additional Financing
WFPF-SFPTF,2014,3133/0394/0395/8284,3133,44212-013,Coastal Towns Environmental Infrastructure
WFPF-SFPTF,2014,3133/0394/0395/8284,0394,44212-013,Coastal Towns Environmental Infrastructure
WFPF-SFPTF,2014,3133/0394/0395/8284,0395,44212-013,Coastal Towns Environmental Infrastructure
WFPF-SFPTF,2014,3133/0394/0395/8284,8284,44212-013,Coastal Towns Environmental Infrastructure
WFPF-SFPTF,2014,3157/0405/8304,3157,35173-013,Third Small Towns Water Supply and Sanitation Sector
WFPF-SFPTF,2014,3157/0405/8304,0405,35173-013,Third Small Towns Water Supply and Sanitation Sector
WFPF-SFPTF,2014,3157/0405/8304,8304,35173-013,Third Small Towns Water Supply and Sanitation Sector
WFPF-SFPTF,2014,3182/3183/0413,3182,42267-026,Rajasthan Urban Sector Development Program
WFPF-SFPTF,2014,3182/3183/0413,3183,42267-026,Rajasthan Urban Sector Development Program
WFPF-SFPTF,2014,3182/3183/0413,0413,42267-026,Rajasthan Urban Sector Development Program
World Bank,2014,416,0416,47314-001,Strengthening Fiscal Stability Program
World Bank,2014,3100,3100,46420-002,KALAHI-CIDSS National Community-Driven Development 
World Bank,2014,3119/3120,3119,42251-018,Skills Sector Enhancement Program
World Bank,2014,3119/3120,3120,42251-018,Skills Sector Enhancement Program
World Bank,2014,3126,3126,47015-001,Sustainable Energy Sector Reform Program ﾖ Subprogram 1
World Bank,2014,3227/3228,3227,47293-001,Improving Competitiveness Program
World Bank,2014,3227/3228,3228,47293-001,Improving Competitiveness Program
"France,AFD",2015,3151/401-2/466-7/8299-300,3151,42334-014,Rural Roads Improvement IIﾗAdditional Financing
"France,AFD",2015,3316/0455,3316,47127-002,Mandalay Urban Services Improvement
"France,AFD",2015,3316/0455,0455,47127-002,Mandalay Urban Services Improvement
"France,AFD",2015,3363/3364/8302,3363,40080-025,Ha Noi Metro Rail System(Line 3: Nhon-Ha Noi Station Section)ﾗAdditional Financing
"France,AFD",2015,3363/3364/8302,3364,40080-025,Ha Noi Metro Rail System(Line 3: Nhon-Ha Noi Station Section)ﾗAdditional Financing
"France,AFD",2015,3363/3364/8302,8302,40080-025,Ha Noi Metro Rail System(Line 3: Nhon-Ha Noi Station Section)ﾗAdditional Financing
AIF,2015,3303/8293,3303,49043-001,Sustainable and Inclusive Energy Program (Subprogram 1)
AIF,2015,3303/8293,8293,49043-001,Sustainable and Inclusive Energy Program (Subprogram 1)
AIF,2015,3310/8294,3310,46422-003,Greater Mekong Subregion East-West Economic Corridor Eindu to Kawkareik Road Improvement
AIF,2015,3310/8294,8294,46422-003,Greater Mekong Subregion East-West Economic Corridor Eindu to Kawkareik Road Improvement
AIF,2015,3315/8296,3315,46443-003,Second Greater Mekong Subregion Corridors Towns Development
AIF,2015,3315/8296,8296,46443-003,Second Greater Mekong Subregion Corridors Towns Development
AIF,2015,3339/8297,3339,49080-001,Electricity Grid StrengtheningﾗSumatra Program
AIF,2015,3339/8297,8297,49080-001,Electricity Grid StrengtheningﾗSumatra Program
AITF,2015,0126/0437,0126,39370-023,Agriculture Market InfrastructureﾗAdditional Financing
AITF,2015,0126/0437,0437,39370-023,Agriculture Market InfrastructureﾗAdditional Financing
AITF,2015,0464/0465,0464,47282-003,Energy Supply Improvement ProgramﾗTranche 1
AITF,2015,0464/0465,0465,47282-003,Energy Supply Improvement ProgramﾗTranche 1
AsIF,2015,3250/0471/8303,3250,45041-002,Vientiane Sustainable Urban Transport
AsIF,2015,3250/0471/8303,0471,45041-002,Vientiane Sustainable Urban Transport
AsIF,2015,3250/0471/8303,8303,45041-002,Vientiane Sustainable Urban Transport
AsIF,2015,3316/0455,3316,47127-002,Mandalay Urban Services Improvement
AsIF,2015,3316/0455,0455,47127-002,Mandalay Urban Services Improvement
Australia,2015,0414/0424/0443,0414,46455-004,Electricity Supply Security and SustainabilityﾗAdditional Financing
Australia,2015,0414/0424/0443,0424,46455-004,Electricity Supply Security and SustainabilityﾗAdditional Financing
Australia,2015,0414/0424/0443,0443,46455-004,Electricity Supply Security and SustainabilityﾗAdditional Financing
Australia,2015,0438/0439,0438,46346-002,Ebeye Water Supply and Sanitation
Australia,2015,0438/0439,0439,46346-002,Ebeye Water Supply and Sanitation
Australia,2015,442,0442,47318-001,Strengthened Fiscal Sustainability Program
"Australia,Australia",2015,336,0336,45303-001,Rural EnergyﾗAdditional Financing
"Australia,Australia",2015,458,0458,47320-001,Samoa Submarine Cable
"Australia,Australia",2015,2686/0226/0425,2686,44304-014,Microfinance Expansion ﾗ Additional Financing
"Australia,Australia",2015,2686/0226/0425,0226,44304-014,Microfinance Expansion ﾗ Additional Financing
"Australia,Australia",2015,2686/0226/0425,0425,44304-014,Microfinance Expansion ﾗ Additional Financing
"Australia,Australia",2015,3151/401-2/466-7/8299-300,3151,42334-014,Rural Roads Improvement IIﾗAdditional Financing
CEF-CEFPF,2015,2979/8264/0468,2979,42361-014,Medium-Voltage Sub-Transmission Expansion Sectorﾗ Additional Financing
CEF-CEFPF,2015,2979/8264/0468,8264,42361-014,Medium-Voltage Sub-Transmission Expansion Sectorﾗ Additional Financing
CEF-CEFPF,2015,2979/8264/0468,0468,42361-014,Medium-Voltage Sub-Transmission Expansion Sectorﾗ Additional Financing
CEF-CEFPF,2015,3309/0452/0453,3309,46535-001,Strengthening Technical and Vocational Education and Training
CEF-CEFPF,2015,3309/0452/0453,0452,46535-001,Strengthening Technical and Vocational Education and Training
CEF-CEFPF,2015,3309/0452/0453,0453,46535-001,Strengthening Technical and Vocational Education and Training
CTF,2015,3363/3364/8302,3363,40080-025,Ha Noi Metro Rail System(Line 3: Nhon-Ha Noi Station Section)ﾗAdditional Financing
CTF,2015,3363/3364/8302,3364,40080-025,Ha Noi Metro Rail System(Line 3: Nhon-Ha Noi Station Section)ﾗAdditional Financing
CTF,2015,3363/3364/8302,8302,40080-025,Ha Noi Metro Rail System(Line 3: Nhon-Ha Noi Station Section)ﾗAdditional Financing
CTF,2015,3366/8301,3366,49263-001,Northeastern Thailand Wind Power
CTF,2015,3366/8301,8301,49263-001,Northeastern Thailand Wind Power
CTF,2015,8298,8298,49238-001,Off-Grid Prepaid Solar Leasing
Denmark,2015,0347/0348/0444/0445/0446,0347,43452-023,Outer Island Renewable EnergyﾗAdditional Financing
Denmark,2015,0347/0348/0444/0445/0446,0348,43452-023,Outer Island Renewable EnergyﾗAdditional Financing
Denmark,2015,0347/0348/0444/0445/0446,0444,43452-023,Outer Island Renewable EnergyﾗAdditional Financing
Denmark,2015,0347/0348/0444/0445/0446,0445,43452-023,Outer Island Renewable EnergyﾗAdditional Financing
Denmark,2015,0347/0348/0444/0445/0446,0446,43452-023,Outer Island Renewable EnergyﾗAdditional Financing
"U.K.,DFID",2015,3134/0451,3134,47281-001,National Highway Network Development in Balochistan
"U.K.,DFID",2015,3134/0451,0451,47281-001,National Highway Network Development in Balochistan
"France,DGT",2015,3363/3364/8302,3363,40080-025,Ha Noi Metro Rail System(Line 3: Nhon-Ha Noi Station Section)ﾗAdditional Financing
"France,DGT",2015,3363/3364/8302,3364,40080-025,Ha Noi Metro Rail System(Line 3: Nhon-Ha Noi Station Section)ﾗAdditional Financing
"France,DGT",2015,3363/3364/8302,8302,40080-025,Ha Noi Metro Rail System(Line 3: Nhon-Ha Noi Station Section)ﾗAdditional Financing
EC,2015,0347/0348/0444/0445/0446,0347,43452-023,Outer Island Renewable EnergyﾗAdditional Financing
EC,2015,0347/0348/0444/0445/0446,0348,43452-023,Outer Island Renewable EnergyﾗAdditional Financing
EC,2015,0347/0348/0444/0445/0446,0444,43452-023,Outer Island Renewable EnergyﾗAdditional Financing
EC,2015,0347/0348/0444/0445/0446,0445,43452-023,Outer Island Renewable EnergyﾗAdditional Financing
EC,2015,0347/0348/0444/0445/0446,0446,43452-023,Outer Island Renewable EnergyﾗAdditional Financing
EC,2015,0456/0457,0456,46044-003,Renewable Energy Development and Power Sector RehabilitationﾗAdditional Financing
EC,2015,0456/0457,0457,46044-003,Renewable Energy Development and Power Sector RehabilitationﾗAdditional Financing
EC,2015,3256,3256,42122-013,Third Primary Education DevelopmentﾗAdditional Financing
EDB,2015,2993,2993,42145-043,North-South Road Corridor Investment ProgramﾗTranche 3 ﾖ Additional Cofinancing
EIB,2015,2783/2784,2783,43200-024,Bridge Replacement for Improved Rural Access Sector
EIB,2015,2783/2784,2784,43200-024,Bridge Replacement for Improved Rural Access Sector
EIB,2015,3250/0471/8303,3250,45041-002,Vientiane Sustainable Urban Transport
EIB,2015,3250/0471/8303,0471,45041-002,Vientiane Sustainable Urban Transport
EIB,2015,3250/0471/8303,8303,45041-002,Vientiane Sustainable Urban Transport
EIB,2015,3348/3349,3348,45148-008,Greater Colombo Water and Wastewater Management Improvement Investment ProgramﾗTranche 3
EIB,2015,3348/3349,3349,45148-008,Greater Colombo Water and Wastewater Management Improvement Investment ProgramﾗTranche 3
EIB,2015,3363/3364/8302,3363,40080-025,Ha Noi Metro Rail System(Line 3: Nhon-Ha Noi Station Section)ﾗAdditional Financing
EIB,2015,3363/3364/8302,3364,40080-025,Ha Noi Metro Rail System(Line 3: Nhon-Ha Noi Station Section)ﾗAdditional Financing
EIB,2015,3363/3364/8302,8302,40080-025,Ha Noi Metro Rail System(Line 3: Nhon-Ha Noi Station Section)ﾗAdditional Financing
France,2015,3303/8293,3303,49043-001,Sustainable and Inclusive Energy Program (Subprogram 1)
France,2015,3303/8293,8293,49043-001,Sustainable and Inclusive Energy Program (Subprogram 1)
"France,AFD",2015,3151/401-2/466-7/8299-300,3151,42334-014,Rural Roads Improvement IIﾗAdditional Financing
"France,AFD",2015,3316/0455,3316,47127-002,Mandalay Urban Services Improvement
"France,AFD",2015,3316/0455,0455,47127-002,Mandalay Urban Services Improvement
"France,AFD",2015,3363/3364/8302,3363,40080-025,Ha Noi Metro Rail System(Line 3: Nhon-Ha Noi Station Section)ﾗAdditional Financing
"France,AFD",2015,3363/3364/8302,3364,40080-025,Ha Noi Metro Rail System(Line 3: Nhon-Ha Noi Station Section)ﾗAdditional Financing
"France,AFD",2015,3363/3364/8302,8302,40080-025,Ha Noi Metro Rail System(Line 3: Nhon-Ha Noi Station Section)ﾗAdditional Financing
"France,DGT",2015,3363/3364/8302,3363,40080-025,Ha Noi Metro Rail System(Line 3: Nhon-Ha Noi Station Section)ﾗAdditional Financing
"France,DGT",2015,3363/3364/8302,3364,40080-025,Ha Noi Metro Rail System(Line 3: Nhon-Ha Noi Station Section)ﾗAdditional Financing
"France,DGT",2015,3363/3364/8302,8302,40080-025,Ha Noi Metro Rail System(Line 3: Nhon-Ha Noi Station Section)ﾗAdditional Financing
GEF,2015,433,0433,40253-035,Greater Mekong Subregion Biodiversity Conservation CorridorsﾗAdditional Financing
GEF,2015,3250/0471/8303,3250,45041-002,Vientiane Sustainable Urban Transport
GEF,2015,3250/0471/8303,0471,45041-002,Vientiane Sustainable Urban Transport
GEF,2015,3250/0471/8303,8303,45041-002,Vientiane Sustainable Urban Transport
GEF-LDCF,2015,3331/3332/0459/0460/0461,3331,49319-001,Cyclone Pam Road Reconstruction Project
GEF-LDCF,2015,3331/3332/0459/0460/0461,3332,49319-001,Cyclone Pam Road Reconstruction Project
GEF-LDCF,2015,3331/3332/0459/0460/0461,0459,49319-001,Cyclone Pam Road Reconstruction Project
GEF-LDCF,2015,3331/3332/0459/0460/0461,0460,49319-001,Cyclone Pam Road Reconstruction Project
GEF-LDCF,2015,3331/3332/0459/0460/0461,0461,49319-001,Cyclone Pam Road Reconstruction Project
Germany,2015,3303/8293,3303,49043-001,Sustainable and Inclusive Energy Program (Subprogram 1)
Germany,2015,3303/8293,8293,49043-001,Sustainable and Inclusive Energy Program (Subprogram 1)
"Germany,KfW",2015,3083/8276,3083,42362-013,Java-Bali 500-Kilovolt Power Transmission CrossingﾗAdditional Cofinancing
"Germany,KfW",2015,3083/8276,8276,42362-013,Java-Bali 500-Kilovolt Power Transmission CrossingﾗAdditional Cofinancing
"Germany,KfW",2015,3356,3356,49232-001,Beijing-Tianjin-Hebei Air Quality Improvement-Hebei Policy Reforms Program
"Germany,KfW",2015,3365,3365,44426-016,Green Energy Corridor and Grid Strengthening Project
"Germany,KfW",2015,3374,3374,42039-036,Power Transmission Investment Program-Tranche 3
GPE,2015,3256,3256,42122-013,Third Primary Education DevelopmentﾗAdditional Financing
HFPF-RMTF,2015,2699/0231/0448,2699,41505-013,Second Greater Mekong Subregion Regional Communicable Diseases ControlﾗAdditional Financing
HFPF-RMTF,2015,2699/0231/0448,0231,41505-013,Second Greater Mekong Subregion Regional Communicable Diseases ControlﾗAdditional Financing
HFPF-RMTF,2015,2699/0231/0448,0448,41505-013,Second Greater Mekong Subregion Regional Communicable Diseases ControlﾗAdditional Financing
HFPF-RMTF,2015,2699/0232/0449,2699,41507-013,Second Greater Mekong Subregion Regional Communicable Diseases ControlﾗAdditional Financing
HFPF-RMTF,2015,2699/0232/0449,0232,41507-013,Second Greater Mekong Subregion Regional Communicable Diseases ControlﾗAdditional Financing
HFPF-RMTF,2015,2699/0232/0449,0449,41507-013,Second Greater Mekong Subregion Regional Communicable Diseases ControlﾗAdditional Financing
HFPF-RMTF,2015,2699/0450,2699,41508-014,Second Greater Mekong Subregion Regional Communicable Diseases ControlﾗAdditional Financing
HFPF-RMTF,2015,2699/0450,0450,41508-014,Second Greater Mekong Subregion Regional Communicable Diseases ControlﾗAdditional Financing
"India,Indian Commercial Bank",2015,3225/3226,3225,44444-013,Second Green Power Development
"India,Indian Commercial Bank",2015,3225/3226,3226,44444-013,Second Green Power Development
"India,Indian Commercial Bank",2015,3225/3226,3225,44444-013,Second Green Power Development
"India,Indian Commercial Bank",2015,3225/3226,3226,44444-013,Second Green Power Development
IsDB,2015,3271,3271,44318-026,Housing for Integrated Rural Development Investment ProgramﾗTranche 3
IsDB,2015,3350,3350,42378-017,Power System Expansion and Efficiency Improvement Investment ProgramﾗTranche 3
Japan,2015,3186,3186,46268-002,Clean Energy Finance Investment ProgramﾗTranche 1 
Japan,2015,9180,9180,49202-001,Disaster Risk Reduction and Livelihood Restoration for Earthquake-Affected Communities
"Japan,JFJCM",2015,0409/0410/0429,0409,46122-003,Preparing Outer Islands for Sustainable Energy DevelopmentﾗAdditional Financing
"Japan,JFJCM",2015,0409/0410/0429,0410,46122-003,Preparing Outer Islands for Sustainable Energy DevelopmentﾗAdditional Financing
"Japan,JFJCM",2015,0409/0410/0429,0429,46122-003,Preparing Outer Islands for Sustainable Energy DevelopmentﾗAdditional Financing
"Japan,JFPR",2015,9181,9181,49320-001,Cycone Pam School Reconstruction
"Japan,JFPR",2015,9182,9182,49168-001,Improving School Dormitory Environment for Primary Students in Western Region
"Japan,JFPR",2015,9183,9183,48216-001,Integrated Livelihoods Improvement and Sustainable Tourism in Khuvsgul Lake National Park
"Japan,JFPR",2015,9184,9184,48322-001,Economic Empowerment of the Poor and Women in the East-West Economic Corridor Project
"Japan,JFJCM",2015,0409/0410/0429,0409,46122-003,Preparing Outer Islands for Sustainable Energy DevelopmentﾗAdditional Financing
"Japan,JFJCM",2015,0409/0410/0429,0410,46122-003,Preparing Outer Islands for Sustainable Energy DevelopmentﾗAdditional Financing
"Japan,JFJCM",2015,0409/0410/0429,0429,46122-003,Preparing Outer Islands for Sustainable Energy DevelopmentﾗAdditional Financing
"Japan,JFPR",2015,9181,9181,49320-001,Cycone Pam School Reconstruction
"Japan,JFPR",2015,9182,9182,49168-001,Improving School Dormitory Environment for Primary Students in Western Region
"Japan,JFPR",2015,9183,9183,48216-001,Integrated Livelihoods Improvement and Sustainable Tourism in Khuvsgul Lake National Park
"Japan,JFPR",2015,9184,9184,48322-001,Economic Empowerment of the Poor and Women in the East-West Economic Corridor Project
"Germany,KfW",2015,3083/8276,3083,42362-013,Java-Bali 500-Kilovolt Power Transmission CrossingﾗAdditional Cofinancing
"Germany,KfW",2015,3083/8276,8276,42362-013,Java-Bali 500-Kilovolt Power Transmission CrossingﾗAdditional Cofinancing
"Germany,KfW",2015,3356,3356,49232-001,Beijing-Tianjin-Hebei Air Quality Improvement-Hebei Policy Reforms Program
"Germany,KfW",2015,3365,3365,44426-016,Green Energy Corridor and Grid Strengthening Project
"Germany,KfW",2015,3374,3374,42039-036,Power Transmission Investment Program-Tranche 3
Korea,2015,3047,3047,44213-016,Secondary Education Sector Investment ProgramﾗTranche 1 (Supplementary)
Kuwait,2015,3124/8288,3124,33209-014,Community-Managed Irrigated Agriculture SectorﾗAdditional Financing
Kuwait,2015,3124/8288,8288,33209-014,Community-Managed Irrigated Agriculture SectorﾗAdditional Financing
"Netherlands,Netherlands",2015,2200/0036/3302/0441,2200,34418-023,Southwest Area Integrated Water Resources Planning and ManagementﾗAdditional Financing
"Netherlands,Netherlands",2015,2200/0036/3302/0441,0036,34418-023,Southwest Area Integrated Water Resources Planning and ManagementﾗAdditional Financing
"Netherlands,Netherlands",2015,2200/0036/3302/0441,3302,34418-023,Southwest Area Integrated Water Resources Planning and ManagementﾗAdditional Financing
"Netherlands,Netherlands",2015,2200/0036/3302/0441,0441,34418-023,Southwest Area Integrated Water Resources Planning and ManagementﾗAdditional Financing
New Zealand,2015,0127/0292/0293,0127,40263-033,Domestic Maritime Support (Sector)ﾖAdditional Cofinancing
New Zealand,2015,0127/0292/0293,0292,40263-033,Domestic Maritime Support (Sector)ﾖAdditional Cofinancing
New Zealand,2015,0127/0292/0293,0293,40263-033,Domestic Maritime Support (Sector)ﾖAdditional Cofinancing
New Zealand,2015,442,0442,47318-001,Strengthened Fiscal Sustainability Program
New Zealand,2015,2820/3249/0273/0427,2820,42392-013,Interisland Shipping SupportﾗAdditional Financing
New Zealand,2015,2820/3249/0273/0427,3249,42392-013,Interisland Shipping SupportﾗAdditional Financing
New Zealand,2015,2820/3249/0273/0427,0273,42392-013,Interisland Shipping SupportﾗAdditional Financing
New Zealand,2015,2820/3249/0273/0427,0427,42392-013,Interisland Shipping SupportﾗAdditional Financing
"New Zealand,New Zealand",2015,0456/0457,0456,46044-003,Renewable Energy Development and Power Sector RehabilitationﾗAdditional Financing
"New Zealand,New Zealand",2015,0456/0457,0457,46044-003,Renewable Energy Development and Power Sector RehabilitationﾗAdditional Financing
OFID,2015,3250/0471/8303,3250,45041-002,Vientiane Sustainable Urban Transport
OFID,2015,3250/0471/8303,0471,45041-002,Vientiane Sustainable Urban Transport
OFID,2015,3250/0471/8303,8303,45041-002,Vientiane Sustainable Urban Transport
PriF,2015,2718,2718,44281-013,Road Rehabilitation (Supplementary)
P.R.C.,2015,3308,3308,47051-002,Chemical Industry Energy Efficiency and Emission Reduction
SCF-PPCR,2015,426,0426,40253-033,Greater Mekong Subregion Biodiversity Conservation CorridorsﾗAdditional Financing
SCF-PPCR,2015,447,0447,46495-002,Building Climate Resilience to Climate Change in Papua New Guinea
SCF-PPCR,2015,3151/401-2/466-7/8299-300,3151,42334-014,Rural Roads Improvement IIﾗAdditional Financing
SCF-PPCR,2015,3151/401-2/466-7/8299-300,3151,42334-014,Rural Roads Improvement IIﾗAdditional Financing
SCF-PPCR,2015,3311/0454/8295,3311,42285-013,Integrated Urban Environmental Management in the Tonle Sap Basin
SCF-PPCR,2015,3311/0454/8295,0454,42285-013,Integrated Urban Environmental Management in the Tonle Sap Basin
SCF-PPCR,2015,3311/0454/8295,8295,42285-013,Integrated Urban Environmental Management in the Tonle Sap Basin
SCF-PPCR,2015,3311/0454/8295,3311,42285-013,Integrated Urban Environmental Management in the Tonle Sap Basin
SCF-PPCR,2015,3311/0454/8295,0454,42285-013,Integrated Urban Environmental Management in the Tonle Sap Basin
SCF-PPCR,2015,3311/0454/8295,8295,42285-013,Integrated Urban Environmental Management in the Tonle Sap Basin
UCCRTF,2015,3316/0455,3316,47127-002,Mandalay Urban Services Improvement
UCCRTF,2015,3316/0455,0455,47127-002,Mandalay Urban Services Improvement
UCCRTF,2015,3340/0462,3340,43237-013,Urban Environment and Climate Change Adaptation
UCCRTF,2015,3340/0462,0462,43237-013,Urban Environment and Climate Change Adaptation
UNICEF,2015,3256,3256,42122-013,Third Primary Education DevelopmentﾗAdditional Financing
Uzbekistan,2015,3286,3286,41340-015,Advanced Electricity Metering Phase 4
U.K.,2015,3121/0434,3121,40075-033,National Trade Corridor Highway Investment ProgramﾗTranche 2 
U.K.,2015,3121/0434,0434,40075-033,National Trade Corridor Highway Investment ProgramﾗTranche 2 
U.K.,2015,3197/0435,3197,40075-043,National Trade Corridor Highway Investment ProgramﾗTranche 3 
U.K.,2015,3197/0435,0435,40075-043,National Trade Corridor Highway Investment ProgramﾗTranche 3 
U.K.,2015,3300/0440,3300,48402-001,National Motorway M-4 GojraﾖShorkot Section
U.K.,2015,3300/0440,0440,48402-001,National Motorway M-4 GojraﾖShorkot Section
"U.K.,DFID",2015,3134/0451,3134,47281-001,National Highway Network Development in Balochistan
"U.K.,DFID",2015,3134/0451,0451,47281-001,National Highway Network Development in Balochistan
World Bank,2015,442,0442,47318-001,Strengthened Fiscal Sustainability Program
World Bank,2015,458,0458,47320-001,Samoa Submarine Cable
World Bank,2015,2718,2718,44281-013,Road Rehabilitation (Supplementary)
World Bank,2015,2718,2718,44281-013,Road Rehabilitation (Supplementary)
World Bank,2015,3210,3210,48141-001,Transport Infrastructure Investment Sector
World Bank,2015,3256,3256,42122-013,Third Primary Education DevelopmentﾗAdditional Financing
World Bank,2015,3279/3280,3279,47137-003,Health Sector Governance Program
World Bank,2015,3279/3280,3280,47137-003,Health Sector Governance Program
World Bank,2015,3279/3280,3279,47137-003,Health Sector Governance Program
World Bank,2015,3279/3280,3280,47137-003,Health Sector Governance Program
World Bank,2015,3303/8293,3303,49043-001,Sustainable and Inclusive Energy Program (Subprogram 1)
World Bank,2015,3303/8293,8293,49043-001,Sustainable and Inclusive Energy Program (Subprogram 1)
World Bank,2015,3320,3320,44213-017,Secondary Education Sector Investment ProgramﾗTranche 2
World Bank,2015,3321/3322,3321,47015-002,Sustainable Energy Sector Reform ProgramﾗTranche 2 
World Bank,2015,3321/3322,3322,47015-002,Sustainable Energy Sector Reform ProgramﾗTranche 2 
World Bank,2015,3339/8297,3339,49080-001,Electricity Grid StrengtheningﾗSumatra Program
World Bank,2015,3339/8297,8297,49080-001,Electricity Grid StrengtheningﾗSumatra Program
"Japan,JICA",2016,3321/3322,3321,47015-002,Sustainable Energy Sector Reform Program - Subprogram 2 
"Japan,JICA",2016,3321/3322,3322,47015-002,Sustainable Energy Sector Reform Program - Subprogram 2 
"Japan,JICA",2016,3321/3322,3321,47015-002,Sustainable Energy Sector Reform Program - Subprogram 2 
"Japan,JICA",2016,3321/3322,3322,47015-002,Sustainable Energy Sector Reform Program - Subprogram 2 
,2016,3369,3369,43407-014,Social Protection Support - Additional Financing
