,Donor,Unknown,Approval Year (Date of Approval ADB),Approval Year (ADB),Product Approval Number,Approval Numbers,Proj No,MFF Number,Equity Number,Country Mnemonic,Loan/Grant Title,Department,Division,Approval,OCR,ADF Loan,ADF Grant,SF ,Total,Grants,Loans,Commercial,Total CF,Type of Cofinancing,Agreement Type,Admin Arrangement,Source Classification,Source Subtype,ADB Fund Source,Sector Code,Sector,Subsector Code,Subsector,Approval Date CF,Date of Agreement Letter,Theme,Supplementary,cofinanceOfficer,Recording Date,Effectivity Date,Physical Closing Date,Financial Completion Date,Status Cofinancing,Sov-NonSov,PCR Rating,Validation Rating,PPER Rating,Remarks,Publications,Anchor Product
3,ADFD,ADFD,2012,2012.0,2949 (CL),2949/8263,40540-014,,,BAN,South Asia Subregional Economic Cooperation Road Connectivity,SARD,SATC,11/22/2012,,,,,0.0,,30.0,,30.0,DVA,,Collaborative,Bilateral,Loan,,3700.0,Transport and ICT,,Road Transport,,,,No,,11/22/2012,,,,Under Processing,Sovereign,,,,,"DR 2012. para on 2012 Highlights on FCAs, pp 30; para on ADFD FCA, pp 43.",2949
15,AFD,"France,AFD",2015,2015.0,,3316/0455,47127-002,,,MYA,Mandalay Urban Services Improvement,SERD,SEUW,11/12/2015,,,,,0.0,,46.0,,46.0,DVA,FW,Collaborative,Bilateral,Loan,,3800.0,Water and Other Urban Infrastructure and Services,"3814, 3817, 3821, 3812",Urban Water Supply,,,,No,,11/12/2015,,,,Approved,Sovereign,,,,,,3316
18,AFD,"France,AFD",2015,2015.0,3363/3364,3363/3364/8302,40080-025,,,VIE,Ha Noi Metro Rail System(Line 3: Nhon-Ha Noi Station Section)ﾗAdditional Financing,SERD,SETC,12/10/2015,,,,,0.0,,75.9,,75.9,DVA,FW,Collaborative,Bilateral,Loan,,3700.0,Transport,,,,,,No,,12/10/2015,,,,Approved,Sovereign,,,,,,3363
74,AsIF,AsIF,2015,2015.0,3250,3250/0471/8303,45041-002,,,LAO,Vientiane Sustainable Urban Transport,SERD,SETC,03/10/2015,,,,,0.0,6.9,,,6.9,DVA,PS,Collaborative,Multilateral,Grant,,3700.0,Transport,,Urban Public Transport,,,,No,,03/10/2015,,,,,Sovereign,,,,"Asian Investment Facility of the European Union, this grant managed by EIB; ﾀ5million",,3250
77,AsIF,AsIF,2015,2015.0,,3316/0455,47127-002,,,MYA,Mandalay Urban Services Improvement,SERD,SEUW,11/12/2015,,,,,0.0,6.8,,,6.8,DVA,PS,Collaborative,Multilateral,Grant,,3800.0,Water and Other Urban Infrastructure and Services,"3814, 3817, 3821, 3812",Urban Water Supply,,,,No,,11/12/2015,,,,Approved,Sovereign,,,,,,3316
121,Australia,Australia,2010,2010.0,,243,,,,SOL,Transport Sector Development,PARD,,12/15/2010,,,,,0.0,30.0,,,30.0,DVA,,Collaborative,Bilateral,Grant,ADF Grant,3700.0,Transport and ICT,,,,,,,,12/15/2010,02/25/1976,,07/17/1976,,Sovereign,,,,,,243
148,Australia,Australia,2015,2015.0,,442,47318-001,,,TUV,Strengthened Fiscal Sustainability Program,PARD,SPSO,09/30/2015,,,,,0.0,1.1,,,1.1,DVA,PS,Collaborative,Bilateral,Grant,,3600.0,Public Sector Management,,"Public Expenditure and Fiscal Management, Reforms of State Owned Enterprises",,,,No,,09/30/2015,,,,,Sovereign,,,,,,442
154,Australia,"Australia,Australia",2015,2015.0,,458,47320-001,,,SAM,Samoa Submarine Cable,PARD,PAUS,11/20/2015,,,,,0.0,1.5,,,1.5,DVA,PS,Collaborative,Bilateral,Grant,,4000.0,Information and Communication Technology,,,,,,No,,11/20/2015,,,,,Sovereign,,,,,,458
259,Australia,Australia,2011,2011.0,2761 (CG),2761,42122-013,,,BAN,Third Primary Education Development,SARD,SAHS,07/05/2011,,,,,0.0,35.0,,,35.0,DVA,,Collaborative,Bilateral,Grant,ADF,3100.0,Education,,Pre-Primary and Basic Education,,,,,,07/05/2011,12/05/2011,,,,Sovereign,,,,,"DR 2011. para on grant cof pp 13,15.",2761
284,Australia,Australia,2014,2014.0,3123 (CG),3123/8280,47315,,,INO,Metropolitan Sanitation Management Investment,SERD,SEUW,03/31/2014,,,,,0.0,48.83,,,48.83,DVA,PS,Collaborative,Bilateral,Grant,,3800.0,Water and Other Municipal Infrastructure and Services,,Water Supply and Sanitation,,,,No,,03/31/2014,,,,,Sovereign,,,,,,3123
295,Australia,Australia,2011,2011.0,0272 (CG),G0272/0289,35174-082,,,NEP,School Sector Program,SARD,NRM,11/22/2011,,,,,0.0,15.6,,,15.6,DVA,,Collaborative,Bilateral,Grant,,3100.0,Education,,,,,,No,,11/22/2011,03/26/2012,,,,Sovereign,,,,,DR 2011. para on grant cof and new proj pp 15.,G0272
382,CIDA,Canada,2011,2011.0,2761 (CG),2761,42122-013,,,BAN,Third Primary Education Development,SARD,SAHS,07/05/2011,,,,,0.0,65.0,,,65.0,DVA,,Collaborative,Bilateral,Grant,ADF,3100.0,Education,,Pre-Primary and Basic Education,,,,No,,07/05/2011,12/05/2011,,,,Sovereign,,,,,"DR 2011. para on grant cof pp 13,15.",2761
437,China Construction Bank,"P.R.C.,China Construction Bank",2015,2015.0,,3308,47051-002,,,PRC,Chemical Industry Energy Efficiency and Emission Reduction,EARD,EAOD,10/30/2015,,,,,0.0,,81.73,,81.73,DVA,PS,Collaborative,Bilateral,Loan,,3200.0,Energy,3214,Energy Efficiency and Conservation,04/17/2015,,,No,,10/30/2015,,,,Approved,Sovereign,,,,,,3308
544,Denmark,Denmark,2011,2011.0,0272 (CG),G0272/0289,35174-082,,,NEP,School Sector Program,SARD,NRM,11/22/2011,,,,,0.0,17.9,,,17.9,DVA,,Collaborative,Bilateral,Grant,,3100.0,Education,,,,,,No,,11/22/2011,03/26/2012,,,,Sovereign,,,,Ministry of Foreign Affairs,DR 2011. para on grant cof and new proj pp 15.,G0272
558,DGT,"France,DGT",2015,2015.0,3363/3364,3363/3364/8302,40080-025,,,VIE,Ha Noi Metro Rail System(Line 3: Nhon-Ha Noi Station Section)ﾗAdditional Financing,SERD,SETC,12/10/2015,,,,,0.0,,93.5,,93.5,DVA,PS,Collaborative,Bilateral,Loan,,3700.0,Transport,,,,,,No,,12/10/2015,,,,Approved,Sovereign,,,,,,3363
570,EBRD,EBRD,2012,2012.0,,2916,46145-001,,,KAZ,CAREC Corridor 3 (Shymkent-Tashkent Section) [Link to the Western Europe-Western People's Republic of China International Transit Corridor] Road Improvement,CWRD,CWTC,10/05/2012,,,,,0.0,,196.5,,196.5,DVA,PS,Collaborative,Multilateral,Loan,,3700.0,Transport and ICT,,Road Transport,04/27/2012,,,No,,10/05/2012,,,,Approved,Sovereign,,,,,"DR 2012. line in CWRD section on New Joint Initiatives, pp 10.",2916
573,EBRD,EBRD,2014,2014.0,3150 (CG),3150,46416-002,,,ARM,Power Transmission Rehabilitation,CWRD,CWEN,07/31/2014,,,,,0.0,10.89,,,10.89,DVA,PS,Collaborative,Multilateral,Grant,,3200.0,Energy,,"Electricity Transmission and Distribution, Energy Efficiency and Conservation",,,,,,07/31/2014,,,,,Sovereign,,,,,,3150
574,EBRD,EBRD,2014,2014.0,3150 (CL),3150,46416-002,,,ARM,Power Transmission Rehabilitation,CWRD,CWEN,07/31/2014,,,,,0.0,,19.11,,19.11,DVA,PS,Collaborative,Multilateral,Loan,,3200.0,Energy,,"Electricity Transmission and Distribution, Energy Efficiency and Conservation",,,,No,,07/31/2014,,,,,Sovereign,,,,,,3150
705,EC,EC,2011,2011.0,2761 (CG),2761,42122-013,,,BAN,Third Primary Education Development,SARD,SAHS,07/05/2011,,,,,0.0,70.0,,,70.0,DVA,,Collaborative,Multilateral,Grant,ADF,3100.0,Education,,Pre-Primary and Basic Education,,,,No,,07/05/2011,12/05/2011,,,,Sovereign,,,,,"DR 2011. para on grant cof pp 13,15.",2761
711,EC,EC,2015,2015.0,,3256,42122-013,,,BAN,Third Primary Education DevelopmentﾗAdditional Financing,SARD,SAHS,05/20/2015,,,,,0.0,55.48,,,55.48,DVA,PS,Collaborative,Multilateral,Grant,,3100.0,Education,,Pre-Primary and Primary,,,,No,,05/20/2015,,,,,Sovereign,,,,"From $46.5, change in amt per Rudi van Dael memo to OCO 2 Dec 2015",,3256
714,EC,EC,2011,2011.0,0272 (CG),G0272/0289,35174-082,,,NEP,School Sector Program,SARD,NRM,11/22/2011,,,,,0.0,47.9,,,47.9,DVA,,Collaborative,Multilateral,Grant,,3100.0,Education,,,,,,No,,11/22/2011,03/26/2012,,,,Sovereign,,,,"Together with DFID, UK",DR 2011. para on grant cof and new proj pp 15.,G0272
718,EDB,EDB,2015,2015.0,,2993,42145-043,,,ARM,North-South Road Corridor Investment ProgramﾗTranche 3 ﾖ Additional Cofinancing,CWRD,CWTC,04/16/2015,,,,,0.0,,150.0,,150.0,DVA,FW,Collaborative,Multilateral,Loan,,3700.0,Transport,,,,,,Yes,,04/16/2015,,,,,Sovereign,,,,,,2993
721,EDB,EDB,2013,2013.0,,3056/0366,45169-001,,,KGZ,"Central Asia Regional Economic Cooperation Corridor 3 (Bishkek-Osh Road) Improvement, Phase 4",CWRD,CWTC,11/05/2013,,,,,0.0,,60.0,,60.0,DVA,FW,Collaborative,Multilateral,Loan,,3700.0,Transport and ICT,,Road Transport,,,,No,,11/05/2013,,,,,Sovereign,,,,,,3056
731,EIB,EIB,2014,2014.0,,0409/0410/0429,46122-003,,,MLD,Preparing Outer Islands for Sustainable Energy Development,SARD,SAEN,09/29/2014,,,,,0.0,,50.0,,50.0,DVA,PS,Collaborative,Multilateral,Loan,,3200.0,Energy,,"Conventional Energy Generation, Renewable Energy ﾖ Solar, Energy Efficiency and Conservation",,,,No,,09/29/2014,,,,,Sovereign,,,,,,0409
769,EIB,EIB,2011,2011.0,,2741,40080-013,,,VIE,Ha Noi Metro Rail System (Line 3: Nhon-Ha Noi Station Section),SERD,SETC,03/29/2011,,,,,0.0,,95.0,,95.0,DVA,,Collaborative,Multilateral,Loan,OCR,3700.0,Transport and ICT,,Urban Transport,,,,,,03/29/2011,03/13/2012,,,,Sovereign,,,,Euro 73 million,,2741
772,EIB,EIB,2015,2015.0,,2783/2784,43200-024,,,PNG,Bridge Replacement for Improved Rural Access Sector,PARD,PNRM,08/24/2015,,,,,0.0,,50.0,,50.0,DVA,PS,Collaborative,Multilateral,Loan,,3700.0,Transport,,,08/24/2015,,,No,,08/24/2015,,,,Approved,Sovereign,,,,,,2783
775,EIB,EIB,2012,2012.0,,2956,39500-033,52,,VIE,Ho Chi Minh City Urban Mass Rapid Transit Line 2 Investment Program - Tranche 2,SERD,SETC,11/27/2012,,,,,0.0,,195.0,,195.0,DVA,PS,Collaborative,Multilateral,Loan,,3700.0,Transport and ICT,,Urban Transport,,,,Yes,,11/27/2012,,,,,Sovereign,,,,Joint collaborative cofinancing,"DR 2012. para in SERD section on New Initiatives, pp 25.",2956
778,EIB,EIB,2012,2012.0,320,2966/0320,42378-015,73,,BAN,Power System Expansion and Efficiency Improvement Investment Program - Tranche 1,SARD,SAEN,12/12/2012,,,,,0.0,7.0,,,7.0,DVA,PS,Collaborative,Multilateral,Grant,,3200.0,Energy,,Energy Efficiency and Conservation,,,,,,11/28/2012,,,,,Sovereign,,,,from ADB-administered to collab following 3Feb2014 memo of SAEN,"DR 2012. para in SARD section on New Joint Initiatives, pp 20.",2966
779,EIB,EIB,2012,2012.0,2966 (CL),2966/0320,42378-015,73,,BAN,Power System Expansion and Efficiency Improvement Investment Program - Tranche 1,SARD,SAEN,12/12/2012,,,,,0.0,,91.0,,91.0,DVA,,Collaborative,Multilateral,Loan,,3200.0,Energy,,Energy Efficiency and Conservation,,,,No,,11/28/2012,,,,Approved,Sovereign,,,,,"DR 2012. para in SARD section on New Joint Initiatives, pp 20.",2966
782,EIB,EIB,2014,2014.0,2966 (CL),2966/0320,42378-015,73,,BAN,Power System Expansion and Efficiency Improvement Investment Program ﾖ Tranche 1 (Supplementary),SARD,SAEN,02/19/2014,,,,,0.0,,21.0,,21.0,DVA,PS,Collaborative,Multilateral,Loan,,3200.0,Energy,,Energy Efficiency and Conservation,,,,Yes,,02/19/2014,,,,,Sovereign,,,,,"DR 2012. para in SARD section on New Joint Initiatives, pp 20.",2966
786,EIB,EIB,2013,2013.0,,2990/2991,43281-013,,,NEP,Tanahu Hydropower,SARD,SAEN,02/21/2013,,,,,0.0,,70.0,,70.0,DVA,PS,Collaborative,Multilateral,Loan,,3200.0,Energy,,Large Hydropower,,,,No,,02/21/2013,,,,,Sovereign,,,,Joint collaborative cofinancing,,2990
787,EIB,EIB,2014,2014.0,2990 (CL),2990/2991,43281-013,,,NEP,Tanahu Hydropower,SARD,SAEN,07/18/2014,,,,,0.0,,15.0,,15.0,DVA,PS,Collaborative,Multilateral,Loan,,3200.0,Energy,,Large Hydropower,07/18/2014,,,Yes,,07/18/2014,,,,,Sovereign,,,,Joint collaborative cofinancing,,2990
790,EIB,EIB,2013,2013.0,2993 (CL),2993,42145-043,,,ARM,North-South Road Corridor Investment ProgramﾗTranche 3,CWRD,CWTC,09/27/2013,,,,,0.0,,79.2,,79.2,DVA,PS,Collaborative,Multilateral,Loan,,3700.0,Transport,,,,,,No,,09/27/2013,,,,,Sovereign,,,,,,2993
793,EIB,EIB,2015,2015.0,,3020/3021/0404,46260,,,TIM,Road Network Upgrading SectorﾗAdditional Cofinancing,PARD,PATE,11/20/2015,,,,,0.0,,50.0,,50.0,DVA,PS,Collaborative,Multilateral,Loan,,3700.0,Transport,,,,,,No,,11/20/2015,,,,,Sovereign,,,,,,3020
796,EIB,EIB,2013,2013.0,3051 (CL),3051/8292,42173-013,,,BAN,Dhaka Environmentally Sustainable Water Supply,SARD,SAUW,10/22/2013,,,,,0.0,,136.0,,136.0,DVA,PS,Collaborative,Multilateral,Loan,,3800.0,Water and Other Municipal Infrastructure and Services,,Water Supply and Sanitation,,,,No,,10/22/2013,,,,,Sovereign,,,,Revised cofin amount from $100m to $136m (ref. N Saito memo on minor change in project);  Joint collaborative cofinancing,,3051
799,EIB,EIB,2013,2013.0,,3098/3099/0380,45007-004,78,,MON,Ulaanbaatar Urban Services and Ger Areas Development Investment Program ﾗ Tranche 1,EARD,EASS,12/12/2013,,,,,0.0,,28.38,,28.38,DVA,FW,Collaborative,Multilateral,Loan,,3800.0,Water and Other Municipal Infrastructure and Services,,"Water Supply and Sanitation, Slum Upgrading and Housing, Other Municipal Services, Urban Sector Development",,,,No,,12/12/2013,,,,,Sovereign,,,,,,3098
802,EIB,EIB,2014,2014.0,3139 (CL),3139/0397/0398,44219-014,,,NEP,South Asia  Subregional Economic Cooperation Power System Expansion,SARD,SAEN,07/04/2014,,,,,0.0,,120.0,,120.0,DVA,PS,Collaborative,Multilateral,Loan,,3200.0,Energy,,"Renewable Energy, Electricity Transmission and Distribution",04/22/2014,,,No,,07/04/2014,,,,,Sovereign,,,,,,3139
805,EIB,EIB,2014,2014.0,3169 (CL),3169/3170,46168-001,,,BAN,South Asia Subregional Economic Cooperation Railway Connectivity: Akhaura-Laksam Double Track,SARD,SATC,09/30/2014,,,,,0.0,,175.0,,175.0,DVA,PS,Collaborative,Multilateral,Loan,,3700.0,Transport,,Rail Transport (Non-Urban),,,,No,,09/30/2014,,,,,Sovereign,,,,Joint collaborative cofinancing,,3169
808,EIB,EIB,2014,2014.0,,3186,46268-002,,,IND,Clean Energy Finance Investment Program ﾖ Tranche 1 ,SARD,SAPF,12/10/2014,,,,,0.0,,253.0,,253.0,DVA,PS,Collaborative,Multilateral,Loan,,3300.0,Finance,,Infrastructure Finance and Investment Funds,,,,No,,12/10/2014,,,,,Sovereign,,,,,,3186
811,EIB,EIB,2015,2015.0,471,3250/0471/8303,45041-002,,,LAO,Vientiane Sustainable Urban Transport,SERD,SETC,03/10/2015,,,,,0.0,,20.0,,20.0,DVA,PS,Collaborative,Multilateral,Loan,,3700.0,Transport,,Urban Public Transport,,,,No,,03/10/2015,,,,,Sovereign,,,,,,3250
814,EIB,EIB,2015,2015.0,3348/3349,3348/3349,45148-008,,,SRI,Greater Colombo Water and Wastewater Management Improvement Investment ProgramﾗTranche 3,SARD,SAUW,12/08/2015,,,,,0.0,,50.0,,50.0,DVA,PS,Collaborative,Multilateral,Loan,,3800.0,Water and Other Urban Infrastructure and Services,,,,,,No,,12/08/2015,,,,Approved,Sovereign,,,,,,3348
817,EIB,EIB,2015,2015.0,3363/3364,3363/3364/8302,40080-025,,,VIE,Ha Noi Metro Rail System(Line 3: Nhon-Ha Noi Station Section)ﾗAdditional Financing,SERD,SETC,12/10/2015,,,,,0.0,,77.0,,77.0,DVA,PS,Collaborative,Multilateral,Loan,,3700.0,Transport,,,,,,No,,12/10/2015,,,,Approved,Sovereign,,,,,,3363
820,Export-Import Bank of India,"India,Export-Import Bank of India",2015,2015.0,3225/3226,3225/3226,44444-013,,,BHU,Second Green Power Development,SARD,SAEN,11/01/2015,,,,,0.0,,17.16,,17.16,DVA,PS,Collaborative,Bilateral,Loan,,3200.0,Energy,,,11/01/2015,,,Yes,,11/01/2015,,,,Approved,Sovereign,,,,,,3225
848,Finland,Finland,2011,2011.0,0272 (CG),G0272/0289,35174-082,,,NEP,School Sector Program,SARD,NRM,11/22/2011,,,,,0.0,13.2,,,13.2,DVA,,Collaborative,Bilateral,Grant,,3100.0,Education,,,,,,No,,11/22/2011,03/26/2012,,,,Sovereign,,,,,DR 2011. para on grant cof and new proj pp 15.,G0272
911,AFD,France,2003,2003.0,,2014,32336,,,PRC,Western Yunnan Roads Development (Baoshan-Longling),EARD,EATC,10/28/2003,,,,,0.0,,38.0,,38.0,DVA,,Collaborative,Bilateral,Loan,OCR,3700.0,Transport and ICT,,,,,,,,10/28/2003,10/28/2004,,06/22/2009,,Sovereign,Succesful,,,Adj: $35(RRP) (Amt was changed to $38(Euro 35m) AFD approval ref P. Benedic e-mail- 19Dec03). Cofinancing Agreement-10Dec04. No fee,,2014
917,AFD,France,2011,2011.0,,2025/2747,29296-013,,,VIE,Phuoc Hoa Water Resources (Supplementary),SERD,SEAE,03/31/2011,,,,,0.0,,25.0,,25.0,DVA,,Collaborative,Bilateral,Loan,ADF,3000.0,Agriculture and Natural Resources,,,,,,Yes,,03/31/2011,09/30/2011,,,,Sovereign,,,,SUPPLEMENTARY TO LOAN 2025,,2025
920,AFD,France,2003,2003.0,,2034,34355,,,VIE,Central Region Urban Environmental Improvement,SERD,SESS,12/08/2003,,,,,0.0,,33.0,,33.0,DVA,,Collaborative,Bilateral,Loan,ADF,3800.0,Water and Other Municipal Infrastructure and Services,,,,,,,,12/08/2003,06/23/2004,,04/25/2012,,Sovereign,,,,Adj: $31.8 in RRP (Amount was changed to $33.0 (Euro 30m)  AFD approval ref e-mail from P. Benedic 19Dec03). Cofinancing Agreement signed 24-Jan-05. No fee,,2034
929,AFD,France,2004,2004.0,,2116,36432,,,PRC,Dali-Lijiang Railway,EARD,EATC,12/02/2004,,,,,0.0,,40.0,,40.0,DVA,,Collaborative,Bilateral,Loan,OCR,3700.0,Transport and ICT,,,,,,,,12/02/2004,11/14/2005,,07/09/2012,,Sovereign,Successful,,,33.5 milion Euro. Cofinancing Agreement signed on 18Jul05.  No fee,,2116
935,AFD,France,2004,2004.0,,2128,32273,,,VIE,Northern Power Transmission Sector,SERD,SEID,12/13/2004,,,,,0.0,,50.0,,50.0,DVA,,Collaborative,Bilateral,Loan,OCR,3200.0,Energy,,,,,,,,12/13/2004,12/16/2005,,05/10/2012,,Sovereign,Successful,,,,,2128
960,AFD,France,2009,2009.0,,2584,39516,,,PHI,Local Government Financing and Budget Reform Program (Subprogram 2),SERD,,11/26/2009,,,,,0.0,,216.0,,216.0,DVA,PS,Collaborative,Bilateral,Loan,OCR,3600.0,Public Sector Management,,,,,,,,11/26/2009,12/28/2009,,03/31/2010,,Sovereign,Highly successful,,,AFD will cofinance Subprogram 2 in the amount of euro 150m ($216m). MOU signed 9Oct09.,,2584
966,AFD,France,2010,2010.0,,2636,42080,,,VIE,Strengthening Water Management and Irrigation Systems Rehabilitation,SERD,,04/20/2010,,,,,0.0,,28.0,,28.0,DVA,Others,Collaborative,Bilateral,Loan,ADF,3000.0,Agriculture and Natural Resources,,,,,,,,04/20/2010,01/19/2011,,,,Sovereign,,,,MOU on collaborative cofinancing was signed 12Mar2010.,,2636
969,AFD,France,2010,2010.0,,2710-2711,37378,,,SRI,Jaffna and Kilinochchi Water Supply and Sanitation,SARD,,11/29/2010,,,,,0.0,,40.0,,40.0,DVA,FW,Collaborative,Bilateral,Loan,OCR,3800.0,Water and Other Municipal Infrastructure and Services,,,,,,,,11/29/2010,05/06/2011,,,,Sovereign,,,,Collaborative cofinancing,,2710-2711
972,AFD,France,2011,2011.0,,2741,40080-013,,,VIE,Ha Noi Metro Rail System (Line 3: Nhon-Ha Noi Station Section),SERD,SETC,03/29/2011,,,,,0.0,,30.0,,30.0,DVA,,Collaborative,Bilateral,Loan,OCR,3700.0,Transport and ICT,,Urban Transport,,,,,,03/29/2011,,,,,Sovereign,,,,Euro 110.0 million ﾀ 23.1 for joint cofinancing ($30m) ﾀ 86.9 for parallel cofinancing ($113.0m); changed to collab 29 July 2013 per email of Kat Barrameda,"DR 2011. para on FCA and new proj, pp 8,10.",2741
973,AFD,France,2011,2011.0,,2741,40080-013,,,VIE,Ha Noi Metro Rail System (Line 3: Nhon-Ha Noi Station Section),SERD,SETC,03/29/2011,,,,,0.0,,113.0,,113.0,DVA,,Collaborative,Bilateral,Loan,OCR,3700.0,Transport and ICT,,Urban Transport,,,,,,03/29/2011,03/13/2012,,,,Sovereign,,,,,,2741
974,DGT,France,2011,2011.0,,2741,40080-013,,,VIE,Ha Noi Metro Rail System (Line 3: Nhon-Ha Noi Station Section),SERD,SETC,03/29/2011,,,,,0.0,,325.0,,325.0,DVA,,Collaborative,Bilateral,Loan,OCR,3700.0,Transport and ICT,,Urban Transport,,,,,,03/29/2011,03/13/2012,,,,Sovereign,,,,,,2741
983,AFD,France,2012,2012.0,,2959,42039-035,66,,VIE,Power Transmission Investment Program - Tranche 2,SERD,SEEN,12/05/2012,,,,,0.0,,100.0,,100.0,DVA,PS,Collaborative,Bilateral,Loan,,3200.0,Energy,,Electricity Transmission and Distribution,11/29/2012,,,No,,12/05/2012,,,,,Sovereign,,,,,,2959
995,AFD,France,2013,2013.0,3068 (CL),3068,46093-004,,,INO,"Inclusive Growth through Improved Connectivity Program, Subprogram 2",SERD,IRM,11/27/2013,,,,,0.0,,100.0,,100.0,DVA,PS,Collaborative,Bilateral,Loan,,3700.0,Transport and ICT,,Transport Management and Policies,,,,No,,11/27/2013,,,,,Sovereign,,,,,,3068
998,AFD,France,2013,2013.0,3087 (CL),3087,42378-016,73,,BAN,Power System Expansion and Efficiency Improvement Investment Plan - Tranche 2,SARD,SAEN,12/09/2013,,,,,0.0,,125.0,,125.0,DVA,FW,Collaborative,Bilateral,Loan,,3200.0,Energy,,Electricity Transmission and Distribution,,,,No,,12/09/2013,,,,,Sovereign,,,,,,3087
1001,AFD,France,2014,2014.0,3111 (CL),3111,44253-013,,,PHI,Local Government Finance and Fiscal Decentralization Reform Program ﾖ  Subprogram 1,SERD,SEPF,02/13/2014,,,,,0.0,,150.0,,150.0,DVA,FW,Collaborative,Bilateral,Loan,,3600.0,Public Sector Management,,"Public Expenditure and Fiscal Management, Decentralization",,,,No,,02/13/2014,,,,,Sovereign,,,,,,3111
1008,AFD,France,2015,2015.0,,3303/8293,49043-001,,,INO,Sustainable and Inclusive Energy Program (Subprogram 1),SERD,SEEN,09/30/2015,,,,,0.0,,150.0,,150.0,DVA,FW,Collaborative,Bilateral,Loan,,3200.0,Energy,,,,,,No,,09/30/2015,,,,Approved,Sovereign,,,,,,3303
1010,AFD,"France,AFD",2015,2015.0,,3316/0455,47127-002,,,MYA,Mandalay Urban Services Improvement,SERD,SEUW,11/12/2015,,,,,0.0,,46.0,,46.0,DVA,FW,Collaborative,Bilateral,Loan,,3800.0,Water and Other Urban Infrastructure and Services,"3814, 3817, 3821, 3812",Urban Water Supply,,,,No,,11/12/2015,,,,Approved,Sovereign,,,,,,3316
1012,AFD,"France,AFD",2015,2015.0,3363/3364,3363/3364/8302,40080-025,,,VIE,Ha Noi Metro Rail System(Line 3: Nhon-Ha Noi Station Section)ﾗAdditional Financing,SERD,SETC,12/10/2015,,,,,0.0,,75.9,,75.9,DVA,FW,Collaborative,Bilateral,Loan,,3700.0,Transport,,,,,,No,,12/10/2015,,,,Approved,Sovereign,,,,,,3363
1013,DGT,"France,DGT",2015,2015.0,3363/3364,3363/3364/8302,40080-025,,,VIE,Ha Noi Metro Rail System(Line 3: Nhon-Ha Noi Station Section)ﾗAdditional Financing,SERD,SETC,12/10/2015,,,,,0.0,,93.5,,93.5,DVA,PS,Collaborative,Bilateral,Loan,,3700.0,Transport,,,,,,No,,12/10/2015,,,,Approved,Sovereign,,,,,,3363
1020,FTI,FTI,2011,2011.0,0272 (CG),G0272/0289,35174-082,,,NEP,School Sector Program,SARD,NRM,11/22/2011,,,,,0.0,70.0,,,70.0,DVA,,Collaborative,Multilateral,Grant,,3100.0,Education,,,,,,No,,11/22/2011,03/26/2012,,,,Sovereign,,,,Fast Track Inititative administered by WB,DR 2011. para on grant cof and new proj pp 15.,G0272
1265,KfW,Germany,2004,2004.0,,2095,34344,,,VIE,Small and Medium-Sized Enterprise Development Program (Subprogram I),SERD,SEGF,10/21/2004,,,,,0.0,,17.0,,17.0,DVA,,Collaborative,Bilateral,Loan,ADF,3500.0,Industry and Trade,,,,,,,,10/21/2004,04/06/2005,,12/11/2006,,Sovereign,Succesful,,,Procedural Arrangement between ADB & KfW was signed on 31May05 (Euro 14million). Dec09 adj. from non DVA to DVA,,2095
1275,KfW,Germany,2006,2006.0,2281 (CL),2281,36343,,,IND,Rural Cooperative Credit Restructuring and Development Program,SARD,SAGF,11/23/2006,,,,,0.0,,151.8,,151.8,DVA,,Collaborative,Bilateral,Loan,OCR,3300.0,Finance,,,,,,,,11/23/2006,02/21/2007,,,,Sovereign,Less than Successful,,,"KfW has earmarked at least ﾀ140m for supporting CCS reform. Of this, ﾀ10m will be reserved for TA. KfW's cf will be provided in a parallel financing arrangement. Procedural arrangement was signed 13Mar08.  $186.02 based on Partnership Brief for Germany, not $151.80 million",,2281
1278,KfW,Germany,2006,2006.0,,2284,38335,,,VIE,Small and Medium Enterprise Development Program - Subprogram II,SERD,SEGF,12/12/2006,,,,,0.0,,7.57,,7.57,DVA,PS,Collaborative,Bilateral,Loan,ADF,3500.0,Industry and Trade,,,,,,,,12/12/2006,06/05/2007,,03/31/2009,,Sovereign,Succesful,,,KfW is providing ﾀ 6 m ($7.57m) for Subprogram II.   PCR 21Dec09.,,2284
1300,KfW,Germany,2011,2011.0,2695 (CG),2695/0323,39298-013,,,BAN,City Region Development,SARD,SAUW,10/31/2011,,,,,0.0,14.86,,,14.86,DVA,,Collaborative,Bilateral,Grant,,3800.0,Water and Other Municipal Infrastructure and Services,,,,,,,,10/31/2011,09/23/2011,,,,Sovereign,,,,"Project approved in 10Nov2010, Cofinancing in 2011",,2695
1303,KfW,Germany,2010,2010.0,2696 (CG),2696,40515,,,BAN,Sustainable Rural Infrastructure Improvement,SARD,SANS,11/11/2010,,,,,0.0,15.9,,,15.9,DVA,Others,Collaborative,Bilateral,Grant,ADF,3000.0,Agriculture and Natural Resources,,,,,,,,11/11/2010,05/10/2011,,,,Sovereign,,,,KfW ero 13m grant cf parallel basis.  Collaborative grant cf.,,2696
1306,KfW,Germany,2010,2010.0,,2731,39500,,,VIE,Ho Chi Minh City Urban Mass Rapid Transit Line 2 Investment Program - Tranche 1,SERD,,12/22/2010,,,,,0.0,,36.4,,36.4,DVA,PS,Collaborative,Bilateral,Loan,OCR,3700.0,Transport and ICT,,,,,,,,12/22/2010,12/20/2011,,,,Sovereign,,,,"KfW parallel cofinancing, not administered by ADB",,2731
1309,KfW,Germany,2012,2012.0,2913 (CG),2913/0310/8258,45084-002,,,BAN,Coastal Climate-Resilient Infrastructure,SARD,SAER,09/28/2012,,,,,0.0,8.8,,,8.8,DVA,PS,Collaborative,Bilateral,Grant,,3700.0,Transport and ICT,,,,,,,,09/28/2012,,,,Approved,Sovereign,,,,,"DR 2012. para in SARD section on New Joint Initiatives, pp 21.",2913
1312,KfW,Germany,2012,2012.0,2914 (CL),2914,41627-053,MFF0023,,IND,Himachal Pradesh Clean Energy Development Investment Program - Tranche 4,SARD,SAEN,10/02/2012,,,,,0.0,,200.0,,200.0,DVA,PS,Collaborative,Bilateral,Loan,,3200.0,Energy,,Large Hydropower,,,,No,,10/02/2012,,,,Approved,Sovereign,,,,,"DR 2012. para in SARD section on New Joint Initiatives, pp 21.",2914
1315,KfW,Germany,2012,2012.0,,2956,39500-033,52,,VIE,Ho Chi Minh City Urban Mass Rapid Transit Line 2 Investment Program - Tranche 2,SERD,SETC,11/27/2012,,,,,0.0,,276.6,,276.6,DVA,PS,Collaborative,Bilateral,Loan,,3700.0,Transport and ICT,,Urban Transport,,,,Yes,,11/27/2012,,,,,Sovereign,,,,,"DR 2012. para in SERD section on New Initiatives, pp 25.",2956
1319,KfW,"Germany,KfW",2015,2015.0,,3083/8276,42362-013,,,INO,Java-Bali 500-Kilovolt Power Transmission CrossingﾗAdditional Cofinancing,SERD,SEEN,10/28/2015,,,,,0.0,,57.0,,57.0,DVA,FW,Collaborative,Bilateral,Loan,,3200.0,Energy,,Electricity Transmission and Distribution,,,,Yes,,10/28/2015,,,,,Sovereign,,,,,,3083
1325,KfW,Germany,2014,2014.0,3164 (CL),3164,48134-001,,,INO,Stepping Up Investments for Growth Acceleration Program ﾖ Subprogram 1,SERD,SEPF,09/25/2014,,,,,0.0,,200.0,,200.0,DVA,FW,Collaborative,Bilateral,Loan,,3600.0,Public Sector Management,,Public Expenditure and Fiscal Management,,,,No,,09/25/2014,,,,,Sovereign,,,,,,3164
1327,KfW,Germany,2015,2015.0,,3303/8293,49043-001,,,INO,Sustainable and Inclusive Energy Program (Subprogram 1),SERD,SEEN,09/30/2015,,,,,0.0,,200.0,,200.0,DVA,FW,Collaborative,Bilateral,Loan,,3200.0,Energy,,,,,,No,,09/30/2015,,,,Approved,Sovereign,,,,,,3303
1329,KfW,"Germany,KfW",2015,2015.0,3356,3356,49232-001,,,PRC,Beijing-Tianjin-Hebei Air Quality Improvement-Hebei Policy Reforms Program,EARD,EASS,12/10/2015,,,,,0.0,,166.65,,166.65,DVA,FW,Collaborative,Bilateral,Loan,,3200.0,Energy,,,,,,No,,12/10/2015,,,,Approved,Sovereign,,,,,,3356
1331,KfW,"Germany,KfW",2015,2015.0,,3365,44426-016,,,IND,Green Energy Corridor and Grid Strengthening,SARD,SAEN,12/09/2015,,,,,0.0,,625.0,,625.0,DVA,FW,Collaborative,Bilateral,Loan,,3200.0,Energy,3211,Electricity Transmission and Distribution,,,,No,,12/09/2015,,,,Approved,Sovereign,,,,,,3365
1333,KfW,"Germany,KfW",2015,2015.0,3374,3374,42039-036,,,VIE,Power Transmission Investment Program-Tranche 3,SERD,SEEN,12/18/2015,,,,,0.0,,71.0,,71.0,DVA,FW,Collaborative,Bilateral,Loan,,3200.0,Energy,,,,,,No,,12/18/2015,,,,Approved,Sovereign,,,,,,3374
1337,GPE,GPE,2015,2015.0,,3256,42122-013,,,BAN,Third Primary Education DevelopmentﾗAdditional Financing,SARD,SAHS,05/20/2015,,,,,0.0,100.0,,,100.0,DVA,PS,Collaborative,Multilateral,Grant,,3100.0,Education,,Pre-Primary and Primary,,,,No,,05/20/2015,,,,,Sovereign,,,,,,3256
1361,IFAD,IFAD,1982,1982.0,,0324/0612,15048,,,SRI,Kirindi Oya Irrigation and Settlement (Supp.),SARD,,12/09/1982,,,,,0.0,,6.0,,6.0,DVA,,Collaborative,Multilateral,Loan,ADF,3000.0,Agriculture and Natural Resources,,,,,,,,12/09/1982,04/21/1983,,10/03/1989,,Sovereign,PS,,,,,0324
1382,IFAD,IFAD,1981,1981.0,,526,,,,SRI,Coconut Development,SARD,SAAE,09/24/1981,,,,,0.0,,8.0,,8.0,DVA,,Collaborative,Multilateral,Loan,ADF,3000.0,Agriculture and Natural Resources,,,,,,,,09/24/1981,07/16/1982,,09/12/1989,,Sovereign,,,,,,526
1385,IFAD,IFAD,1981,1981.0,,548,,,,PHI,Smallholder Livestock Development,SERD,,11/25/1981,,,,,0.0,,8.0,,8.0,DVA,,Collaborative,Multilateral,Loan,OCR,3000.0,Agriculture and Natural Resources,,,,,,,,11/25/1981,08/19/1982,,12/04/1987,,Sovereign,,,,,,548
1388,IFAD,IFAD,1981,1981.0,,560,14049,,,NEP,Command Area Development,SARD,SAAE,12/15/1981,,,,,0.0,,11.1,,11.1,DVA,PS,Collaborative,Multilateral,Loan,OCR,3000.0,Agriculture and Natural Resources,,,,,,,,12/15/1981,08/05/1982,,05/11/1990,,Sovereign,,,,,,560
1409,IFAD,IFAD,1986,1986.0,,792,18095,,,NEP,Second Aquaculture Development,SARD,AWAR,10/09/1986,,,,,0.0,,5.0,,5.0,DVA,,Collaborative,Multilateral,Loan,ADF,3000.0,Agriculture and Natural Resources,,,,,,,,10/09/1986,09/18/1987,,11/25/1994,,Sovereign,PS,,,,,792
1412,IFAD,IFAD,1986,1986.0,,802,16115,,,PHI,Highland Agriculture Development,SERD,,11/25/1986,,,,,0.0,,4.6,,4.6,DVA,,Collaborative,Multilateral,Loan,OCR,3000.0,Agriculture and Natural Resources,,,,,,,,11/25/1986,06/22/1987,,05/11/1994,,Sovereign,,,,From multisector to Agriculture,,802
1454,IFAD,IFAD,2012,2012.0,2913 (CG),2913/0310/8258,45084-002,,,BAN,Coastal Climate-Resilient Infrastructure,SARD,SAER,09/28/2012,,,,,0.0,1.0,,,1.0,DVA,PS,Collaborative,Multilateral,Grant,,3700.0,Transport and ICT,,,,,,No,,09/28/2012,,,,Approved,Sovereign,,,,,"DR 2012. para in SARD section on New Joint Initiatives, pp 21.",2913
1455,IFAD,IFAD,2012,2012.0,2913 (CL),2913/0310/8258,45084-002,,,BAN,Coastal Climate-Resilient Infrastructure,SARD,SAER,09/28/2012,,,,,0.0,,59.0,,59.0,DVA,PS,Collaborative,Multilateral,Loan,,3700.0,Transport and ICT,,,,,,No,,09/28/2012,,,,Approved,Sovereign,,,,,"DR 2012. para in SARD section on New Joint Initiatives, pp 21.",2913
1461,IFAD,IFAD,2014,2014.0,,3198,47300-002,,,LAO,Northern Smallholder Livestock Commercialization,SERD,SEER,11/24/2014,,,,,0.0,,5.0,,5.0,DVA,PS,Collaborative,Multilateral,Loan,,3000.0,"Agriculture, Natural Resources and Rural Development",,"Rural Market Infrastructure, Livestock, Agricultural Policy, Institutional and Capacity Development",,,,No,,11/24/2014,,,,Closed/Completed,Sovereign,,,,,,3198
1462,IFAD,IFAD,2014,2014.0,,3198,47300-002,,,LAO,Northern Smallholder Livestock Commercialization,SERD,SEER,11/24/2014,,,,,0.0,5.0,,,5.0,DVA,PS,Collaborative,Multilateral,Grant,,3000.0,"Agriculture, Natural Resources and Rural Development",,"Rural Market Infrastructure, Livestock, Agricultural Policy, Institutional and Capacity Development",,,,No,,11/24/2014,,,,,Sovereign,,,,,,3198
1476,Export-Import Bank of India,"India,Export-Import Bank of India",2015,2015.0,3225/3226,3225/3226,44444-013,,,BHU,Second Green Power Development,SARD,SAEN,11/01/2015,,,,,0.0,,17.16,,17.16,DVA,PS,Collaborative,Bilateral,Loan,,3200.0,Energy,,,11/01/2015,,,Yes,,11/01/2015,,,,Approved,Sovereign,,,,,,3225
1477,State Bank of India,"India,State Bank of India",2015,2015.0,3225/3226,3225/3226,44444-013,,,BHU,Second Green Power Development,SARD,SAEN,11/01/2015,,,,,0.0,,41.66,,41.66,DVA,PS,Collaborative,Bilateral,Loan,,3200.0,Energy,,,11/01/2015,,,Yes,,11/01/2015,,,,Approved,Sovereign,,,,,,3225
1507,IsDB,IsDB,2014,2014.0,,0409/0410/0429,46122-003,,,MLD,Preparing Outer Islands for Sustainable Energy Development,SARD,SAEN,09/29/2014,,,,,0.0,,10.0,,10.0,DVA,FW,Collaborative,Multilateral,Loan,,3200.0,Energy,,"Conventional Energy Generation, Renewable Energy ﾖ Solar, Energy Efficiency and Conservation",,,,No,,09/29/2014,,,,,Sovereign,,,,,,0409
1561,IsDB,IsDB,2009,2009.0,,2562,41121,M0024,,KAZ,CAREC Transport Corridor I (Zhambyl Oblast Section)[Western Europe-Western People' Republic of China International Transit Corridor] Investment Program - Tranche 2,CWRD,CWTC,10/07/2009,,,,,0.0,,170.0,,170.0,DVA,FW,Collaborative,Multilateral,Loan,OCR,3700.0,Transport and ICT,,,,,,,,10/07/2009,04/13/2010,,,,Sovereign,,,,MFF 0024. PFR 2 (Jul09).,"DR 2011. para on FCA, pp 11.",2562
1564,IsDB,IsDB,2010,2010.0,2701 (CL),2701-2702,35049,,,BAN,Padma Multipurpose Bridge,SARD,SATC,11/25/2010,,,,,0.0,,140.0,,140.0,DVA,FW,Collaborative,Multilateral,Loan,OCR,3700.0,Transport and ICT,,,,,,,,11/25/2010,,,,,Sovereign,,,,,"DR 2010. para on new proj of the year, pp 13. DR 2011. para on FCA, pp 11.",2701-2702
1567,IsDB,IsDB,2011,2011.0,2769 (CL),2769,37113-013,,,BAN,Power System Efficiency Improvement,SARD,SAEN,08/11/2011,,,,,0.0,,200.0,,200.0,DVA,,Collaborative,Multilateral,Loan,OCR,3200.0,Energy,,,,,,No,,08/11/2011,,,,Approved,Sovereign,,,,collaborative,"DR 2011. para on FCA, pp 10.",2769
1570,IsDB,IsDB,2011,2011.0,2817 (CL),2817,38479-034,,,INO,Regional Roads Development,SERD,SETC,11/24/2011,,,,,0.0,,65.0,,65.0,DVA,,Collaborative,Multilateral,Loan,,3700.0,Transport and ICT,,,,,,No,,11/24/2011,07/03/2012,,,,Sovereign,,,,,"DR 2011. para on FCA, pp 11.",2817
1573,IsDB,IsDB,2012,2012.0,,2867/0290,43566-013,,,MLD,"Inclusive Micro, Small, and Medium-sized Enterprise Development",SARD,SAPF,05/25/2012,,,,,0.0,,10.3,,10.3,DVA,,Collaborative,Multilateral,Loan,,3500.0,Industry and Trade,,Small and Medium Enterprise Development,,,,No,,05/25/2012,,,,,Sovereign,,,,"istisna'a loan terms, a Shari'ah (Islamic law) mode of financing widely used by Islamic banks, and its terms can be up to 20 years, including a grace period of up to 5 years",,2867
1576,IsDB,IsDB,2012,2012.0,2966 (CL),2966/0320,42378-015,73,,BAN,Power System Expansion and Efficiency Improvement Investment Program - Tranche 1,SARD,SAEN,12/12/2012,,,,,0.0,,85.0,,85.0,DVA,PS,Collaborative,Multilateral,Loan,,3200.0,Energy,,Energy Efficiency and Conservation,,,,No,,11/28/2012,,,,,Sovereign,,,,Joint collaborative,"DR 2012. para in SARD section on New Joint Initiatives, pp 20.",2966
1579,IsDB,IsDB,2013,2013.0,3087 (CL),3087,42378-016,73,,BAN,Power System Expansion and Efficiency Improvement Investment Plan - Tranche 2,SARD,SAEN,12/09/2013,,,,,0.0,,220.0,,220.0,DVA,FW,Collaborative,Multilateral,Loan,,3200.0,Energy,,Electricity Transmission and Distribution,,,,No,,12/09/2013,,,,,Sovereign,,,,,,3087
1582,IsDB,IsDB,2013,2013.0,,3090/3091/3092,47094-001,,,PAK,Jamshoro Power Generation,CWRD,CWEN,12/09/2013,,,,,0.0,,150.0,,150.0,DVA,FW,Collaborative,Multilateral,Loan,,3200.0,Energy,,Conventional Energy,,,,No,,12/09/2013,,,,,Sovereign,,,,Joint collaborative cofinancing,,3090
1585,IsDB,IsDB,2014,2014.0,,3090/3091/3092,47094-001,,,PAK,Jamshoro Power Generation (Supplementary),CWRD,CWEN,02/27/2014,,,,,0.0,,70.0,,70.0,DVA,FW,Collaborative,Multilateral,Loan,,3200.0,Energy,,Conventional Energy,,,,Yes,,02/27/2014,,,,,Sovereign,,,,Joint collaborative cofinancing,,3090
1588,IsDB,IsDB,2015,2015.0,,3271,44318-026,,,UZB,Housing for Integrated Rural Development Investment ProgramﾗTranche 3,CWRD,CWPF,08/20/2015,,,,,0.0,,100.0,,100.0,DVA,FW,Collaborative,Multilateral,Loan,,3300.0,Finance,,Housing Finance,,,,No,,08/20/2015,,,,,Sovereign,,,,,,3271
1591,IsDB,IsDB,2015,2015.0,3350,3350,42378-017,,,BAN,Power System Expansion and Efficiency Improvement Investment ProgramﾗTranche 3,SARD,SAEN,12/08/2015,,,,,0.0,,220.0,,220.0,DVA,FW,Collaborative,Multilateral,Loan,,3200.0,Energy,,,07/07/2015,,,No,,12/08/2015,,,,Approved,Sovereign,,,,,,3350
1677,JBIC (ODA),Japan,1988,1988.0,,889,16116,,,PHI,Forestry Sector Program,SERD,SEAE,06/28/1988,,,,,0.0,,120.0,,120.0,DVA,,Collaborative,Bilateral,Loan,ADF,3000.0,Agriculture and Natural Resources,,,,,,,,06/28/1988,09/05/1988,,12/31/1993,,Sovereign,,,,PA 26Apr1989.,,889
1680,JBIC (non-ODA),Japan,1988,1988.0,,925,17003,,,PAK,KESC Fifth Power (Sector),CWRD,,11/24/1988,,,,,0.0,,100.0,,100.0,DVA,,Collaborative,Bilateral,Loan,OCR,3200.0,Energy,,,,,,,,11/24/1988,02/05/1990,,03/31/1998,,Sovereign,PS,,,"ADB Admin. COLA 18-Jan-90.  Total admin fee $100,000.",,925
1689,JBIC (non-ODA),Japan,1989,1989.0,,966,22265,,,INO,Tenth Road (Sector),SERD,,08/10/1989,,,,,0.0,,50.0,,50.0,DVA,,Collaborative,Bilateral,Loan,OCR,3700.0,Transport and ICT,,,,,,,,08/10/1989,11/03/1989,,10/15/1994,,Sovereign,GS,,,COLA 30Mar1990.,,966
1692,JBIC (ODA),Japan,1989,1989.0,,972,17125,,,PHI,Fisheries Sector Program,SERD,SEAE,09/26/1989,,,,,0.0,,70.0,,70.0,DVA,,Collaborative,Bilateral,Loan,OCR,3000.0,Agriculture and Natural Resources,,,,,,,,09/26/1989,11/08/1989,,12/31/1995,,Sovereign,GS,,,PA Aug91,,972
1695,JBIC (ODA),Japan,1989,1989.0,,986,22229,,,PHI,Angat Water Supply Optimization,SERD,SESS,11/14/1989,,,,,0.0,,56.89,,56.89,DVA,,Collaborative,Bilateral,Loan,OCR,3800.0,Water and Other Municipal Infrastructure and Services,,,,,,,,11/14/1989,01/24/1990,,11/14/2002,,Sovereign,PS,,,Adj Dec05 from $80 to $56.892 ($56.89).  PA 21Jun90.,,986
1698,JBIC (ODA),Japan,1989,1989.0,,997,22355,,,PNG,Agriculture Sector Program,PARD,POHQ,12/12/1989,,,,,0.0,,20.0,,20.0,DVA,,Collaborative,Bilateral,Loan,ADF,3000.0,Agriculture and Natural Resources,,,,,,,,12/12/1989,12/22/1989,,06/30/1992,,Sovereign,PS,,,PA draft on file.,,997
1713,JBIC (ODA),Japan,1990,1990.0,,1047,21176,,,PHI,Road and Road Transport Program,SERD,,11/08/1990,,,,,0.0,,100.0,,100.0,DVA,,Collaborative,Bilateral,Loan,OCR,3700.0,Transport and ICT,,,,,,,,11/08/1990,12/24/1990,,09/28/1992,,Sovereign,,,,"PCR IN 103-93, 24Jun93. PA 29May1992",,1047
1716,JBIC (ODA),Japan,1991,1991.0,,1081,25092,,,IND,Special Assistance,SARD,,04/04/1991,,,,,0.0,,150.0,,150.0,DVA,,Collaborative,Bilateral,Loan,OCR,3200.0,Energy,,,,,,,,04/04/1991,04/18/1991,,04/23/1991,,Sovereign,,,,PA 24Jan91.,,1081
1722,JBIC (ODA),Japan,1991,1991.0,,1148,25363,,,IND,Hydrocarbon Sector Program,SARD,,12/17/1991,,,,,0.0,,250.0,,250.0,DVA,,Collaborative,Bilateral,Loan,OCR,3200.0,Energy,,,,,,,,12/17/1991,12/20/1991,,09/18/1997,,Sovereign,PS,,,PA 28Feb93.,,1148
1725,JBIC (non-ODA),Japan,1992,1992.0,,1162,21064,,,PRC,Laiwu Iron & Steel Mill Modernization & Expansion,EARD,EARD,03/31/1992,,,,,0.0,,35.0,,35.0,DVA,,Collaborative,Bilateral,Loan,OCR,3500.0,Industry and Trade,,,,,,,,03/31/1992,07/24/1992,,12/21/1999,,Sovereign,S,,,COLA 28Jan1994. PCR Sep01,,1162
1749,JBIC (non-ODA),Japan,1993,1993.0,,1276,26347,,,THA,Second Erawan Gas Transmission,SERD,SEEN,12/02/1993,,,,,0.0,,70.4,,70.4,DVA,,Collaborative,Bilateral,Loan,OCR,3200.0,Energy,,,,,,,,12/02/1993,08/11/1994,,02/28/1997,,Sovereign,GS,,,"COLA 22Jun 1994, Joint cf. Adj $100 to $70.4.",,1276
1761,JBIC (ODA),Japan,1994,1994.0,1298 (CL),1298,22237,,,BAN,Jamuna Bridge,SARD,SATC,03/08/1994,,,,,0.0,,200.0,,200.0,DVA,,Collaborative,Bilateral,Loan,ADF,3700.0,Transport and ICT,,,,,,,,03/08/1994,08/12/1994,,12/19/2002,,Sovereign,HS,,,PCR Dec00. MOU coordination 16Aug94.,,1298
1803,JBIC (ODA),Japan,1996,1996.0,,1452,26362,,,NEP,"Kali Gandaki ""A"" Hydroelectric",SARD,SAID,07/23/1996,,,,,0.0,,100.6,,100.6,DVA,,Collaborative,Bilateral,Loan,ADF,3200.0,Energy,,,,,,,,07/23/1996,12/12/1996,,04/26/2004,,Sovereign,S,,,PCR sent 24May04. Adj in Dec04  JBIC from $160 to $100.6; Bank loan to be adj to check LTAA.  PA14Feb97.,,1452
1828,JBIC (ODA),Japan,1998,1998.0,,1630,29151,,,KGZ,Second Road Rehabilitation,CWRD,CWID,09/10/1998,,,,,0.0,,40.5,,40.5,DVA,,Collaborative,Bilateral,Loan,ADF,3700.0,Transport and ICT,,,,,,,,09/10/1998,03/10/1999,,02/18/2005,,Sovereign,S,,,Adj Dec05 from $40.8 to 40.5 ref PCR Aug05. PCR was sent 1Sep05. PA 26Jan99.,,1630
1831,JBIC (ODA),Japan,1998,1998.0,1647 (CL),1647,29120,,,IND,Rajasthan Urban Infrastructure Development,SARD,INRM,12/03/1998,,,,,0.0,,85.0,,85.0,DVA,,Collaborative,Bilateral,Loan,OCR,3800.0,Water and Other Municipal Infrastructure and Services,,,,,,,,12/03/1998,01/18/2000,,06/11/2009,,Sovereign,Succesful,,,Cf listed in 2004. PA 25Oct2004 (App 11Oct04). Adj. transferred from 2004 to 1998. From multisector to Water,,1647
1840,JBIC (ODA),Japan,1998,1998.0,,1654,25182,,,PHI,Secondary Education Dev. & Improvement,SERD,,12/11/1998,,,,,0.0,,59.01,,59.01,DVA,,Collaborative,Bilateral,Loan,OCR,3100.0,Education,,,,,,,,12/11/1998,05/19/1999,,10/14/2008,,Sovereign,Succesful,,,"OECF ""A"". PA 17Jan2000. PCR sent to JICA 6Jun09. Adj Dec09 from $54.3 to $59.008; ADB $53 to $32.12.  File to OAS Aug10.","DR 2012. line on big Development Partnership Results, pp1; para in SERD section on Partnership Results, pp 24.",1654
1849,JBIC (ODA),Japan,1998,1998.0,,1663-1665,30480,,,PHI,Metro Manila Air Quality Improvement Sector Dev. Program,SERD,SEOC,12/16/1998,,,,,0.0,,300.0,,300.0,DVA,,Collaborative,Bilateral,Loan,OCR,3700.0,Transport and ICT,,,,,,,,12/16/1998,12/29/1998,,11/17/2008,,Sovereign,Partly successful,,,"Under NMI. L1663 Policy loan, Bank ($200). PA 10Mar89. Formerly multisector to Transport",,1663-1665
1855,JBIC (ODA),Japan,1999,1999.0,,1675-1676,32516,,,INO,Health and Nutrition Sector Development Program (Policy Loan),SERD,SESS,03/25/1999,,,,,0.0,,300.0,,300.0,DVA,,Collaborative,Bilateral,Loan,OCR,3400.0,Health and Social Protection,,,,,,,,03/25/1999,03/25/1999,,07/28/2004,,Sovereign,S,,,"Under NMI.  Loan agreement (12Mar99), PA 23Apr99.  PCR sent 20Jul05.",,1675-1676
1858,JBIC (ODA),Japan,1999,1999.0,,1698,32421,,,THA,Agriculture Sector Program,SERD,,09/29/1999,,,,,0.0,,300.0,,300.0,DVA,,Collaborative,Bilateral,Loan,OCR,3000.0,Agriculture and Natural Resources,,,,,,,,09/29/1999,10/12/1999,,05/02/2002,,Sovereign,PS,,,Under NMI. PA30Sep99. PCR sent 20May05. Adj.Dec05 ADB loan amt from $300 to $150.,,1698
1861,JBIC (ODA),Japan,1999,1999.0,,1711,26522,,,SRI,Southern Transport Dev,SARD,SAID,11/25/1999,,,,,0.0,,180.0,,180.0,DVA,,Collaborative,Bilateral,Loan,ADF,3700.0,Transport and ICT,,,,,,,,11/25/1999,10/30/2002,,02/25/2011,,Sovereign,,,,,,1711
1868,JBIC (ODA),Japan,2000,2000.0,,1737,,,,UZB,Senior Secondary Education,CWRD,CWSS,02/08/2000,,,,,0.0,,57.0,,57.0,DVA,,Collaborative,Bilateral,Loan,OCR,3100.0,Education,,,,,,,,02/08/2000,02/01/2001,,11/23/2007,,Sovereign,Partly successful,Partly successful,,PA 2May01.  PCR Dec07.  Files sent to OAS Feb08.,,1737
1871,JBIC (ODA),Japan,2000,2000.0,,1820/8235,31624,,,NEP,Melamchi Water Supply,SARD,SASS,12/21/2000,,,,,0.0,,47.5,,47.5,DVA,,Collaborative,Bilateral,Loan,ADF,3800.0,Water and Other Municipal Infrastructure and Services,,,,,,,,12/21/2000,11/28/2001,,,,Sovereign,,,,PA 6Aug2001.  JBIC from $52 to $47.5m (ref major change in scope R19-08 Jan08). Adj in Dec08.,,1820
1878,JBIC (ODA),Japan,2002,2002.0,,1913-1914,34023,,,SRI,Plantation Development,SARD,SAAE,09/13/2002,,,,,0.0,,25.0,,25.0,DVA,,Collaborative,Bilateral,Loan,OCR,3000.0,Agriculture and Natural Resources,,,,,,,,09/13/2002,08/29/2003,,02/22/2010,,Sovereign,Succesful,,,PA 12Dec03.,,1913-1914
1881,JBIC (ODA),Japan,2002,2002.0,,1929,30207,,,SRI,Power Sector Development Program,SARD,SAID,10/31/2002,,,,,0.0,,75.0,,75.0,DVA,,Collaborative,Bilateral,Loan,OCR,3200.0,Energy,,,,,,,,10/31/2002,11/28/2002,,08/30/2006,,Sovereign,Partly successful,Partly Successful,,Not in the RRP but ML confirmed the amount in the BTOR after the approval of the loan. PA 12Dec03.,,1929
1890,JBIC (ODA),Japan,2002,2002.0,,1986/8206,31280,,,SRI,Road Sector Development,SARD,SAID,12/19/2002,,,,,0.0,,80.0,,80.0,DVA,,Collaborative,Bilateral,Loan,ADF,3700.0,Transport and ICT,,,,,,,,12/19/2002,05/22/2003,,05/14/2009,,Sovereign,Succesful,Partly Successful,,PA 12Dec03.,,1986
1911,JBIC (non-ODA),Japan,2004,2004.0,,2146,30403,,,PRC,Coal Mine Methane Development,EARD,EAEN,12/20/2004,,,,,0.0,,20.0,,20.0,DVA,,Collaborative,Bilateral,Loan,OCR,3200.0,Energy,,,,,,,,12/20/2004,10/04/2005,,01/28/2011,,Sovereign,Highly Successful,,,COLA 24May2005. Off/coord.  Each cofinancier shall apply its own procurement & disb guidelines.,"DR 2009, Case Study: From Deadly Gas to Clean Fuel pp 6-7",2146
1923,JBIC (ODA),Japan,2006,2006.0,2261 (CL),2261,37041,,,CAM,Second Power Transmission and Distribution,SERD,SEID,10/04/2006,,,,,0.0,,22.3,,22.3,DVA,,Collaborative,Bilateral,Loan,ADF,3200.0,Energy,,,,,,,,10/04/2006,01/29/2008,,,,Sovereign,,,,JBIC will provide parallel cf for the transmission & distribution line packages and part of the capacity building activities.,,2261
1926,JBIC (non-ODA),Japan,2006,2006.0,,2282,37752,,,PHI,Power Sector Development Program ,SERD,,12/08/2006,,,,,0.0,,300.0,,300.0,DVA,,Collaborative,Bilateral,Loan,OCR,3200.0,Energy,,,,,,,,12/08/2006,12/19/2006,,,,Sovereign,Successful,,,PCR Aug2010.,,2282
1935,JICA,Japan,2009,2009.0,,2450,40538,,,PHI,Development Policy Support Program (Subprogram 2),SERD,,05/08/2009,,,,,0.0,,100.0,,100.0,DVA,PS,Collaborative,Bilateral,Loan,OCR,3600.0,Public Sector Management,,,,,,,,05/08/2009,11/18/2008,,,,Sovereign,Succesful,,,"Anchor loan approved 30 Sep 2008. Ref RRP for subprogram 3. Procedural Arrangement between JICA and ADB signed 8May09 (Yen 9,293,000,000). PCR Dec2010.","DR 2009. para on JPN cof, pp 36.",2450
1938,JICA,Japan,2008,2008.0,,2451,40198,,,VIE,Ho Chi Minh City-Loan Thanh-Dau Giay Expressway Construction,SERD,,09/30/2008,,,,,0.0,,517.6,,517.6,DVA,PS,Collaborative,Bilateral,Loan,OCR,3700.0,Transport and ICT,,,,,,,,09/30/2008,06/26/2009,,,,Sovereign,,,,"JBIC (ODA) parallel cfg. JBIC will finance civil works for the HCMC-Long Thanh section, an electronic toll collection & traffic info & monitoring system and consulting services (ref RRP). PA signed 19Sep08. (now JICA)",,2451
1957,JICA,Japan,2009,2009.0,,2523,43096,,,MON,Social Sectors Support Program,EARD,EASS,06/24/2009,,,,,0.0,,30.0,,30.0,DVA,PS,Collaborative,Bilateral,Loan,ADF,3400.0,Health and Social Protection,,,,,,,,06/24/2009,07/15/2009,,,,Sovereign,Successful,,,GOJ thru JICA will provide $30m in 2009 and $20m in 2010 (ref final RRP) PA under preparation.,"DR 2009. para on JPN cof, pp 36.",2523
1960,JICA,Japan,2010,2010.0,,2545,40538,,,PHI,Development Policy Support Program (Subprogram 3),SERD,,04/14/2010,,,,,0.0,,100.0,,100.0,DVA,PS,Collaborative,Bilateral,Loan,OCR,3600.0,Public Sector Management,,,,,,,,04/14/2010,10/06/2009,,12/31/2009,,Sovereign,Succesful,,,PA was signed 14Apr2010.  PCR Dec2010. Anchor ADB project approved 15 Sep 2009,DR 2010. para on governance pp 41.,2545
1963,JICA,Japan,2010,2010.0,2560 (CL),2560,41122,M0034,,GEO,"Road Corridor Investment Program, Tranche 1",CWRD,CWTC,01/14/2010,,,,,0.0,,170.0,,170.0,DVA,Others,Collaborative,Bilateral,Loan,ADF,3700.0,Transport and ICT,,,01/14/2010,,,,,01/14/2010,12/01/2009,,,Approved,Sovereign,,,,Anchor ADB project approved 6 Oct 2009; MFF-0034. Procedural Agreement signed 14Jan2010. JICA cf for tranche 1 (ref MA's 21Jul10 email).,"DR 2010. para on RCI and on new proj, pp 28.",2560
1972,JICA,Japan,2010,2010.0,2701 (CL),2701-2702,35049,,,BAN,Padma Multipurpose Bridge,SARD,SATC,11/25/2010,,,,,0.0,,300.0,,300.0,DVA,PS,Collaborative,Bilateral,Loan,OCR,3700.0,Transport and ICT,,,,,,,,11/25/2010,,,,,Sovereign,,,,"ML agreed to sign MOU among ADB, WB, JICA (ref MA's 18Apr10 update","DR 2010. para on new proj of the year, pp 13. DR 2011. para on FCA, pp 11.",2701-2702
1978,JICA,Japan,2013,2013.0,,2730,41414-043,,,VIE,Greater Mekong Subregion Ben Luc-Long Thanh Expressway - Tranche 1,SERD,SETC,08/19/2013,,,,,0.0,,181.45,,181.45,DVA,PS,Collaborative,Bilateral,Loan,,3700.0,Transport and ICT,,Road Transport,01/25/2012,,,Yes,,08/19/2013,,,,,Sovereign,,,,PA signed 25 January 2012; SG and MJS met with Project Lead Yasushi Tanaka last 23 Aug 2013; ML advised to record PA on 19 Aug 2013 when their DG approved continuation of the MFF.  It was agreed that it will not be good to record this cofinancing for 2012 as 2012 figures have been published already.,,2730
1981,JICA,Japan,2011,2011.0,2756 (CL),2756,42171-013,,,BAN,Khulna Water Supply,SARD,SAUW,06/14/2011,,,,,0.0,,184.0,,184.0,DVA,,Collaborative,Bilateral,Loan,ADF,3800.0,Water and Other Municipal Infrastructure and Services,,,,,,,,06/14/2011,01/04/2012,,,,Sovereign,,,,,,2756
1984,JICA,Japan,2011,2011.0,2761 (CG),2761,42122-013,,,BAN,Third Primary Education Development,SARD,SAHS,07/05/2011,,,,,0.0,30.0,,,30.0,DVA,,Collaborative,Bilateral,Grant,ADF,3100.0,Education,,Pre-Primary and Basic Education,,,,No,,07/05/2011,12/05/2011,,,,Sovereign,,,,,"DR 2011. para on grant cof pp 13,15.",2761
1990,JICA,Japan,2012,2012.0,,2857/2858,45094-001,,,TIM,Road Network Upgrading,PARD,PATE,03/30/2012,,,,,0.0,,68.7,,68.7,DVA,,Collaborative,Bilateral,Loan,,3700.0,Transport and ICT,,Road Transport,,,,No,,03/30/2012,,,,,Sovereign,,,,waiting for MOU for reclassification to DVA-collab,"DR 2012. para in PARD section on New Joint Initiatives, pp 17.",2857
1993,JICA,Japan,2012,2012.0,,2872,43396-013,,,PHI,Increasing Competitiveness for Inclusive Growth Program - Subprogram 1,SERD,SEPF,06/26/2012,,,,,0.0,,100.0,,100.0,DVA,,Collaborative,Bilateral,Loan,,3600.0,Public Sector Management,,Economic and Public Affairs Management,,,,No,,06/26/2012,,,,,Sovereign,,,,"DVA-collaborative, as of 02 July no confirmation of commitment yet",,2872
1996,JICA,Japan,2013,2013.0,,2990/2991,43281-013,,,NEP,Tanahu Hydropower,SARD,SAEN,02/21/2013,,,,,0.0,,184.0,,184.0,DVA,PS,Collaborative,Bilateral,Loan,,3200.0,Energy,,Large Hydropower,,,,No,,02/21/2013,,,,,Sovereign,,,,,,2990
1999,JICA,Japan,2013,2013.0,,3025/3026,44458-013,,,UZB,Amu Bukhara Irrigation System Rehabilitation,CWRD,CWER,09/25/2013,,,,,0.0,,100.0,,100.0,DVA,,Collaborative,Bilateral,Loan,,3000.0,Agriculture and Natural Resources,,"Irrigation, Drainage, and Flood Protection",,,,No,,09/25/2013,,,,,Sovereign,,,,,,3025
2002,JICA,Japan,2013,2013.0,3045 (CL),3045/3046,42180-013,,,BAN,Second Public-Private Infrastructure Development Facility,SARD,SAPF,10/17/2013,,,,,0.0,,96.0,,96.0,DVA,Others,Collaborative,Bilateral,Loan,,3300.0,Finance,,,,,,No,,10/17/2013,,,,,Sovereign,,,,,,3045
2005,JICA,Japan,2013,2013.0,3068 (CL),3068,46093-004,,,INO,"Inclusive Growth through Improved Connectivity Program, Subprogram 2",SERD,IRM,11/27/2013,,,,,0.0,,200.0,,200.0,DVA,PS,Collaborative,Bilateral,Loan,,3700.0,Transport and ICT,,Transport Management and Policies,,,,No,,11/27/2013,,,,,Sovereign,,,,,,3068
2011,JICA,"Japan,JICA",2014,2014.0,3126 (CL),3126,47015-001,,,PAK,Sustainable Energy Sector Reform Program ﾖ Subprogram 1 (additional),CWRD,CWEN,06/04/2014,,,,,0.0,,49.0,,49.0,DVA,PS,Collaborative,Bilateral,Loan,,3200.0,Energy,,Energy Sector Development,06/04/2014,,,Yes,,06/04/2014,,,,,Sovereign,,,,,,3126
2013,JICA,Japan,2015,2015.0,,3186,46268-002,,,IND,Clean Energy Finance Investment ProgramﾗTranche 1 ,SARD,SAPF,01/16/2015,,,,,0.0,,280.0,,280.0,DVA,PS,Collaborative,Bilateral,Loan,,3300.0,Finance,,Infrastructure Finance and Investment Funds,01/16/2015,,,Yes,,01/16/2015,,,,,Sovereign,,,,,,3186
2016,JICA,"Japan,JICA",2014,2014.0,,3227/3228,47293-001,,,VIE,Improving Competitiveness Program,SERD,VRM,11/28/2014,,,,,0.0,,150.0,,150.0,DVA,PS,Collaborative,Bilateral,Loan,,3600.0,Public Sector Management,,Economic Affairs Management,,,,No,,11/28/2014,,,,,Sovereign,,,,,,3227
2018,JICA,"Japan,JICA",2016,2016.0,3260,3260,49215-001,,,NEP,Earthquake Emergency Assistance Project,SARD,NRM,03/11/2016,,,,,0.0,,115.3,,115.3,DVA,PS,Collaborative,Bilateral,Loan,,3100.0,Education,,,02/02/2016,,,Yes,,03/11/2016,,,,Approved,Sovereign,,,,JICA cofinancing amounts to 14 billion yen. The USD conversion of $115.3 was provided by SARD in their memo of 11 March 2016. ,,3260
2021,JICA,"Japan,JICA",2016,2016.0,,3321/3322,47015-002,,,PAK,Sustainable Energy Sector Reform Program - Subprogram 2 ,CWRD,CWEN,02/02/2016,,,,,0.0,,41.32,,41.32,DVA,PS,Collaborative,Bilateral,Loan,,3200.0,Energy,,Energy Sector Development and Institutional Reform,02/02/2016,,,Yes,,02/02/2016,,,,,Sovereign,,,,,,3321
2573,JBIC (non-ODA),Japan,1992,1992.0,,9999INO,,,,INO,Fourth Untied Loan (5 ADB Projects),SERD,,08/21/1992,,,,,0.0,,200.0,,200.0,DVA,,Collaborative,Bilateral,Loan,OCR,3900.0,Multisector,3900,Multisector,,,,,,08/21/1992,,,,,Sovereign,,,,,,9999INO
2576,JBIC (non-ODA),Japan,1988,1988.0,,9999INO2,,,,INO, Second Untied Loan (17 Bank Projects)  ,SERD,,08/09/1988,,,,,0.0,,576.0,,576.0,DVA,,Collaborative,Bilateral,Loan,OCR,3900.0,Multisector,3900,Multisector,,,,,,08/09/1988,,,,,Sovereign,,,,,,9999INO2
2579,JBIC (non-ODA),Japan,1989,1989.0,,9999INO3,,,,INO,Third Untied Loan (11 Bank Projects),SERD,,12/15/1989,,,,,0.0,,350.0,,350.0,DVA,,Collaborative,Bilateral,Loan,ADF,3900.0,Multisector,3900,Multisector,,,,,,12/15/1989,,,,,Sovereign,,,,,,9999INO3
2612,JICA,"Japan,JICA",2014,2014.0,3126 (CL),3126,47015-001,,,PAK,Sustainable Energy Sector Reform Program ﾖ Subprogram 1 (additional),CWRD,CWEN,06/04/2014,,,,,0.0,,49.0,,49.0,DVA,PS,Collaborative,Bilateral,Loan,,3200.0,Energy,,Energy Sector Development,06/04/2014,,,Yes,,06/04/2014,,,,,Sovereign,,,,,,3126
2616,JICA,"Japan,JICA",2014,2014.0,,3227/3228,47293-001,,,VIE,Improving Competitiveness Program,SERD,VRM,11/28/2014,,,,,0.0,,150.0,,150.0,DVA,PS,Collaborative,Bilateral,Loan,,3600.0,Public Sector Management,,Economic Affairs Management,,,,No,,11/28/2014,,,,,Sovereign,,,,,,3227
2619,JICA,"Japan,JICA",2016,2016.0,3260,3260,49215-001,,,NEP,Earthquake Emergency Assistance Project,SARD,NRM,03/11/2016,,,,,0.0,,115.3,,115.3,DVA,PS,Collaborative,Bilateral,Loan,,3100.0,Education,,,02/02/2016,,,Yes,,03/11/2016,,,,Approved,Sovereign,,,,JICA cofinancing amounts to 14 billion yen. The USD conversion of $115.3 was provided by SARD in their memo of 11 March 2016. ,,3260
2622,JICA,"Japan,JICA",2016,2016.0,,3321/3322,47015-002,,,PAK,Sustainable Energy Sector Reform Program - Subprogram 2 ,CWRD,CWEN,02/02/2016,,,,,0.0,,41.32,,41.32,DVA,PS,Collaborative,Bilateral,Loan,,3200.0,Energy,,Energy Sector Development and Institutional Reform,02/02/2016,,,Yes,,02/02/2016,,,,,Sovereign,,,,,,3321
2626,KEXIM,"Korea,KEXIM",2015,2015.0,,3047,44213-016,74,,BAN,Secondary Education Sector Investment ProgramﾗTranche 1 (Supplementary),SARD,SAHS,07/20/2015,,,,,0.0,,39.0,,39.0,DVA,FW,Collaborative,Bilateral,Loan,,3100.0,Education,3103,Upper Secondary Education,,,,Yes,,07/20/2015,,,,,Sovereign,,,,,,3047
2632,KfW,"Germany,KfW",2015,2015.0,,3083/8276,42362-013,,,INO,Java-Bali 500-Kilovolt Power Transmission CrossingﾗAdditional Cofinancing,SERD,SEEN,10/28/2015,,,,,0.0,,57.0,,57.0,DVA,FW,Collaborative,Bilateral,Loan,,3200.0,Energy,,Electricity Transmission and Distribution,,,,Yes,,10/28/2015,,,,,Sovereign,,,,,,3083
2637,KfW,"Germany,KfW",2015,2015.0,3356,3356,49232-001,,,PRC,Beijing-Tianjin-Hebei Air Quality Improvement-Hebei Policy Reforms Program,EARD,EASS,12/10/2015,,,,,0.0,,166.65,,166.65,DVA,FW,Collaborative,Bilateral,Loan,,3200.0,Energy,,,,,,No,,12/10/2015,,,,Approved,Sovereign,,,,,,3356
2640,KfW,"Germany,KfW",2015,2015.0,,3365,44426-016,,,IND,Green Energy Corridor and Grid Strengthening,SARD,SAEN,12/09/2015,,,,,0.0,,625.0,,625.0,DVA,FW,Collaborative,Bilateral,Loan,,3200.0,Energy,3211,Electricity Transmission and Distribution,,,,No,,12/09/2015,,,,Approved,Sovereign,,,,,,3365
2643,KfW,"Germany,KfW",2015,2015.0,3374,3374,42039-036,,,VIE,Power Transmission Investment Program-Tranche 3,SERD,SEEN,12/18/2015,,,,,0.0,,71.0,,71.0,DVA,FW,Collaborative,Bilateral,Loan,,3200.0,Energy,,,,,,No,,12/18/2015,,,,Approved,Sovereign,,,,,,3374
2647,KOICA,"Korea,KOICA",2013,2013.0,3047 (CG),3047,44213-016,74,,BAN,Secondary Education Sector Investment Program - Tranche 1 (Supplementary),SARD,SAHS,12/16/2013,,,,,0.0,3.5,,,3.5,DVA,,Collaborative,Bilateral,Grant,,3100.0,Education,3103,Upper Secondary Education,,,,No,,12/16/2013,,,,,Sovereign,,,,,,3047
2654,KEXIM,Korea,2010,2010.0,195,195,,,,LAO,Greater Mekong Subregion Northern Power Transmission,SERD,SEEW,01/26/2010,,,,,0.0,,37.88,,37.88,DVA,FW,Collaborative,Bilateral,Loan,ADF Grant,3200.0,Energy,,,,,,,,01/26/2010,03/05/1975,,08/20/1985,Approved,Sovereign,,,,MOU between ADB and KOR signed in Jul09.,,195
2671,KEXIM,Korea,2010,2010.0,2372(CL),2372/0095/2988/0337,36353-013,,,VIE,Greater Mekong Subregion: Southern Coastal Corridor (Cambodia and Viet Nam) (Supplementary),SERD,,12/21/2010,,,,,0.0,,70.0,,70.0,DVA,FW,Collaborative,Bilateral,Loan,ADF,3700.0,Transport and ICT,,,,,,,,12/21/2010,05/29/2008,,,,Sovereign,,,,L2372 approved in 2007.  Major change in scope approved in Feb2010.  MOU on Collaborative cfg signed 16Apr10.,"DR 2010. para on RCI and on new proj, pp 27. DR 2011. para on FCA, pp 10.",2372
2677,KEXIM,Korea,2009,2009.0,,2511/0147,41013,,,VIE,Thanh Hoa City Comprehensive Socioeconomic Development,SERD,SEID,03/05/2009,,,,,0.0,,32.7,,32.7,DVA,,Collaborative,Bilateral,Loan,ADF,3800.0,Water and Other Municipal Infrastructure and Services,,,,,,,,03/05/2009,11/09/2009,,,,Sovereign,,,,,"DR 2009. para on FCA pp 32. para on NET cof, pp 36.",2511
2680,KEXIM,Korea,2009,2009.0,2539 (CL),2539,42358,,,CAM,Greater Mekong Subregion: Cambodia Northwest Provincial Road Improvement,SERD,SETU,08/24/2009,,,,,0.0,,25.58,,25.58,DVA,FW,Collaborative,Bilateral,Loan,ADF,3700.0,Transport and ICT,,,,,,,,08/24/2009,11/25/2009,,,,Sovereign,,,,KEXIM DVA Collaborative cofinancing agreement signed 8Oct09 ($25.58m).  (Actual cofinancing from KEXIM $29.94).,DR 2009. para on FCA pp 32.,2539
2683,KEXIM,Korea,2011,2011.0,2610 (CL),2610,39595-033,,,VIE,Mong Duong 1 Thermal Power ﾖ Tranche 2,SERD,SEEN,12/05/2011,,,,,0.0,,510.0,,510.0,DVA,,Collaborative,Bilateral,Loan,,3200.0,Energy,,,,,,Yes,,12/05/2011,05/12/2011,,,,Sovereign,,,,,"DR 2011. para on project-specific cof, new proj pp 11.",2610
2686,KEXIM,Korea,2010,2010.0,2670 (CL),2670,42334,,,CAM,Rural Roads Improvement,SERD,SETU,09/23/2010,,,,,0.0,,21.0,,21.0,DVA,FW,Collaborative,Bilateral,Loan,ADF,3700.0,Transport and ICT,,,,,,,,09/23/2010,01/06/2011,,,,Sovereign,,,,Changed from 19.35 to 21 on 31 March 2016 per Financing partner and RD request based on signed collab agreement,DR 2011. para on grant cof pp 13.,2670
2689,KEXIM,Korea,2011,2011.0,2826 (CL),2826,41462-013,,,VIE,"Comprehensive Socioeconomic Urban Development in Viet Tri, Hung Yen, and Dong Dang",SERD,,12/08/2011,,,,,0.0,,13.52,,13.52,DVA,,Collaborative,Bilateral,Loan,,3700.0,Transport,,,,,,No,,12/08/2011,,,,,Sovereign,,,,,,2826
2692,KEXIM,Korea,2013,2013.0,353,3013/0353,40255-033,,,VIE,Central Mekong Delta Region Connectivity ,SERD,SETC,08/05/2013,,,,,0.0,,260.0,,260.0,DVA,FW,Collaborative,Bilateral,Loan,,3700.0,Transport and ICT,,Road Transport,,,,No,,08/05/2013,,,,,Sovereign,,,,$60 million under current FCA with KEXIM; $200 million under first FCA which has expired in 2013.,,3013
2695,KEXIM,"Korea,KEXIM",2015,2015.0,,3047,44213-016,74,,BAN,Secondary Education Sector Investment ProgramﾗTranche 1 (Supplementary),SARD,SAHS,07/20/2015,,,,,0.0,,39.0,,39.0,DVA,FW,Collaborative,Bilateral,Loan,,3100.0,Education,3103,Upper Secondary Education,,,,Yes,,07/20/2015,,,,,Sovereign,,,,,,3047
2698,KOICA,"Korea,KOICA",2013,2013.0,3047 (CG),3047,44213-016,74,,BAN,Secondary Education Sector Investment Program - Tranche 1 (Supplementary),SARD,SAHS,12/16/2013,,,,,0.0,3.5,,,3.5,DVA,,Collaborative,Bilateral,Grant,,3100.0,Education,3103,Upper Secondary Education,,,,No,,12/16/2013,,,,,Sovereign,,,,,,3047
2701,KEXIM,Korea,2014,2014.0,3119 (CL),3119/3120,42251-018,,,SRI,Skills Sector Enhancement Program,SARD,SAHS,03/28/2014,,,,,0.0,,26.0,,26.0,DVA,FW,Collaborative,Bilateral,Loan,,3100.0,Education,,Technical Education and Vocational Skills Training,,,,No,,03/28/2014,,,,,Sovereign,,,,,,3119
2704,KEXIM,Korea,2014,2014.0,3151 (CL),3151/401/402/466/467/8299/8300,42334-014,,,CAM,Rural Roads Improvement II,SERD,SETC,08/08/2014,,,,,0.0,,41.0,,41.0,DVA,FW,Collaborative,Bilateral,Loan,,3700.0,Transport,,Road Transport,,,,No,,08/08/2014,,,,,Sovereign,,,,,,3151
2727,Kuwait Fund,Kuwait,2015,2015.0,,3124/8288,33209-014,,,NEP,Community-Managed Irrigated Agriculture SectorﾗAdditional Financing,SARD,SAER,05/05/2015,,,,,0.0,,17.0,,17.0,DVA,PS,Collaborative,Bilateral,Loan,,3000.0,"Agriculture, Natural Resources and Rural Development",,,,,,No,,05/05/2015,,,,,Sovereign,,,,,,3124
2850,NDF,NDF,2010,2010.0,2670 (CG),2670,42334,,,CAM,Rural Roads Improvement,SERD,SETU,09/23/2010,,,,,0.0,5.4,,,5.4,DVA,Others,Collaborative,Multilateral,Grant,ADF,3700.0,Transport and ICT,,,,,,,,09/23/2010,01/06/2011,,,,Sovereign,,,,Collaborative grant,DR 2011. para on grant cof pp 13.,2670
2853,NDF,NDF,2011,2011.0,2789 (CG),2789,41433-013,,,VIE,Transport Connections in Northern Mountainous Provinces,SERD,SETC,09/30/2011,,,,,0.0,2.78,,,2.78,DVA,,Collaborative,Multilateral,Grant,ADF,3700.0,Transport and ICT,,Road Transport,,,,,,09/30/2011,04/16/2012,,,,Sovereign,,,,Euro 2 million,DR 2011. para on grant cof pp 13.,2789
2860,Neighbourhood Investment Facility,Neighbourhood Investment Facility,2013,2013.0,2993 (CG),2993,42145-043,,,ARM,North-South Road Corridor Investment ProgramﾗTranche 3,CWRD,CWTC,09/27/2013,,,,,0.0,7.9,,,7.9,DVA,Others,Collaborative,Multilateral,Grant,,3700.0,Transport,,,,,,Yes,,09/27/2013,,,,,Sovereign,,,,Managed by EBRD,,2993
2867,SNV Netherlands Development Organisation,Netherlands,2010,2010.0,0228 (CG),228,,,,BHU,Rural Renewable Energy Development,SARD,,10/29/2010,,,,,0.0,0.27,,,0.27,DVA,,Collaborative,Bilateral,Grant,ADF Grant,3200.0,Energy,,,,,,,,10/29/2010,01/14/1976,,05/01/1979,,Sovereign,,,,,,228
3016,New Zealand,New Zealand,2010,2010.0,,243,,,,SOL,Transport Sector Development,PARD,,12/15/2010,,,,,0.0,30.0,,,30.0,DVA,,Collaborative,Bilateral,Grant,ADF Grant,3700.0,Transport and ICT,,,,,,,,12/15/2010,,,,,Sovereign,,,,MOU signed 14 December 2012,,243
3031,New Zealand,"New Zealand,New Zealand",2014,2014.0,,416,47314-001,,,KIR,Strengthening Fiscal Stability Program,PARD,SPSO,11/28/2014,,,,,0.0,0.9,,,0.9,DVA,PS,Collaborative,Bilateral,Grant,,3600.0,Public Sector Management,,"Public Expenditure and Fiscal Management, Reforms of State Owned Enterprises",,,,No,,11/28/2014,,,,,Sovereign,,,,,,416
3034,New Zealand,New Zealand,2015,2015.0,,442,47318-001,,,TUV,Strengthened Fiscal Sustainability Program,PARD,SPSO,09/30/2015,,,,,0.0,0.4,,,0.4,DVA,PS,Collaborative,Bilateral,Grant,,3600.0,Public Sector Management,,"Public Expenditure and Fiscal Management, Reforms of State Owned Enterprises",,,,No,,09/30/2015,,,,,Sovereign,,,,,,442
3192,Norway,Norway,2011,2011.0,0272 (CG),G0272/0289,35174-082,,,NEP,School Sector Program,SARD,NRM,11/22/2011,,,,,0.0,22.4,,,22.4,DVA,,Collaborative,Bilateral,Grant,,3100.0,Education,,,,,,No,,11/22/2011,03/26/2012,,,,Sovereign,,,,,DR 2011. para on grant cof and new proj pp 15.,G0272
3430,OFID,OFID,2007,2007.0,,2196/0023,38236,,,TAJ,Dushanbe-Kyrgyz Border Road Rehabilitation Phase II,CWRD,,12/04/2007,,,,,0.0,,3.5,,3.5,DVA,,Collaborative,Multilateral,Loan,ADF,3700.0,Transport and ICT,,,,,,,,12/04/2007,03/13/2006,,11/16/2010,,Sovereign,,,,Loan approved in 17 Nov 2005 OFID app 4Dec07. ADB advised OFID on 13 Oct 2008 that administering the OFID loan would be difficult; suggested direct administration of loan.,,2196
3509,PRIF,PRIF,2010,2010.0,2718 (CG),2718,44281-013,,,KIR,Road Rehabilitation,PARD,SPSO,12/10/2010,,,,,0.0,4.61,,,4.61,DVA,Others,Collaborative,Multilateral,Grant,ADF,3700.0,Transport and ICT,,,,,,,,12/10/2010,08/26/2011,,,,Sovereign,,,,Multidonor. Collaborative grant $4.61; managed by WB,"DR 2010. para on new proj of the year, pp 14.",2718
3512,PRIF,PriF,2015,2015.0,,2718,44281-013,,,KIR,Road Rehabilitation (Supplementary),PARD,SPSO,06/23/2015,,,,,0.0,7.0,,,7.0,DVA,PS,Collaborative,Multilateral,Grant,ADF,3700.0,Transport,,,,,,Yes,,06/23/2015,,,,,Sovereign,,,,,"DR 2010. para on new proj of the year, pp 14.",2718
3525,China Construction Bank Corporation,P.R.C.,2012,2012.0,,2962,43031-013,,,PRC,Hunan Xiangjiang Inland Waterway Transport,EARD,EATC,12/07/2012,,,,,0.0,,65.4,,65.4,DVA,PS,Collaborative,Bilateral,Loan,,3700.0,Transport and ICT,,Water Transport,,,,No,,12/07/2012,,,,,Sovereign,,,,"MOU collab cof  signed between ADB project officer Xiaohong Yang and Tao He, VP Changsha, Tieying BRanch, CCB.  ref email: H Carnecer to MJS 25 Jan 2013.",,2962
3528,Export-Import Bank of China,P.R.C.,2013,2013.0,3075,3075,46058-002,,,PRC,Qinghai Delingha Concentrated Solar Thermal Power,EARD,EAEN,12/02/2013,,,,,0.0,,75.58,,75.58,DVA,PS,Collaborative,Bilateral,Loan,,3200.0,Energy,,Renewable Energy,,,,No,,12/02/2013,,,,,Sovereign,,,,,,3075
3531,SPDB,"P.R.C.,SpDB",2014,2014.0,,3218,47052-002,,,PRC,Low-Carbon District Heating Project in Hohhot in Inner Mongolia Autonomous Region,EARD,EAEN,12/09/2014,,,,,0.0,,162.38,,162.38,DVA,PS,Collaborative,Bilateral,Loan,,3200.0,Energy,,Energy Utility Services,,,,No,,12/09/2014,,,,,Sovereign,,,,Shanghai Pudong Development Bank - other concessional cofinancing,,3218
3534,China Construction Bank,"P.R.C.,China Construction Bank",2015,2015.0,,3308,47051-002,,,PRC,Chemical Industry Energy Efficiency and Emission Reduction,EARD,EAOD,10/30/2015,,,,,0.0,,81.73,,81.73,DVA,PS,Collaborative,Bilateral,Loan,,3200.0,Energy,3214,Energy Efficiency and Conservation,04/17/2015,,,No,,10/30/2015,,,,Approved,Sovereign,,,,,,3308
3652,SPDB,"P.R.C.,SpDB",2014,2014.0,,3218,47052-002,,,PRC,Low-Carbon District Heating Project in Hohhot in Inner Mongolia Autonomous Region,EARD,EAEN,12/09/2014,,,,,0.0,,162.38,,162.38,DVA,PS,Collaborative,Bilateral,Loan,,3200.0,Energy,,Energy Utility Services,,,,No,,12/09/2014,,,,,Sovereign,,,,Shanghai Pudong Development Bank - other concessional cofinancing,,3218
3659,State Bank of India,"India,State Bank of India",2015,2015.0,3225/3226,3225/3226,44444-013,,,BHU,Second Green Power Development,SARD,SAEN,11/01/2015,,,,,0.0,,41.66,,41.66,DVA,PS,Collaborative,Bilateral,Loan,,3200.0,Energy,,,11/01/2015,,,Yes,,11/01/2015,,,,Approved,Sovereign,,,,,,3225
3715,Sida,Sweden,2011,2011.0,2761 (CG),2761,42122-013,,,BAN,Third Primary Education Development,SARD,SAHS,07/05/2011,,,,,0.0,45.0,,,45.0,DVA,,Collaborative,Bilateral,Grant,ADF,3100.0,Education,,Pre-Primary and Basic Education,,,,No,,07/05/2011,12/05/2011,,,,Sovereign,,,,,"DR 2011. para on grant cof pp 13,15.",2761
3786,SDC,Switzerland,2011,2011.0,2796 (CG),2796/0267/8257,38426-023,,,NEP,Decentralized Rural Infrastructure and Livelihood (Additional Financing),SARD,SAER,10/31/2011,,,,,0.0,7.06,,,7.06,DVA,,Collaborative,Bilateral,Grant,"ADF,ADF Grant",3700.0,Transport and ICT,,,,,,,,10/31/2011,04/23/2012,,,,Sovereign,,,,Swiss Agency for Development and Cooperation,,2796
3793,International Cooperation and Development Fund (ICDF),"Taipei,China",1992,1992.0,,1211,23132,,,PNG,Third Urban Water Supply,PARD,,12/15/1992,,,,,0.0,,6.7,,6.7,DVA,,Collaborative,Bilateral,Loan,OCR,3800.0,Water and Other Municipal Infrastructure and Services,,,,,,,,12/15/1992,12/07/1994,,08/09/2002,,Sovereign,S,,,,,1211
3849,UFRD,"Uzbekistan,UFRD",2014,2014.0,,3141,45306-001,,,UZB,Takhiatash Power Plant Efficiency Improvement,CWRD,CWEN,12/05/2014,,,,,0.0,,270.0,,270.0,DVA,,Collaborative,Bilateral,Loan,,3200.0,Energy,,"Conventional Energy Generation, Energy Sector Development and Institutional Reform, Energy Efficiency and Conservation",,,,No,,12/05/2014,,,,,Sovereign,,,,Uzbekistan Fund for Reconstruction and Development - other concessional cofinancing,,3141
4094,UNICEF,UNICEF,2011,2011.0,2761 (CG),2761,42122-013,,,BAN,Third Primary Education Development,SARD,SAHS,07/05/2011,,,,,0.0,0.5,,,0.5,DVA,,Collaborative,Multilateral,Grant,ADF,3100.0,Education,,Pre-Primary and Basic Education,,,,No,,07/05/2011,12/05/2011,,,,Sovereign,,,,,"DR 2011. para on grant cof pp 13,15.",2761
4097,UNICEF,UNICEF,2015,2015.0,,3256,42122-013,,,BAN,Third Primary Education DevelopmentﾗAdditional Financing,SARD,SAHS,05/20/2015,,,,,0.0,0.1,,,0.1,DVA,PS,Collaborative,Multilateral,Grant,,3100.0,Education,,Pre-Primary and Primary,,,,No,,05/20/2015,,,,,Sovereign,,,,,,3256
4099,UNICEF,UNICEF,2011,2011.0,0272 (CG),G0272/0289,35174-082,,,NEP,School Sector Program,SARD,NRM,11/22/2011,,,,,0.0,1.0,,,1.0,DVA,,Collaborative,Multilateral,Grant,,3100.0,Education,,,,,,No,,11/22/2011,03/26/2012,,,,Sovereign,,,,,DR 2011. para on grant cof and new proj pp 15.,G0272
4114,UFRD,"Uzbekistan,UFRD",2014,2014.0,,3141,45306-001,,,UZB,Takhiatash Power Plant Efficiency Improvement,CWRD,CWEN,12/05/2014,,,,,0.0,,270.0,,270.0,DVA,,Collaborative,Bilateral,Loan,,3200.0,Energy,,"Conventional Energy Generation, Energy Sector Development and Institutional Reform, Energy Efficiency and Conservation",,,,No,,12/05/2014,,,,,Sovereign,,,,Uzbekistan Fund for Reconstruction and Development - other concessional cofinancing,,3141
4116,UFRD,Uzbekistan,2015,2015.0,,3286,41340-015,,,UZB,Advanced Electricity Metering Phase 4,CWRD,CWEN,09/18/2015,,,,,0.0,,70.0,,70.0,DVA,PS,Collaborative,Bilateral,Loan,,3200.0,Energy,,Electricity Transmission and Distribution,,,,No,,09/18/2015,,,,,Sovereign,,,,,,3286
4275,DFID,U.K.,2011,2011.0,2761 (CG),2761,42122-013,,,BAN,Third Primary Education Development,SARD,SAHS,07/05/2011,,,,,0.0,190.0,,,190.0,DVA,,Collaborative,Bilateral,Grant,ADF,3100.0,Education,,Pre-Primary and Basic Education,,,,No,,07/05/2011,,,,,Sovereign,,,,,"DR 2011. para on grant cof pp 13,15.",2761
4295,DFID,U.K.,2011,2011.0,0272 (CG),G0272/0289,35174-082,,,NEP,School Sector Program,SARD,NRM,11/22/2011,,,,,0.0,4.0,,,4.0,DVA,,Collaborative,Bilateral,Grant,,3100.0,Education,,,,,,No,,11/22/2011,03/26/2012,,,,Sovereign,,,,,DR 2011. para on grant cof and new proj pp 15.,G0272
4377,WHO,WHO,2012,2012.0,,2963,45009-002,,,MON,Fifth Health Sector Development,EARD,EASS,12/10/2012,,,,,0.0,0.48,,,0.48,DVA,PS,Collaborative,Multilateral,Grant,,3400.0,Health and Social Protection,,Health Systems,,,,No,,12/10/2012,,,,,Sovereign,,,,,"DR 2012. para in EARD section on New Joint Initiatives, pp 12.",2963
4402,World Bank,World Bank,2014,2014.0,,416,47314-001,,,KIR,Strengthening Fiscal Stability Program,PARD,SPSO,11/28/2014,,,,,0.0,8.2,,,8.2,DVA,PS,Collaborative,Multilateral,Grant,,3600.0,Public Sector Management,,"Public Expenditure and Fiscal Management, Reforms of State Owned Enterprises",,,,No,,11/28/2014,,,,,Sovereign,,,,,,416
4405,World Bank,World Bank,2015,2015.0,,442,47318-001,,,TUV,Strengthened Fiscal Sustainability Program,PARD,SPSO,09/30/2015,,,,,0.0,1.5,,,1.5,DVA,PS,Collaborative,Multilateral,Grant,,3600.0,Public Sector Management,,"Public Expenditure and Fiscal Management, Reforms of State Owned Enterprises",,,,No,,09/30/2015,,,,,Sovereign,,,,,,442
4411,World Bank,World Bank,2015,2015.0,,458,47320-001,,,SAM,Samoa Submarine Cable,PARD,PAUS,11/20/2015,,,,,0.0,16.0,,,16.0,DVA,PS,Collaborative,Multilateral,Grant,,4000.0,Information and Communication Technology,,,,,,No,,11/20/2015,,,,,Sovereign,,,,,,458
4714,World Bank,World Bank,2009,2009.0,,2562,41121,M0024,,KAZ,CAREC Transport Corridor I (Zhambyl Oblast Section)[Western Europe-Western People' Republic of China International Transit Corridor] Investment Program - Tranche 2,CWRD,CWTC,10/07/2009,,,,,0.0,,2125.0,,2125.0,DVA,Others,Collaborative,Multilateral,Loan,OCR,3700.0,Transport and ICT,,,,,,,,10/07/2009,04/13/2010,,,,Sovereign,,,,Ref PFR,"DR 2011. para on FCA, pp 11.",2562
4720,World Bank,World Bank,2010,2010.0,2701 (CL),2701-2702,35049,,,BAN,Padma Multipurpose Bridge,SARD,SATC,11/25/2010,,,,,0.0,,1200.0,,1200.0,DVA,PS,Collaborative,Multilateral,Loan,OCR,3700.0,Transport and ICT,,,,,,,,11/25/2010,,,,,Sovereign,,,,,"DR 2010. para on new proj of the year, pp 13. DR 2011. para on FCA, pp 11.",2701-2702
4726,World Bank,World Bank,2010,2010.0,,2718,44281-013,,,KIR,Road Rehabilitation,PARD,SPSO,12/10/2010,,,,,0.0,16.0,,,16.0,DVA,PS,Collaborative,Multilateral,Grant,ADF,3700.0,Transport and ICT,,,,,,,,12/10/2010,08/26/2011,,,,Sovereign,,,,Collaborative loan $16.0m.,"DR 2010. para on new proj of the year, pp 14.",2718
4729,World Bank,World Bank,2015,2015.0,,2718,44281-013,,,KIR,Road Rehabilitation (Supplementary),PARD,SPSO,06/23/2015,,,,,0.0,6.0,,,6.0,DVA,PS,Collaborative,Multilateral,Grant,ADF,3700.0,Transport,,,,,,Yes,,06/23/2015,,,,,Sovereign,,,,"change classification of WB cof from ""grant"" to ""loan"" per final SOP. ","DR 2010. para on new proj of the year, pp 14.",2718
4738,World Bank,World Bank,2011,2011.0,2761 (CL),2761,42122-013,,,BAN,Third Primary Education Development,SARD,SAHS,07/05/2011,,,,,0.0,,300.0,,300.0,DVA,,Collaborative,Multilateral,Loan,ADF,3100.0,Education,,Pre-Primary and Basic Education,,,,No,,07/05/2011,12/05/2011,,,,Sovereign,,,,,"DR 2011. para on grant cof pp 13,15.",2761
4744,World Bank,World Bank,2013,2013.0,,3008/3009,39293-037,,,SRI,Education Sector Development Program,SARD,SAHS,06/27/2013,,,,,0.0,,100.0,,100.0,DVA,PS,Collaborative,Multilateral,Loan,,3100.0,Education,,Education Sector Development,,,,No,,06/27/2013,,,,,Sovereign,,,,,,3008
4747,World Bank,World Bank,2013,2013.0,3045 (CL),3045/3046,42180-013,,,BAN,Second Public-Private Infrastructure Development Facility,SARD,SAPF,10/17/2013,,,,,0.0,,99.5,,99.5,DVA,Others,Collaborative,Multilateral,Loan,,3300.0,Finance,,,,,,No,,10/17/2013,,,,,Sovereign,,,,,,3045
4750,World Bank,World Bank,2013,2013.0,3047 (CL),3047,44213-016,74,,BAN,Secondary Education Sector Investment Program - Tranche 1,SARD,SAHS,10/21/2013,,,,,0.0,,100.0,,100.0,DVA,Others,Collaborative,Multilateral,Loan,,3100.0,Education,3103,Upper Secondary Education,,,,No,,10/21/2013,,,,,Sovereign,,,,,,3047
4753,World Bank,World Bank,2013,2013.0,3068 (CL),3068,46093-004,,,INO,"Inclusive Growth through Improved Connectivity Program, Subprogram 2",SERD,IRM,11/27/2013,,,,,0.0,,300.0,,300.0,DVA,PS,Collaborative,Multilateral,Loan,,3700.0,Transport and ICT,,Transport Management and Policies,,,,No,,11/27/2013,,,,,Sovereign,,,,,,3068
4756,World Bank,World Bank,2014,2014.0,,3100/0472,46420-002,,,PHI,KALAHI-CIDSS National Community-Driven Development,SERD,SEHS,06/23/2014,,,,,0.0,,479.0,,479.0,DVA,PS,Collaborative,Multilateral,Loan,,3100.0,Education,,,,,,,,06/23/2014,,,,Approved,Sovereign,,,,,,3100
4759,World Bank,World Bank,2014,2014.0,3119 (CL2),3119/3120,42251-018,,,SRI,Skills Sector Enhancement Program,SARD,SAHS,03/28/2014,,,,,0.0,,100.0,,100.0,DVA,PS,Collaborative,Multilateral,Loan,,3100.0,Education,,Technical Education and Vocational Skills Training,,,,No,,03/28/2014,,,,,Sovereign,,,,,,3119
4762,World Bank,World Bank,2014,2014.0,3126 (CL),3126,47015-001,,,PAK,Sustainable Energy Sector Reform Program ﾖ Subprogram 1,CWRD,CWEN,04/24/2014,,,,,0.0,,600.0,,600.0,DVA,,Collaborative,Multilateral,Loan,,3200.0,Energy,,Energy Sector Development,,,,No,,04/24/2014,,,,Approved,Sovereign,,,,,,3126
4768,World Bank,World Bank,2014,2014.0,,3227/3228,47293-001,,,VIE,Improving Competitiveness Program,SERD,VRM,11/28/2014,,,,,0.0,,250.0,,250.0,DVA,PS,Collaborative,Multilateral,Loan,,3600.0,Public Sector Management,,Economic Affairs Management,,,,No,,11/28/2014,,,,,Sovereign,,,,,,3227
4771,World Bank,World Bank,2015,2015.0,,3256,42122-013,,,BAN,Third Primary Education DevelopmentﾗAdditional Financing,SARD,SAHS,05/20/2015,,,,,0.0,,400.0,,400.0,DVA,PS,Collaborative,Multilateral,Loan,,3100.0,Education,,Pre-Primary and Primary,,,,No,,05/20/2015,,,,,Sovereign,,,,,,3256
4774,World Bank,World Bank,2015,2015.0,,3279/3280,47137-003,,,LAO,Health Sector Governance Program,SERD,SEHS,09/18/2015,,,,,0.0,,13.2,,13.2,DVA,PS,Collaborative,Multilateral,Loan,,3400.0,Health,,,,,,No,,09/18/2015,,,,Approved,Sovereign,,,,,,3279
4775,World Bank,World Bank,2015,2015.0,,3279/3280,47137-003,,,LAO,Health Sector Governance Program,SERD,SEHS,09/18/2015,,,,,0.0,13.2,,,13.2,DVA,PS,Collaborative,Multilateral,Grant,,3400.0,Health,,,,,,No,,09/18/2015,,,,Approved,Sovereign,,,,,,3279
4778,World Bank,World Bank,2015,2015.0,,3303/8293,49043-001,,,INO,Sustainable and Inclusive Energy Program (Subprogram 1),SERD,SEEN,09/30/2015,,,,,0.0,,500.0,,500.0,DVA,,Collaborative,Multilateral,Loan,,3200.0,Energy,,,,,,No,,09/30/2015,,,,,Sovereign,,,,,,3303
4781,World Bank,World Bank,2015,2015.0,,3320,44213-017,,,BAN,Secondary Education Sector Investment ProgramﾗTranche 2,SARD,SAHS,11/20/2015,,,,,0.0,,265.0,,265.0,DVA,PS,Collaborative,Multilateral,Loan,,3100.0,Education,3113,Education Sector Development,,,,No,,11/20/2015,,,,,Sovereign,,,,,,3320
4784,World Bank,World Bank,2015,2015.0,,3321/3322,47015-002,,,PAK,Sustainable Energy Sector Reform ProgramﾗTranche 2 ,CWRD,CWEN,11/20/2015,,,,,0.0,,500.0,,500.0,DVA,PS,Collaborative,Multilateral,Loan,,3100.0,Energy,,,11/20/2015,,,Yes,,11/20/2015,,,,Approved,Sovereign,,,,,,3321
4787,World Bank,World Bank,2015,2015.0,8297,3339/8297,49080-001,,,INO,Electricity Grid StrengtheningﾗSumatra Program,SERD,SEEN,12/02/2015,,,,,0.0,,500.0,,500.0,DVA,PS,Collaborative,Multilateral,Loan,,3200.0,Energy,,,,,,No,,12/02/2015,,,,Approved,Sovereign,,,,,,3339
4790,World Bank,World Bank,2015,2015.0,3346/3347,3346/3347,46382,,,PAL,North Pacific Regional Connectivity InvestmentﾗAdditional Financing,PARD,PAUS,12/11/2015,,,,,0.0,,22.5,,22.5,DVA,PS,Collaborative,Multilateral,Loan,,4000.0,Information and Communication Technology,,,,,,Yes,,12/11/2015,,,,Approved,Sovereign,,,,,,3346
4796,World Bank,World Bank,2011,2011.0,256,G0256,44170,,,TON,Tonga-Fiji Submarine Cable,PARD,PAUS,08/23/2011,,,,,0.0,16.5,,,16.5,DVA,,Collaborative,Multilateral,Grant,,3700.0,Transport and ICT,,ICT,,,,No,,08/23/2011,12/21/2011,,,,Sovereign,,,,"from WB-IDA. Gi Soon Song (PARD), Taisuke Miyao (COSO) and Johannes Versantvoort (OGC) got a Cofin award 2011 for preparing the project jointly with WB, and successfully overcoming significant difficulties with respect to joint procurement",,G0256
4799,World Bank,World Bank,2011,2011.0,0272 (CG),G0272/0289,35174-082,,,NEP,School Sector Program,SARD,NRM,11/22/2011,,,,,0.0,72.5,,,72.5,DVA,,Collaborative,Multilateral,Grant,,3100.0,Education,,,,,,No,,11/22/2011,03/26/2012,,,,Sovereign,,,,,DR 2011. para on grant cof and new proj pp 15.,G0272
